txn_id,scheme_code,txn_date,txn_type,amount,units,nav,investor_id,state,kyc_status,folio_no
TXN100000,120465,2021-02-16,SIP,25000.0,136.2965,388.8616,INV3160,Kerala,KYC_VERIFIED,FOLIO406962
TXN100001,118890,2021-03-23,SIP,1000.0,160.0623,349.9123,INV2635,West Bengal,KYC_VERIFIED,FOLIO980144
TXN100002,118890,2021-08-31,Lumpsum,25000.0,13.515,320.2679,INV3509,West Bengal,KYC_VERIFIED,FOLIO219128
TXN100003,118632,2022-11-30,Lumpsum,5000.0,149.6214,369.0069,INV1138,Delhi,KYC_VERIFIED,FOLIO684711
TXN100004,120465,2020-02-20,SIP,25000.0,26.0157,147.5859,INV9813,Kerala,KYC_VERIFIED,FOLIO887871
TXN100005,120841,2021-03-12,SIP,10000.0,32.9774,224.7756,INV1773,Maharashtra,KYC_PENDING,FOLIO808905
TXN100006,118551,2023-10-12,Lumpsum,50000.0,4.3524,313.5582,INV1986,Karnataka,KYC_PENDING,FOLIO389512
TXN100007,118890,2024-01-05,Lumpsum,1000.0,126.4248,59.2395,INV8448,Delhi,KYC_REJECTED,FOLIO642490
TXN100008,119386,2021-07-16,Lumpsum,500.0,195.3815,212.8519,INV6958,Gujarat,KYC_VERIFIED,FOLIO969039
TXN100009,118551,2023-07-20,Lumpsum,1000.0,165.6451,246.8548,INV1899,Rajasthan,KYC_PENDING,FOLIO705226
TXN100010,119775,2020-02-03,Lumpsum,50000.0,150.6073,473.9427,INV3481,Tamil Nadu,KYC_VERIFIED,FOLIO567975
TXN100011,120178,2020-10-29,Lumpsum,1000.0,83.9308,274.2225,INV9933,Maharashtra,KYC_VERIFIED,FOLIO253495
TXN100012,120712,2024-03-08,Lumpsum,25000.0,69.8228,481.9994,INV5621,Karnataka,KYC_VERIFIED,FOLIO671356
TXN100013,119386,2024-06-25,Redemption,10000.0,122.3118,47.7934,INV7820,Rajasthan,KYC_VERIFIED,FOLIO261866
TXN100014,119551,2023-06-22,Lumpsum,5000.0,71.746,35.0559,INV2758,Telangana,KYC_VERIFIED,FOLIO226033
TXN100016,120841,2021-06-29,Lumpsum,50000.0,77.7767,260.2416,INV5976,Delhi,KYC_VERIFIED,FOLIO484582
TXN100017,125497,2022-06-16,Lumpsum,50000.0,144.2582,479.7418,INV5257,West Bengal,KYC_VERIFIED,FOLIO102548
TXN100018,120333,2020-08-04,Redemption,5000.0,169.5096,45.033,INV3108,Kerala,KYC_VERIFIED,FOLIO264791
TXN100019,120594,2022-10-05,SIP,1000.0,99.4832,115.5053,INV6280,Karnataka,KYC_VERIFIED,FOLIO541402
TXN100021,118890,2020-08-24,SIP,50000.0,137.6766,32.0619,INV4513,Maharashtra,KYC_VERIFIED,FOLIO745249
TXN100022,119092,2024-07-26,SIP,25000.0,113.5343,220.1615,INV5902,Kerala,KYC_VERIFIED,FOLIO831955
TXN100023,120333,2023-05-04,Lumpsum,500.0,11.8822,107.1988,INV1196,Kerala,KYC_VERIFIED,FOLIO689695
TXN100024,119203,2021-08-17,Lumpsum,50000.0,19.5282,390.5929,INV4984,Gujarat,KYC_VERIFIED,FOLIO725095
TXN100025,125497,2024-01-01,SIP,500.0,64.4725,263.3118,INV7943,Tamil Nadu,KYC_VERIFIED,FOLIO645797
TXN100026,118825,2023-01-30,Redemption,5000.0,175.7359,362.0715,INV8290,Karnataka,KYC_VERIFIED,FOLIO151654
TXN100027,118989,2023-12-28,Lumpsum,50000.0,6.488,369.8377,INV6429,Karnataka,KYC_PENDING,FOLIO217660
TXN100028,118712,2024-09-27,SIP,10000.0,107.0417,305.0109,INV1063,Gujarat,KYC_VERIFIED,FOLIO636042
TXN100029,118890,2020-04-08,Lumpsum,10000.0,39.0736,496.28,INV3815,Gujarat,KYC_VERIFIED,FOLIO948307
TXN100030,118890,2021-04-20,SIP,25000.0,85.0994,484.2161,INV3521,Kerala,KYC_VERIFIED,FOLIO241499
TXN100031,119551,2020-08-07,SIP,2000.0,75.2852,441.9688,INV9884,Karnataka,KYC_REJECTED,FOLIO467327
TXN100032,118890,2023-04-07,SIP,500.0,96.3301,34.3671,INV7077,Delhi,KYC_PENDING,FOLIO421195
TXN100033,119092,2022-06-17,Lumpsum,25000.0,133.2975,483.1859,INV1899,Telangana,KYC_PENDING,FOLIO688737
TXN100034,118890,2024-12-16,Lumpsum,10000.0,156.6705,25.6727,INV9825,Gujarat,KYC_VERIFIED,FOLIO424562
TXN100035,120333,2022-08-17,SIP,2000.0,186.3802,53.5452,INV6529,Telangana,KYC_VERIFIED,FOLIO958456
TXN100036,120712,2021-09-24,Lumpsum,10000.0,68.9538,344.4428,INV2389,Telangana,KYC_VERIFIED,FOLIO213656
TXN100037,118632,2022-06-22,SIP,500.0,98.6795,77.3915,INV1470,Rajasthan,KYC_VERIFIED,FOLIO386736
TXN100038,125497,2024-09-27,SIP,25000.0,1.129,288.3319,INV1334,Karnataka,KYC_VERIFIED,FOLIO498140
TXN100039,119775,2024-05-03,Lumpsum,10000.0,54.2634,324.9695,INV6703,Tamil Nadu,KYC_VERIFIED,FOLIO956677
TXN100040,118989,2024-01-30,Lumpsum,1000.0,31.4685,450.4448,INV3891,Maharashtra,KYC_VERIFIED,FOLIO781303
TXN100041,119551,2021-05-28,SIP,10000.0,172.6924,413.0772,INV6587,Kerala,KYC_VERIFIED,FOLIO716647
TXN100042,119775,2020-10-30,Lumpsum,10000.0,99.897,48.1917,INV8808,Kerala,KYC_VERIFIED,FOLIO667335
TXN100043,125497,2020-07-06,Lumpsum,1000.0,146.8791,84.8065,INV6192,Telangana,KYC_VERIFIED,FOLIO464144
TXN100044,125497,2021-04-02,SIP,10000.0,47.4894,112.4726,INV7261,Maharashtra,KYC_VERIFIED,FOLIO539220
TXN100045,119092,2022-02-15,SIP,1000.0,36.3871,288.3825,INV6126,Rajasthan,KYC_VERIFIED,FOLIO302899
TXN100046,120503,2024-06-11,Lumpsum,25000.0,130.5689,147.9269,INV4707,Karnataka,KYC_VERIFIED,FOLIO411058
TXN100047,119386,2023-03-27,SIP,10000.0,70.3159,402.3663,INV9775,Gujarat,KYC_VERIFIED,FOLIO603060
TXN100048,119092,2020-04-07,SIP,10000.0,60.2256,350.7844,INV1767,Telangana,KYC_VERIFIED,FOLIO545287
TXN100049,120465,2020-06-23,SIP,2000.0,175.5968,47.2079,INV5216,Telangana,KYC_VERIFIED,FOLIO981835
TXN100050,120712,2021-01-14,Lumpsum,10000.0,17.9071,138.4646,INV8753,Karnataka,KYC_VERIFIED,FOLIO315498
TXN100051,119386,2024-09-10,SIP,25000.0,42.4921,484.1723,INV5140,Delhi,KYC_VERIFIED,FOLIO197126
TXN100052,118551,2022-05-30,Lumpsum,10000.0,191.3421,177.2281,INV3574,Telangana,KYC_VERIFIED,FOLIO728493
TXN100053,120178,2024-07-26,Lumpsum,25000.0,17.6397,59.8581,INV3043,Uttar Pradesh,KYC_VERIFIED,FOLIO963486
TXN100054,118825,2021-03-23,Lumpsum,5000.0,143.1323,182.7436,INV4840,Gujarat,KYC_VERIFIED,FOLIO278919
TXN100055,119092,2020-03-30,Redemption,10000.0,1.6124,348.2292,INV2890,Rajasthan,KYC_REJECTED,FOLIO736537
TXN100056,119203,2020-11-26,Lumpsum,25000.0,189.6455,325.8444,INV7030,Kerala,KYC_REJECTED,FOLIO355892
TXN100057,120333,2021-03-24,Lumpsum,25000.0,99.9141,459.6418,INV6631,Delhi,KYC_VERIFIED,FOLIO847859
TXN100058,118712,2021-07-07,SIP,1000.0,171.1971,124.2902,INV3663,Delhi,KYC_VERIFIED,FOLIO121516
TXN100059,119551,2020-05-18,Lumpsum,5000.0,38.8963,142.7022,INV5419,Tamil Nadu,KYC_VERIFIED,FOLIO818274
TXN100060,118890,2022-04-28,Lumpsum,2000.0,180.2362,388.5566,INV3534,Telangana,KYC_VERIFIED,FOLIO686640
TXN100061,120712,2022-10-17,SIP,10000.0,192.1499,448.9052,INV4812,Gujarat,KYC_VERIFIED,FOLIO765967
TXN100062,119644,2022-02-11,SIP,5000.0,39.1179,301.7442,INV5062,Delhi,KYC_VERIFIED,FOLIO129613
TXN100063,118890,2022-03-29,SIP,1000.0,57.0122,24.0413,INV8468,West Bengal,KYC_VERIFIED,FOLIO136416
TXN100064,119092,2022-04-11,SIP,2000.0,134.0871,247.818,INV1887,Maharashtra,KYC_VERIFIED,FOLIO366480
TXN100065,120503,2023-04-27,SIP,50000.0,140.4145,351.0408,INV2874,Maharashtra,KYC_VERIFIED,FOLIO875249
TXN100066,118890,2022-09-05,Lumpsum,2000.0,2.1565,327.0974,INV1231,Tamil Nadu,KYC_VERIFIED,FOLIO937657
TXN100067,120712,2020-03-02,SIP,50000.0,189.9287,159.9433,INV1291,Maharashtra,KYC_VERIFIED,FOLIO454077
TXN100068,120465,2022-01-07,Lumpsum,50000.0,139.1099,242.1742,INV1633,Delhi,KYC_VERIFIED,FOLIO526272
TXN100069,118551,2021-10-11,Lumpsum,10000.0,139.5495,436.0402,INV2367,Telangana,KYC_VERIFIED,FOLIO911384
TXN100070,118632,2022-08-26,Lumpsum,25000.0,185.3448,21.4477,INV8168,Gujarat,KYC_VERIFIED,FOLIO164771
TXN100071,120712,2024-03-28,Lumpsum,1000.0,59.8801,476.5301,INV8218,Gujarat,KYC_VERIFIED,FOLIO126325
TXN100072,118632,2023-02-01,SIP,25000.0,176.8425,157.2492,INV7480,Delhi,KYC_VERIFIED,FOLIO506262
TXN100073,125497,2023-01-16,Lumpsum,25000.0,40.6564,210.5066,INV4041,Kerala,KYC_PENDING,FOLIO739506
TXN100074,119203,2021-01-28,Lumpsum,1000.0,188.8128,279.9376,INV4259,Delhi,KYC_VERIFIED,FOLIO781765
TXN100075,120712,2024-04-11,SIP,50000.0,19.1606,107.6483,INV2960,Rajasthan,KYC_VERIFIED,FOLIO322968
TXN100076,120178,2021-02-23,Redemption,500.0,76.1686,248.2357,INV6357,Gujarat,KYC_VERIFIED,FOLIO678223
TXN100077,120841,2020-06-02,Lumpsum,2000.0,192.0001,98.6818,INV9172,Maharashtra,KYC_VERIFIED,FOLIO321175
TXN100078,119644,2020-09-14,SIP,500.0,15.6657,307.0133,INV7649,Uttar Pradesh,KYC_VERIFIED,FOLIO921714
TXN100079,118890,2024-11-01,SIP,25000.0,82.0533,43.3273,INV1697,Tamil Nadu,KYC_VERIFIED,FOLIO923673
TXN100080,120503,2023-06-07,SIP,10000.0,57.7513,467.4342,INV6118,Kerala,KYC_VERIFIED,FOLIO531872
TXN100081,118825,2024-05-14,SIP,50000.0,28.4887,301.9247,INV1254,Rajasthan,KYC_PENDING,FOLIO818288
TXN100082,119775,2020-11-16,SIP,1000.0,11.766,494.6331,INV2483,Telangana,KYC_VERIFIED,FOLIO761160
TXN100083,119386,2021-08-13,Redemption,500.0,37.8927,155.5181,INV3288,Gujarat,KYC_VERIFIED,FOLIO322437
TXN100084,118551,2021-07-16,Redemption,25000.0,114.02,270.8092,INV5832,Kerala,KYC_VERIFIED,FOLIO774893
TXN100085,118551,2022-02-18,SIP,10000.0,101.0062,112.1086,INV7631,Gujarat,KYC_VERIFIED,FOLIO101359
TXN100086,118712,2023-04-25,Lumpsum,10000.0,88.0535,323.2557,INV6152,West Bengal,KYC_VERIFIED,FOLIO385185
TXN100087,120465,2023-03-24,Redemption,1000.0,87.2643,223.6819,INV8411,Karnataka,KYC_PENDING,FOLIO985963
TXN100088,120465,2021-03-18,Lumpsum,50000.0,28.4554,428.1616,INV6828,Karnataka,KYC_VERIFIED,FOLIO212040
TXN100089,120712,2023-01-06,SIP,2000.0,99.4521,64.3858,INV8557,Kerala,KYC_VERIFIED,FOLIO957241
TXN100090,120178,2024-05-28,Redemption,50000.0,3.9123,139.7719,INV7795,Delhi,KYC_VERIFIED,FOLIO965309
TXN100091,119551,2022-10-06,Lumpsum,500.0,35.465,353.6255,INV8330,Telangana,KYC_VERIFIED,FOLIO514296
TXN100092,125497,2020-11-19,Redemption,500.0,124.3239,52.789,INV5656,Uttar Pradesh,KYC_VERIFIED,FOLIO357585
TXN100093,119551,2023-04-03,Lumpsum,50000.0,9.6502,475.6615,INV9631,Kerala,KYC_VERIFIED,FOLIO351515
TXN100094,118890,2020-11-16,Lumpsum,25000.0,168.5408,489.3873,INV2884,Kerala,KYC_VERIFIED,FOLIO502942
TXN100095,120178,2020-10-30,Lumpsum,2000.0,30.6103,468.8542,INV2130,Rajasthan,KYC_VERIFIED,FOLIO715283
TXN100096,120594,2024-12-03,Redemption,25000.0,62.5267,240.7247,INV7586,Telangana,KYC_VERIFIED,FOLIO828484
TXN100097,118825,2021-07-07,Redemption,2000.0,100.626,176.721,INV1388,Telangana,KYC_VERIFIED,FOLIO356545
TXN100098,120712,2023-03-30,Redemption,5000.0,85.7347,88.0016,INV8380,Kerala,KYC_VERIFIED,FOLIO959389
TXN100099,119775,2023-06-23,SIP,2000.0,87.7896,212.6885,INV7327,Rajasthan,KYC_VERIFIED,FOLIO887584
TXN100100,118632,2022-08-08,Redemption,5000.0,192.0204,478.6665,INV8617,Telangana,KYC_VERIFIED,FOLIO627553
TXN100101,119644,2023-07-24,Lumpsum,2000.0,199.4704,354.4809,INV1740,Rajasthan,KYC_VERIFIED,FOLIO633469
TXN100102,119551,2021-09-06,SIP,25000.0,131.2326,108.3455,INV9639,Rajasthan,KYC_VERIFIED,FOLIO144546
TXN100103,118825,2020-07-03,Redemption,5000.0,29.9072,56.8433,INV6720,Maharashtra,KYC_VERIFIED,FOLIO332837
TXN100104,120841,2024-08-28,SIP,25000.0,149.3964,171.8138,INV8704,Karnataka,KYC_PENDING,FOLIO220053
TXN100105,120465,2021-09-14,SIP,1000.0,135.4066,166.751,INV5814,Karnataka,KYC_VERIFIED,FOLIO108324
TXN100106,120594,2020-03-13,Lumpsum,5000.0,165.1303,499.4353,INV2579,Delhi,KYC_VERIFIED,FOLIO931581
TXN100107,118825,2023-04-20,Lumpsum,500.0,142.5891,208.1184,INV9034,Gujarat,KYC_VERIFIED,FOLIO785824
TXN100108,118989,2022-08-10,Lumpsum,50000.0,40.8313,163.3984,INV4206,Uttar Pradesh,KYC_VERIFIED,FOLIO925090
TXN100109,118989,2023-02-14,SIP,50000.0,100.6196,209.1031,INV4770,Maharashtra,KYC_VERIFIED,FOLIO349713
TXN100110,120841,2023-03-20,Lumpsum,50000.0,130.2855,326.6196,INV2191,Uttar Pradesh,KYC_VERIFIED,FOLIO483247
TXN100111,118989,2021-09-30,SIP,500.0,199.7659,171.3631,INV4146,Kerala,KYC_VERIFIED,FOLIO873794
TXN100112,119551,2022-04-19,Redemption,2000.0,41.115,192.5281,INV2111,Rajasthan,KYC_VERIFIED,FOLIO946167
TXN100113,120333,2020-03-12,Lumpsum,500.0,196.3635,45.2902,INV5336,Tamil Nadu,KYC_VERIFIED,FOLIO348705
TXN100114,118989,2022-11-30,Lumpsum,5000.0,114.0274,449.1629,INV9525,Tamil Nadu,KYC_VERIFIED,FOLIO215357
TXN100115,119386,2020-10-05,Redemption,500.0,61.5097,200.3551,INV3694,West Bengal,KYC_VERIFIED,FOLIO787158
TXN100116,118632,2020-10-07,SIP,25000.0,133.0126,475.127,INV5473,West Bengal,KYC_VERIFIED,FOLIO542946
TXN100117,118825,2021-08-03,SIP,10000.0,28.4334,493.4748,INV4924,Telangana,KYC_VERIFIED,FOLIO748326
TXN100118,120178,2022-05-30,Lumpsum,10000.0,26.2282,169.7956,INV4230,Karnataka,KYC_VERIFIED,FOLIO187723
TXN100119,125497,2021-06-22,SIP,50000.0,166.5695,453.1729,INV3045,Gujarat,KYC_VERIFIED,FOLIO251709
TXN100120,125497,2022-04-20,Lumpsum,50000.0,97.399,195.6482,INV7991,Tamil Nadu,KYC_PENDING,FOLIO254521
TXN100121,119092,2021-11-22,Lumpsum,10000.0,129.036,231.0222,INV2747,Maharashtra,KYC_VERIFIED,FOLIO194147
TXN100122,119775,2021-05-28,Lumpsum,25000.0,146.0591,110.5089,INV9533,Gujarat,KYC_VERIFIED,FOLIO864560
TXN100123,119203,2021-04-01,SIP,25000.0,177.2634,175.5672,INV9040,Delhi,KYC_PENDING,FOLIO329080
TXN100124,120333,2020-09-23,SIP,500.0,63.5344,382.547,INV2779,Rajasthan,KYC_REJECTED,FOLIO750406
TXN100125,120594,2024-12-31,Lumpsum,25000.0,156.669,115.007,INV4403,Karnataka,KYC_VERIFIED,FOLIO952972
TXN100126,119644,2023-12-01,Lumpsum,25000.0,96.2842,373.272,INV4056,Delhi,KYC_VERIFIED,FOLIO179083
TXN100127,120333,2021-06-18,Redemption,50000.0,194.0744,474.0201,INV2963,Delhi,KYC_REJECTED,FOLIO657837
TXN100128,119386,2022-07-07,Redemption,2000.0,92.6401,32.4944,INV5508,West Bengal,KYC_VERIFIED,FOLIO488724
TXN100129,120503,2021-11-10,Lumpsum,1000.0,158.9244,493.0749,INV7489,Gujarat,KYC_VERIFIED,FOLIO327901
TXN100130,119203,2020-11-10,Lumpsum,500.0,146.1115,228.4775,INV9335,Telangana,KYC_VERIFIED,FOLIO865583
TXN100131,119092,2024-01-11,Redemption,10000.0,56.4711,91.4561,INV2037,Kerala,KYC_VERIFIED,FOLIO388042
TXN100132,119386,2020-08-07,Lumpsum,10000.0,117.3684,273.684,INV1767,Gujarat,KYC_VERIFIED,FOLIO610116
TXN100133,119644,2022-04-22,SIP,1000.0,13.2337,246.241,INV8326,Tamil Nadu,KYC_VERIFIED,FOLIO560318
TXN100134,120333,2020-06-12,SIP,500.0,8.4096,291.0606,INV7212,Karnataka,KYC_VERIFIED,FOLIO539767
TXN100135,119644,2020-09-17,Lumpsum,500.0,82.5128,441.9694,INV2480,Telangana,KYC_VERIFIED,FOLIO459836
TXN100136,120333,2024-12-03,Redemption,5000.0,69.1319,447.8742,INV4413,Kerala,KYC_VERIFIED,FOLIO540769
TXN100137,118989,2024-10-24,Redemption,50000.0,96.1694,122.4212,INV2973,Delhi,KYC_VERIFIED,FOLIO659981
TXN100138,118825,2024-11-06,Lumpsum,25000.0,18.1408,113.6462,INV2246,West Bengal,KYC_VERIFIED,FOLIO660738
TXN100139,125497,2020-12-02,SIP,500.0,14.1539,259.3298,INV4219,Delhi,KYC_VERIFIED,FOLIO979486
TXN100140,119551,2020-10-16,SIP,5000.0,180.4428,36.5794,INV6634,Rajasthan,KYC_VERIFIED,FOLIO601481
TXN100141,119203,2022-06-07,SIP,500.0,65.132,35.3536,INV9164,Kerala,KYC_VERIFIED,FOLIO174898
TXN100142,120594,2020-03-13,Lumpsum,25000.0,173.2989,16.5529,INV1979,Uttar Pradesh,KYC_REJECTED,FOLIO809967
TXN100143,125497,2021-07-23,SIP,500.0,159.6266,257.6249,INV9990,Uttar Pradesh,KYC_VERIFIED,FOLIO896339
TXN100144,120594,2021-06-17,Lumpsum,1000.0,102.9963,192.7654,INV6392,Delhi,KYC_VERIFIED,FOLIO450094
TXN100145,120333,2022-05-18,SIP,10000.0,48.2957,72.7876,INV3981,Rajasthan,KYC_VERIFIED,FOLIO201261
TXN100146,125497,2020-07-17,SIP,50000.0,56.5479,22.6444,INV2828,Uttar Pradesh,KYC_VERIFIED,FOLIO119093
TXN100147,118989,2021-11-30,SIP,10000.0,72.3999,413.2673,INV6943,Delhi,KYC_PENDING,FOLIO667555
TXN100148,118989,2023-02-10,SIP,25000.0,139.6113,236.6703,INV1686,Rajasthan,KYC_VERIFIED,FOLIO412766
TXN100149,125497,2022-11-28,SIP,10000.0,108.8227,64.5529,INV3359,Delhi,KYC_VERIFIED,FOLIO120720
TXN100150,125497,2020-10-15,Lumpsum,500.0,27.3471,283.9951,INV1749,Gujarat,KYC_REJECTED,FOLIO633273
TXN100151,120333,2021-11-15,SIP,1000.0,86.7632,187.4372,INV4750,Tamil Nadu,KYC_VERIFIED,FOLIO546030
TXN100152,120503,2023-03-16,Lumpsum,2000.0,141.3041,151.8478,INV8306,Uttar Pradesh,KYC_PENDING,FOLIO811411
TXN100153,120841,2023-06-22,SIP,2000.0,98.6619,52.9962,INV8320,Rajasthan,KYC_VERIFIED,FOLIO807562
TXN100154,120465,2021-01-14,Lumpsum,10000.0,87.9507,52.9105,INV7717,Kerala,KYC_VERIFIED,FOLIO715512
TXN100155,120465,2020-09-10,SIP,1000.0,148.1426,327.6615,INV2035,Tamil Nadu,KYC_VERIFIED,FOLIO544377
TXN100156,119092,2024-10-10,SIP,50000.0,23.2847,190.6885,INV9617,West Bengal,KYC_PENDING,FOLIO206200
TXN100157,120333,2024-02-27,Lumpsum,500.0,76.2534,142.8845,INV8975,Karnataka,KYC_VERIFIED,FOLIO648902
TXN100158,120178,2023-02-10,SIP,2000.0,159.3581,477.6124,INV1552,Tamil Nadu,KYC_VERIFIED,FOLIO807627
TXN100159,119203,2023-07-13,SIP,10000.0,117.0114,83.3729,INV8162,Telangana,KYC_VERIFIED,FOLIO881405
TXN100160,119386,2020-11-18,Redemption,1000.0,157.3158,468.5009,INV8164,Delhi,KYC_VERIFIED,FOLIO942693
TXN100161,120503,2024-08-12,SIP,50000.0,85.8002,175.1532,INV4336,Kerala,KYC_VERIFIED,FOLIO518984
TXN100162,119386,2022-09-15,Lumpsum,1000.0,98.7664,235.7004,INV6394,West Bengal,KYC_VERIFIED,FOLIO565763
TXN100163,118632,2024-05-03,Redemption,50000.0,126.1773,192.6482,INV3478,Delhi,KYC_VERIFIED,FOLIO298661
TXN100164,118712,2021-12-21,Lumpsum,1000.0,161.953,221.5618,INV6834,Kerala,KYC_VERIFIED,FOLIO529056
TXN100165,119644,2023-03-01,Lumpsum,50000.0,106.8046,330.3046,INV1935,Karnataka,KYC_VERIFIED,FOLIO545933
TXN100166,118551,2024-09-19,Lumpsum,10000.0,193.2081,424.6529,INV8857,Uttar Pradesh,KYC_VERIFIED,FOLIO674546
TXN100167,118551,2021-12-13,Lumpsum,10000.0,15.9824,295.4561,INV6520,Kerala,KYC_PENDING,FOLIO192551
TXN100168,120178,2023-03-27,Redemption,5000.0,40.3664,262.7259,INV3817,Delhi,KYC_VERIFIED,FOLIO522930
TXN100169,118551,2021-03-16,Redemption,5000.0,105.6229,236.2315,INV3274,Kerala,KYC_PENDING,FOLIO866138
TXN100170,119775,2023-10-18,SIP,2000.0,8.5798,463.4146,INV1947,Kerala,KYC_VERIFIED,FOLIO786170
TXN100171,120178,2024-09-05,Redemption,10000.0,199.6222,467.2821,INV2336,Delhi,KYC_VERIFIED,FOLIO984347
TXN100172,120594,2022-06-16,SIP,50000.0,135.3565,222.9549,INV6483,West Bengal,KYC_VERIFIED,FOLIO423670
TXN100173,118551,2020-06-16,Lumpsum,10000.0,32.833,263.8152,INV1025,Gujarat,KYC_VERIFIED,FOLIO604867
TXN100174,125497,2020-02-20,SIP,25000.0,49.3421,325.8429,INV6340,West Bengal,KYC_VERIFIED,FOLIO777395
TXN100175,119386,2024-01-15,SIP,50000.0,111.9476,223.6781,INV6149,Karnataka,KYC_VERIFIED,FOLIO487030
TXN100176,120712,2022-04-05,SIP,5000.0,42.8636,365.1706,INV8998,Karnataka,KYC_PENDING,FOLIO366349
TXN100177,118551,2022-12-07,SIP,5000.0,72.9413,465.5848,INV6930,Maharashtra,KYC_VERIFIED,FOLIO942467
TXN100178,125497,2022-11-03,Lumpsum,50000.0,130.3118,438.8132,INV5407,Karnataka,KYC_PENDING,FOLIO546946
TXN100179,120178,2023-01-19,Lumpsum,25000.0,137.6899,455.1239,INV9979,Kerala,KYC_VERIFIED,FOLIO105026
TXN100180,119386,2023-07-25,Redemption,500.0,152.7493,329.2096,INV4967,Tamil Nadu,KYC_VERIFIED,FOLIO553864
TXN100181,120503,2021-12-30,Lumpsum,10000.0,97.6099,258.6467,INV8795,Karnataka,KYC_VERIFIED,FOLIO461848
TXN100182,119775,2024-05-14,Redemption,2000.0,81.1672,156.959,INV5235,Rajasthan,KYC_VERIFIED,FOLIO357581
TXN100183,118632,2023-05-10,Lumpsum,2000.0,32.8766,209.372,INV1936,Maharashtra,KYC_VERIFIED,FOLIO798287
TXN100184,118632,2020-04-07,SIP,10000.0,159.2655,202.7992,INV1012,Tamil Nadu,KYC_VERIFIED,FOLIO556781
TXN100185,125497,2023-11-20,Lumpsum,1000.0,177.7092,53.8452,INV8237,Rajasthan,KYC_PENDING,FOLIO196982
TXN100186,120712,2022-05-18,Lumpsum,2000.0,115.0854,38.7057,INV6489,Rajasthan,KYC_PENDING,FOLIO733661
TXN100187,120178,2021-01-21,Redemption,5000.0,138.0148,37.9106,INV9646,Kerala,KYC_VERIFIED,FOLIO703041
TXN100188,118890,2021-07-14,SIP,10000.0,43.9076,28.7127,INV7768,Rajasthan,KYC_VERIFIED,FOLIO527376
TXN100189,120465,2024-06-13,Lumpsum,10000.0,179.2446,52.4168,INV7177,Tamil Nadu,KYC_VERIFIED,FOLIO807686
TXN100190,118890,2021-08-24,Lumpsum,2000.0,42.0557,46.8648,INV2322,Telangana,KYC_VERIFIED,FOLIO763914
TXN100191,120712,2020-09-08,Lumpsum,50000.0,27.5442,15.243,INV4911,Maharashtra,KYC_PENDING,FOLIO578365
TXN100192,120712,2021-05-04,Lumpsum,1000.0,88.3517,447.8311,INV9216,Gujarat,KYC_VERIFIED,FOLIO318817
TXN100193,118825,2022-09-30,Lumpsum,5000.0,153.9117,379.659,INV4967,Kerala,KYC_VERIFIED,FOLIO488581
TXN100194,119644,2020-09-10,Redemption,500.0,23.5383,90.6811,INV5843,Rajasthan,KYC_VERIFIED,FOLIO452776
TXN100195,119203,2022-08-25,SIP,50000.0,192.557,141.7351,INV9947,Kerala,KYC_VERIFIED,FOLIO230590
TXN100196,118712,2024-06-24,Lumpsum,500.0,68.6887,269.8698,INV1306,Rajasthan,KYC_VERIFIED,FOLIO921548
TXN100197,118712,2021-04-19,Redemption,25000.0,17.8414,430.8931,INV8658,Maharashtra,KYC_VERIFIED,FOLIO631002
TXN100198,118989,2024-11-20,Redemption,50000.0,169.2994,456.6821,INV3940,Delhi,KYC_VERIFIED,FOLIO224658
TXN100199,118632,2021-07-16,Lumpsum,2000.0,196.2067,425.6435,INV8438,Gujarat,KYC_VERIFIED,FOLIO669128
TXN100200,119551,2020-10-28,SIP,5000.0,153.7913,94.9049,INV5228,Kerala,KYC_VERIFIED,FOLIO739789
TXN100201,118989,2022-03-29,Lumpsum,25000.0,146.8985,198.8667,INV6387,Rajasthan,KYC_VERIFIED,FOLIO454195
TXN100202,118632,2022-09-08,Lumpsum,25000.0,193.7961,447.1911,INV4630,Maharashtra,KYC_REJECTED,FOLIO677979
TXN100203,120503,2024-12-17,SIP,2000.0,181.2714,475.3936,INV7739,Uttar Pradesh,KYC_VERIFIED,FOLIO842477
TXN100204,119092,2020-10-07,SIP,500.0,116.8118,248.7384,INV3007,Karnataka,KYC_VERIFIED,FOLIO635425
TXN100205,119386,2021-11-04,SIP,2000.0,64.3521,336.1828,INV4727,Maharashtra,KYC_VERIFIED,FOLIO715800
TXN100206,118890,2020-02-05,SIP,50000.0,151.302,108.5411,INV5402,West Bengal,KYC_VERIFIED,FOLIO180299
TXN100207,120503,2020-11-05,SIP,500.0,102.0942,103.8067,INV9609,Kerala,KYC_VERIFIED,FOLIO817816
TXN100208,125497,2023-03-13,Redemption,2000.0,12.5229,90.8227,INV8317,Kerala,KYC_VERIFIED,FOLIO160064
TXN100209,120333,2022-07-14,SIP,25000.0,97.5055,336.0009,INV7888,West Bengal,KYC_VERIFIED,FOLIO422384
TXN100210,119203,2020-03-05,Redemption,500.0,159.9684,70.988,INV7451,Maharashtra,KYC_PENDING,FOLIO129452
TXN100211,120841,2020-08-28,Redemption,5000.0,149.4355,32.8476,INV8549,Kerala,KYC_VERIFIED,FOLIO604853
TXN100212,120594,2021-09-30,Redemption,25000.0,192.8371,82.1215,INV7085,Karnataka,KYC_VERIFIED,FOLIO486897
TXN100213,118825,2024-12-31,SIP,10000.0,8.9317,351.9877,INV2269,Gujarat,KYC_VERIFIED,FOLIO995238
TXN100214,119644,2024-04-26,SIP,2000.0,4.3411,259.9107,INV9577,Tamil Nadu,KYC_VERIFIED,FOLIO231439
TXN100215,120841,2023-02-14,Redemption,1000.0,165.7922,463.4614,INV2804,Rajasthan,KYC_VERIFIED,FOLIO463001
TXN100216,118712,2024-11-29,SIP,500.0,161.9153,287.9665,INV3204,Uttar Pradesh,KYC_VERIFIED,FOLIO429622
TXN100217,120841,2021-05-31,Lumpsum,10000.0,34.8087,497.3475,INV1149,Telangana,KYC_VERIFIED,FOLIO324053
TXN100218,119775,2021-05-24,Redemption,2000.0,110.0097,43.5973,INV9500,Telangana,KYC_VERIFIED,FOLIO145347
TXN100219,119092,2020-01-02,SIP,2000.0,85.1989,468.8302,INV4252,Delhi,KYC_VERIFIED,FOLIO902713
TXN100220,118890,2022-06-09,SIP,2000.0,103.5714,344.1349,INV2749,Maharashtra,KYC_PENDING,FOLIO214431
TXN100221,119203,2024-11-22,SIP,500.0,148.9929,163.4321,INV8820,Tamil Nadu,KYC_PENDING,FOLIO569289
TXN100222,119386,2024-11-04,Lumpsum,1000.0,130.4611,431.521,INV7945,Kerala,KYC_VERIFIED,FOLIO772918
TXN100223,120465,2023-09-05,Lumpsum,10000.0,88.0098,296.2574,INV1028,Kerala,KYC_VERIFIED,FOLIO573840
TXN100224,118551,2020-04-29,Redemption,25000.0,57.3509,413.8724,INV6253,Gujarat,KYC_VERIFIED,FOLIO721077
TXN100225,120712,2023-01-03,SIP,10000.0,54.7354,298.5922,INV4129,Rajasthan,KYC_VERIFIED,FOLIO988564
TXN100226,118632,2024-09-27,SIP,2000.0,141.1155,197.0498,INV6122,Maharashtra,KYC_PENDING,FOLIO285976
TXN100227,118632,2024-04-19,Lumpsum,25000.0,54.1225,461.2525,INV1929,Tamil Nadu,KYC_VERIFIED,FOLIO692686
TXN100228,119644,2022-12-16,Lumpsum,1000.0,175.014,34.416,INV1940,West Bengal,KYC_VERIFIED,FOLIO830258
TXN100229,120178,2024-03-21,Lumpsum,500.0,74.9738,126.0834,INV8478,Telangana,KYC_PENDING,FOLIO208924
TXN100230,120178,2020-05-27,Redemption,10000.0,74.0862,497.9314,INV1032,West Bengal,KYC_VERIFIED,FOLIO103564
TXN100231,118890,2022-04-14,Lumpsum,1000.0,159.4402,321.0357,INV6252,Karnataka,KYC_VERIFIED,FOLIO484659
TXN100232,118712,2023-08-03,Lumpsum,10000.0,24.2238,122.7337,INV1959,Telangana,KYC_VERIFIED,FOLIO594313
TXN100233,120178,2022-06-30,SIP,5000.0,52.3782,192.7893,INV4179,Telangana,KYC_VERIFIED,FOLIO423276
TXN100234,118825,2023-09-20,Lumpsum,50000.0,6.9685,366.0103,INV4711,Delhi,KYC_VERIFIED,FOLIO856172
TXN100235,119551,2022-11-29,Redemption,1000.0,65.9758,485.4502,INV5937,Gujarat,KYC_VERIFIED,FOLIO196230
TXN100236,120594,2023-03-22,Lumpsum,5000.0,53.629,159.0932,INV6526,Karnataka,KYC_PENDING,FOLIO630768
TXN100237,119386,2022-07-21,Lumpsum,50000.0,181.4303,444.5522,INV4540,Tamil Nadu,KYC_VERIFIED,FOLIO162195
TXN100238,120465,2020-10-06,Lumpsum,1000.0,172.9773,448.6433,INV4672,Maharashtra,KYC_PENDING,FOLIO827647
TXN100239,119203,2021-12-29,SIP,10000.0,101.9394,473.9847,INV8125,West Bengal,KYC_VERIFIED,FOLIO280323
TXN100240,120178,2021-08-04,SIP,25000.0,17.4574,222.5025,INV7843,Telangana,KYC_VERIFIED,FOLIO464658
TXN100241,119092,2022-03-08,Lumpsum,500.0,58.0698,207.3149,INV7421,Maharashtra,KYC_PENDING,FOLIO591100
TXN100242,120594,2023-12-21,Lumpsum,1000.0,176.7338,423.936,INV6988,Telangana,KYC_VERIFIED,FOLIO641668
TXN100243,119551,2023-06-30,SIP,500.0,62.6452,14.8696,INV5664,Tamil Nadu,KYC_VERIFIED,FOLIO307943
TXN100244,119775,2020-07-23,SIP,10000.0,164.1147,165.9074,INV7335,Maharashtra,KYC_VERIFIED,FOLIO265318
TXN100245,120594,2020-03-19,Lumpsum,25000.0,173.7096,497.2693,INV6707,Telangana,KYC_VERIFIED,FOLIO282309
TXN100246,120333,2022-05-02,SIP,5000.0,65.7907,177.831,INV3191,Rajasthan,KYC_VERIFIED,FOLIO553645
TXN100247,118989,2021-04-15,SIP,1000.0,148.1399,283.7247,INV6203,Karnataka,KYC_VERIFIED,FOLIO103285
TXN100248,119551,2023-11-23,Lumpsum,25000.0,3.0716,240.4452,INV5316,Gujarat,KYC_VERIFIED,FOLIO758741
TXN100249,120503,2022-04-29,SIP,10000.0,74.9782,175.3046,INV9521,West Bengal,KYC_VERIFIED,FOLIO125446
TXN100250,119775,2024-08-28,SIP,50000.0,2.1227,451.333,INV6266,Karnataka,KYC_VERIFIED,FOLIO671693
TXN100251,120178,2021-01-04,Lumpsum,500.0,125.8809,105.0239,INV5760,West Bengal,KYC_VERIFIED,FOLIO994829
TXN100252,119203,2020-01-20,Lumpsum,50000.0,86.3964,205.3237,INV3322,Tamil Nadu,KYC_VERIFIED,FOLIO216597
TXN100253,120841,2024-02-19,Lumpsum,500.0,92.0712,440.7277,INV5682,Uttar Pradesh,KYC_VERIFIED,FOLIO920195
TXN100254,119775,2024-10-18,Redemption,50000.0,185.5993,356.1021,INV8206,Karnataka,KYC_VERIFIED,FOLIO914334
TXN100255,118890,2020-01-07,Redemption,2000.0,144.389,114.131,INV9013,Kerala,KYC_PENDING,FOLIO446283
TXN100256,120712,2020-02-05,Lumpsum,25000.0,195.7772,61.032,INV7681,Tamil Nadu,KYC_VERIFIED,FOLIO265488
TXN100257,120333,2024-12-11,Redemption,25000.0,26.3097,194.2123,INV1536,Gujarat,KYC_VERIFIED,FOLIO390286
TXN100258,118989,2024-03-14,Redemption,500.0,166.0395,461.6233,INV3662,Rajasthan,KYC_VERIFIED,FOLIO817622
TXN100259,120503,2021-10-05,Redemption,1000.0,46.5809,295.8315,INV4376,Maharashtra,KYC_VERIFIED,FOLIO101071
TXN100260,120503,2023-04-13,Redemption,5000.0,29.9825,10.6459,INV5348,Tamil Nadu,KYC_VERIFIED,FOLIO446373
TXN100261,120465,2021-02-18,SIP,50000.0,199.786,296.5848,INV6522,Telangana,KYC_VERIFIED,FOLIO574873
TXN100262,118890,2024-05-24,Redemption,50000.0,9.1657,110.447,INV9618,Karnataka,KYC_VERIFIED,FOLIO199781
TXN100263,125497,2022-10-07,Lumpsum,500.0,120.9068,145.0323,INV1184,Delhi,KYC_VERIFIED,FOLIO523506
TXN100264,120712,2023-09-29,Lumpsum,5000.0,84.8229,367.8358,INV8422,Kerala,KYC_VERIFIED,FOLIO738703
TXN100265,119203,2020-01-28,Redemption,50000.0,97.7764,465.84,INV9101,Delhi,KYC_VERIFIED,FOLIO822629
TXN100266,125497,2020-03-26,SIP,25000.0,137.482,305.0236,INV7705,Kerala,KYC_VERIFIED,FOLIO534790
TXN100267,118989,2023-03-14,Redemption,25000.0,116.2736,452.1908,INV1255,Rajasthan,KYC_VERIFIED,FOLIO103897
TXN100268,119644,2024-01-04,Redemption,500.0,169.5193,384.1372,INV1325,Gujarat,KYC_VERIFIED,FOLIO127472
TXN100269,120841,2020-04-24,SIP,1000.0,65.7458,466.1108,INV3216,Kerala,KYC_VERIFIED,FOLIO756395
TXN100270,119551,2024-10-11,Redemption,500.0,49.6527,332.4072,INV1249,Gujarat,KYC_VERIFIED,FOLIO290184
TXN100271,118712,2022-01-25,SIP,25000.0,112.9304,321.621,INV5894,Kerala,KYC_VERIFIED,FOLIO384063
TXN100272,119775,2024-06-12,SIP,50000.0,96.9158,20.1138,INV4143,West Bengal,KYC_VERIFIED,FOLIO543180
TXN100273,118632,2023-08-25,SIP,50000.0,66.8374,147.5039,INV2613,Kerala,KYC_VERIFIED,FOLIO852781
TXN100274,120594,2022-02-21,Redemption,1000.0,175.3023,36.8629,INV7590,Tamil Nadu,KYC_VERIFIED,FOLIO890998
TXN100275,119203,2024-02-13,Lumpsum,10000.0,70.0013,151.3903,INV4692,Delhi,KYC_VERIFIED,FOLIO611284
TXN100276,119203,2021-08-23,SIP,500.0,189.7149,39.6912,INV6069,Tamil Nadu,KYC_PENDING,FOLIO841955
TXN100277,119203,2022-07-04,Redemption,50000.0,20.315,406.2372,INV6946,Delhi,KYC_PENDING,FOLIO325095
TXN100278,119775,2021-02-25,SIP,10000.0,109.5196,80.1205,INV6427,Delhi,KYC_VERIFIED,FOLIO411217
TXN100279,119092,2024-10-21,Lumpsum,5000.0,125.7176,313.2448,INV3659,Telangana,KYC_VERIFIED,FOLIO523699
TXN100280,118712,2023-09-20,SIP,10000.0,112.4389,307.2474,INV6039,Gujarat,KYC_VERIFIED,FOLIO832829
TXN100281,118632,2021-01-12,SIP,10000.0,6.1224,276.5772,INV9343,Delhi,KYC_VERIFIED,FOLIO326855
TXN100282,120178,2023-10-02,Redemption,25000.0,145.2523,391.6725,INV3124,Maharashtra,KYC_VERIFIED,FOLIO522811
TXN100283,120841,2021-05-13,Lumpsum,2000.0,22.4014,129.1906,INV8045,Uttar Pradesh,KYC_PENDING,FOLIO509697
TXN100284,125497,2020-07-20,Lumpsum,5000.0,68.9162,326.7068,INV3319,Rajasthan,KYC_VERIFIED,FOLIO283533
TXN100285,118712,2023-09-05,SIP,50000.0,43.1814,298.8939,INV8362,Rajasthan,KYC_VERIFIED,FOLIO412578
TXN100286,119203,2021-05-03,SIP,5000.0,2.6315,193.4827,INV8503,Uttar Pradesh,KYC_VERIFIED,FOLIO394229
TXN100287,118825,2023-12-18,SIP,10000.0,173.5483,207.6291,INV4907,Uttar Pradesh,KYC_PENDING,FOLIO948296
TXN100288,120841,2022-02-08,Lumpsum,2000.0,135.649,380.1003,INV2728,Karnataka,KYC_VERIFIED,FOLIO966674
TXN100289,120503,2020-10-02,SIP,2000.0,38.6217,273.0686,INV7428,Maharashtra,KYC_PENDING,FOLIO787814
TXN100290,119551,2020-11-20,Lumpsum,2000.0,70.3196,316.2389,INV2849,Karnataka,KYC_VERIFIED,FOLIO273025
TXN100291,118712,2022-08-23,Redemption,1000.0,78.2981,75.9022,INV2443,Uttar Pradesh,KYC_VERIFIED,FOLIO426420
TXN100292,118825,2020-07-23,SIP,500.0,176.4388,444.9476,INV7288,Maharashtra,KYC_VERIFIED,FOLIO731489
TXN100293,119551,2023-06-05,Lumpsum,500.0,123.7064,310.4462,INV8915,Gujarat,KYC_VERIFIED,FOLIO434332
TXN100294,119551,2022-06-30,SIP,500.0,134.7728,240.3426,INV2108,Karnataka,KYC_VERIFIED,FOLIO760724
TXN100295,118712,2023-10-25,Redemption,500.0,169.6958,15.2701,INV5766,Gujarat,KYC_VERIFIED,FOLIO655072
TXN100296,119551,2020-12-18,SIP,50000.0,81.359,174.2788,INV4906,Karnataka,KYC_REJECTED,FOLIO859522
TXN100297,119644,2024-02-27,SIP,5000.0,30.3328,360.7329,INV6091,Tamil Nadu,KYC_VERIFIED,FOLIO535674
TXN100298,119386,2022-10-13,SIP,50000.0,68.8977,34.8948,INV8453,Kerala,KYC_VERIFIED,FOLIO715835
TXN100299,118825,2024-12-09,Redemption,10000.0,36.3062,65.4381,INV3133,Uttar Pradesh,KYC_VERIFIED,FOLIO162959
TXN100300,119551,2024-03-18,Redemption,500.0,140.4232,212.1842,INV4646,Maharashtra,KYC_VERIFIED,FOLIO427290
TXN100301,120841,2021-11-23,SIP,2000.0,133.624,460.0666,INV4143,West Bengal,KYC_PENDING,FOLIO320089
TXN100302,119551,2021-01-07,SIP,500.0,39.3475,409.3092,INV6505,Rajasthan,KYC_REJECTED,FOLIO174445
TXN100303,119203,2023-03-14,Redemption,25000.0,191.6676,397.9109,INV9030,Uttar Pradesh,KYC_VERIFIED,FOLIO600975
TXN100304,120465,2020-11-23,Redemption,50000.0,199.9122,335.9187,INV6768,Karnataka,KYC_VERIFIED,FOLIO428292
TXN100305,120712,2020-04-08,Lumpsum,10000.0,189.8747,256.6678,INV7737,Maharashtra,KYC_VERIFIED,FOLIO898970
TXN100306,120178,2020-11-30,Redemption,5000.0,67.1694,221.9344,INV9338,Telangana,KYC_VERIFIED,FOLIO781146
TXN100307,119203,2022-10-14,SIP,1000.0,41.1781,370.1201,INV8626,Uttar Pradesh,KYC_VERIFIED,FOLIO632690
TXN100308,125497,2021-05-04,Lumpsum,500.0,71.3227,108.2591,INV6320,Karnataka,KYC_VERIFIED,FOLIO380286
TXN100309,119092,2023-11-27,Lumpsum,1000.0,93.068,261.7192,INV4063,Delhi,KYC_VERIFIED,FOLIO698090
TXN100310,119775,2022-05-30,Redemption,2000.0,53.8915,357.8719,INV5751,Delhi,KYC_VERIFIED,FOLIO263750
TXN100311,119386,2023-10-30,SIP,1000.0,185.7827,216.5818,INV5578,Uttar Pradesh,KYC_PENDING,FOLIO484271
TXN100312,118551,2023-01-10,SIP,5000.0,53.1681,130.0718,INV5238,Uttar Pradesh,KYC_VERIFIED,FOLIO286778
TXN100313,125497,2021-09-22,SIP,500.0,112.4077,249.6221,INV9804,Rajasthan,KYC_VERIFIED,FOLIO926087
TXN100314,120503,2023-12-22,Lumpsum,25000.0,95.9422,389.5696,INV9045,Kerala,KYC_VERIFIED,FOLIO688595
TXN100315,125497,2020-04-20,Lumpsum,50000.0,109.3361,119.0065,INV4631,Tamil Nadu,KYC_VERIFIED,FOLIO857609
TXN100316,118632,2024-10-08,Lumpsum,5000.0,195.3364,260.3191,INV3407,Rajasthan,KYC_VERIFIED,FOLIO849215
TXN100317,118825,2020-03-27,Redemption,50000.0,73.1102,353.9767,INV3009,Karnataka,KYC_VERIFIED,FOLIO135090
TXN100318,118551,2021-07-08,SIP,1000.0,139.0042,115.3231,INV3245,Kerala,KYC_REJECTED,FOLIO105648
TXN100319,118825,2022-04-14,Redemption,2000.0,155.8655,89.7348,INV1711,Delhi,KYC_REJECTED,FOLIO939742
TXN100320,118632,2020-08-11,Redemption,10000.0,93.7324,275.1615,INV3762,Karnataka,KYC_VERIFIED,FOLIO678487
TXN100321,118632,2022-10-18,Lumpsum,25000.0,127.3388,461.6776,INV5085,West Bengal,KYC_VERIFIED,FOLIO764144
TXN100322,118989,2022-01-05,Lumpsum,5000.0,68.9929,473.6301,INV2360,Tamil Nadu,KYC_VERIFIED,FOLIO407024
TXN100323,118712,2022-06-30,Lumpsum,5000.0,49.3715,25.359,INV8978,Gujarat,KYC_VERIFIED,FOLIO665875
TXN100324,120594,2024-08-30,SIP,2000.0,27.9825,171.5753,INV2628,Delhi,KYC_VERIFIED,FOLIO967554
TXN100325,120841,2023-07-03,Redemption,50000.0,85.3223,329.2691,INV9171,Uttar Pradesh,KYC_VERIFIED,FOLIO306008
TXN100326,119551,2021-05-06,Lumpsum,10000.0,60.7492,43.0272,INV5133,Delhi,KYC_VERIFIED,FOLIO357732
TXN100327,119644,2024-01-10,Lumpsum,1000.0,98.9768,118.3218,INV9768,Gujarat,KYC_VERIFIED,FOLIO452209
TXN100328,118825,2024-03-01,SIP,500.0,174.832,32.4994,INV5865,Tamil Nadu,KYC_VERIFIED,FOLIO824637
TXN100329,120178,2023-03-24,Redemption,1000.0,73.87,29.9671,INV9453,Karnataka,KYC_VERIFIED,FOLIO785492
TXN100330,119386,2024-02-20,SIP,2000.0,147.8981,93.8222,INV5376,Kerala,KYC_VERIFIED,FOLIO995591
TXN100331,120333,2020-07-31,Lumpsum,10000.0,172.3892,439.554,INV8041,West Bengal,KYC_VERIFIED,FOLIO528146
TXN100332,118551,2024-03-04,Lumpsum,10000.0,124.6341,125.6729,INV8929,Gujarat,KYC_VERIFIED,FOLIO646154
TXN100333,120178,2024-06-19,SIP,5000.0,169.8977,277.7584,INV4651,Delhi,KYC_VERIFIED,FOLIO906438
TXN100334,119551,2022-03-15,SIP,5000.0,80.7129,345.4018,INV1551,Karnataka,KYC_VERIFIED,FOLIO895157
TXN100335,120503,2020-05-04,SIP,50000.0,4.9794,233.8987,INV8471,Gujarat,KYC_VERIFIED,FOLIO543432
TXN100336,118632,2020-05-15,SIP,2000.0,157.3108,270.7508,INV9789,Telangana,KYC_VERIFIED,FOLIO236979
TXN100337,118890,2022-10-07,SIP,5000.0,106.1687,240.7037,INV1820,Maharashtra,KYC_VERIFIED,FOLIO674620
TXN100338,119203,2021-02-16,SIP,25000.0,59.0613,366.373,INV3119,Rajasthan,KYC_VERIFIED,FOLIO894429
TXN100339,119203,2021-04-22,Lumpsum,10000.0,2.7635,274.4598,INV8348,Telangana,KYC_VERIFIED,FOLIO922002
TXN100340,118551,2021-06-14,SIP,1000.0,137.3046,387.9144,INV2332,Kerala,KYC_PENDING,FOLIO683602
TXN100341,118989,2023-02-17,SIP,1000.0,19.798,45.0196,INV1913,Rajasthan,KYC_VERIFIED,FOLIO934428
TXN100342,120465,2022-05-31,Redemption,5000.0,65.6295,273.488,INV3796,Maharashtra,KYC_VERIFIED,FOLIO324109
TXN100343,118825,2022-06-06,Lumpsum,5000.0,170.1026,194.3861,INV7307,Telangana,KYC_VERIFIED,FOLIO226814
TXN100344,120333,2024-10-24,SIP,1000.0,35.7763,472.7253,INV9776,Kerala,KYC_VERIFIED,FOLIO258414
TXN100345,118712,2020-11-23,Redemption,25000.0,100.2389,484.5021,INV5429,West Bengal,KYC_VERIFIED,FOLIO266194
TXN100346,120333,2020-01-10,SIP,10000.0,130.8829,379.316,INV6212,Kerala,KYC_VERIFIED,FOLIO229399
TXN100347,119203,2023-08-29,Lumpsum,500.0,94.2134,214.5506,INV9934,Uttar Pradesh,KYC_VERIFIED,FOLIO551689
TXN100348,119551,2022-12-20,SIP,2000.0,48.749,464.7175,INV7947,Kerala,KYC_VERIFIED,FOLIO256642
TXN100349,120712,2024-08-02,Redemption,1000.0,183.4643,320.1293,INV4486,Telangana,KYC_VERIFIED,FOLIO786264
TXN100350,118989,2022-01-13,SIP,500.0,193.382,121.6999,INV8178,Gujarat,KYC_VERIFIED,FOLIO447428
TXN100351,118551,2023-02-13,Lumpsum,10000.0,106.1474,73.4449,INV7908,Karnataka,KYC_VERIFIED,FOLIO109666
TXN100352,119092,2023-08-16,Lumpsum,25000.0,68.9257,272.6033,INV2123,Tamil Nadu,KYC_PENDING,FOLIO590892
TXN100353,120712,2023-10-13,SIP,50000.0,87.9866,495.3478,INV1799,Maharashtra,KYC_VERIFIED,FOLIO306446
TXN100354,120712,2024-09-10,SIP,25000.0,122.1632,258.2855,INV3633,Kerala,KYC_VERIFIED,FOLIO462504
TXN100355,118890,2024-08-29,Redemption,50000.0,183.2271,279.815,INV7808,Tamil Nadu,KYC_VERIFIED,FOLIO378891
TXN100356,119092,2024-01-18,SIP,10000.0,53.3461,439.9317,INV8518,Kerala,KYC_PENDING,FOLIO458614
TXN100357,118551,2023-05-03,Lumpsum,2000.0,21.7478,490.7419,INV8872,Gujarat,KYC_PENDING,FOLIO593925
TXN100358,119775,2023-10-20,SIP,10000.0,66.0078,23.2447,INV8706,Tamil Nadu,KYC_VERIFIED,FOLIO733169
TXN100359,119644,2024-05-03,SIP,25000.0,134.9405,148.9812,INV2871,Kerala,KYC_VERIFIED,FOLIO227532
TXN100360,118632,2023-03-10,Lumpsum,10000.0,171.8641,164.2705,INV5549,Karnataka,KYC_VERIFIED,FOLIO647455
TXN100361,120712,2023-11-17,Lumpsum,25000.0,152.7465,456.6768,INV8787,Tamil Nadu,KYC_VERIFIED,FOLIO481934
TXN100362,118551,2020-08-04,Lumpsum,25000.0,172.803,233.9382,INV1604,Maharashtra,KYC_VERIFIED,FOLIO903034
TXN100363,119386,2022-05-31,Lumpsum,2000.0,130.4733,275.5838,INV4595,Tamil Nadu,KYC_VERIFIED,FOLIO900781
TXN100364,119775,2020-12-30,Lumpsum,10000.0,169.6531,465.8222,INV6207,West Bengal,KYC_VERIFIED,FOLIO748553
TXN100365,119386,2020-08-20,SIP,25000.0,194.6273,122.3699,INV3452,Kerala,KYC_VERIFIED,FOLIO920216
TXN100366,120333,2020-01-01,Lumpsum,5000.0,126.0289,435.988,INV6846,West Bengal,KYC_VERIFIED,FOLIO738837
TXN100367,118890,2023-04-24,Redemption,2000.0,179.8729,69.2476,INV3443,Gujarat,KYC_VERIFIED,FOLIO187734
TXN100368,119092,2023-02-15,Redemption,5000.0,185.8694,138.7822,INV3157,Kerala,KYC_VERIFIED,FOLIO576634
TXN100369,120503,2020-02-24,SIP,1000.0,88.2054,434.0324,INV1716,Uttar Pradesh,KYC_VERIFIED,FOLIO838682
TXN100370,120712,2020-01-14,Lumpsum,50000.0,79.9033,368.5025,INV6606,Telangana,KYC_VERIFIED,FOLIO911425
TXN100371,120465,2024-04-03,Lumpsum,5000.0,143.2905,479.445,INV3367,Tamil Nadu,KYC_VERIFIED,FOLIO424567
TXN100372,119775,2022-04-06,SIP,25000.0,88.4177,248.2605,INV9028,Tamil Nadu,KYC_REJECTED,FOLIO775414
TXN100373,119644,2023-09-13,SIP,25000.0,137.7126,479.9618,INV9644,Telangana,KYC_VERIFIED,FOLIO245382
TXN100374,118989,2024-06-05,Redemption,2000.0,74.8604,379.6243,INV3312,Rajasthan,KYC_VERIFIED,FOLIO915675
TXN100375,120594,2020-07-31,Redemption,5000.0,46.6812,273.3898,INV2136,Karnataka,KYC_VERIFIED,FOLIO803643
TXN100376,119551,2021-12-01,Lumpsum,10000.0,32.2935,196.5677,INV6207,Tamil Nadu,KYC_VERIFIED,FOLIO380627
TXN100377,120503,2022-12-22,Redemption,10000.0,166.9014,365.0301,INV6365,Delhi,KYC_VERIFIED,FOLIO948575
TXN100378,120712,2021-09-29,SIP,1000.0,12.2599,146.0179,INV1873,Karnataka,KYC_VERIFIED,FOLIO977026
TXN100379,119203,2023-07-28,SIP,25000.0,102.2019,116.2181,INV3863,Telangana,KYC_VERIFIED,FOLIO552678
TXN100380,120465,2021-07-05,Lumpsum,1000.0,195.9353,273.1905,INV5233,West Bengal,KYC_VERIFIED,FOLIO283002
TXN100381,118632,2020-04-06,Lumpsum,10000.0,35.8731,158.612,INV9692,Tamil Nadu,KYC_VERIFIED,FOLIO991140
TXN100382,119775,2021-08-04,Redemption,10000.0,99.7642,479.1501,INV3834,Maharashtra,KYC_VERIFIED,FOLIO331839
TXN100383,120841,2021-06-11,Lumpsum,50000.0,169.9953,434.6809,INV8628,Kerala,KYC_VERIFIED,FOLIO746314
TXN100384,120178,2020-04-03,SIP,2000.0,99.5189,158.2842,INV1673,Telangana,KYC_VERIFIED,FOLIO518182
TXN100385,120712,2021-10-06,Redemption,25000.0,148.4988,494.4873,INV8070,Rajasthan,KYC_VERIFIED,FOLIO796252
TXN100386,118712,2020-01-28,Redemption,50000.0,143.4977,408.1772,INV1131,Telangana,KYC_VERIFIED,FOLIO413211
TXN100387,118712,2023-01-06,Lumpsum,25000.0,76.4661,25.1711,INV9226,Maharashtra,KYC_VERIFIED,FOLIO134813
TXN100388,118712,2024-03-05,SIP,25000.0,81.4735,157.7897,INV9457,West Bengal,KYC_VERIFIED,FOLIO139904
TXN100389,118551,2022-04-18,SIP,5000.0,111.5298,273.7486,INV4259,Tamil Nadu,KYC_PENDING,FOLIO847569
TXN100390,118890,2020-07-02,Redemption,1000.0,79.0392,155.2351,INV2027,Gujarat,KYC_VERIFIED,FOLIO506172
TXN100391,119551,2024-10-30,Lumpsum,50000.0,164.9909,160.1909,INV1923,Uttar Pradesh,KYC_VERIFIED,FOLIO378300
TXN100392,119203,2020-01-24,Lumpsum,2000.0,167.236,460.7782,INV5371,Maharashtra,KYC_VERIFIED,FOLIO139871
TXN100393,118632,2022-10-25,SIP,10000.0,46.9313,445.5819,INV2843,Karnataka,KYC_VERIFIED,FOLIO887453
TXN100394,120841,2020-10-27,Redemption,2000.0,47.9993,339.2043,INV8564,Telangana,KYC_VERIFIED,FOLIO629277
TXN100395,119644,2020-06-24,Redemption,1000.0,11.2759,186.6848,INV8154,Kerala,KYC_VERIFIED,FOLIO113302
TXN100396,118712,2020-05-25,SIP,2000.0,156.568,376.9936,INV5226,Rajasthan,KYC_VERIFIED,FOLIO505529
TXN100397,120178,2023-03-24,SIP,50000.0,6.605,226.4947,INV4146,Uttar Pradesh,KYC_VERIFIED,FOLIO140913
TXN100398,120333,2022-04-27,SIP,1000.0,157.0681,355.0626,INV2164,West Bengal,KYC_PENDING,FOLIO163454
TXN100399,120841,2023-06-14,Lumpsum,10000.0,109.3435,110.625,INV2650,Uttar Pradesh,KYC_VERIFIED,FOLIO882005
TXN100400,119386,2022-06-15,Lumpsum,5000.0,62.2217,371.8256,INV6135,Rajasthan,KYC_VERIFIED,FOLIO756347
TXN100401,118551,2022-04-11,Redemption,1000.0,143.5904,194.7473,INV5039,Telangana,KYC_VERIFIED,FOLIO493533
TXN100402,120841,2023-05-25,Lumpsum,500.0,198.1119,80.4314,INV4628,Delhi,KYC_VERIFIED,FOLIO475522
TXN100403,120841,2021-04-01,Lumpsum,1000.0,36.1731,139.2897,INV7464,Uttar Pradesh,KYC_VERIFIED,FOLIO191085
TXN100404,120594,2024-09-16,Redemption,2000.0,155.6903,236.2349,INV4708,Gujarat,KYC_VERIFIED,FOLIO996355
TXN100405,125497,2024-04-12,Lumpsum,2000.0,70.8743,454.3491,INV5366,Karnataka,KYC_REJECTED,FOLIO405873
TXN100406,120333,2024-09-05,Lumpsum,1000.0,68.7799,407.9621,INV1853,Karnataka,KYC_VERIFIED,FOLIO678245
TXN100407,120503,2021-04-02,Lumpsum,10000.0,149.4305,372.32,INV5504,Karnataka,KYC_VERIFIED,FOLIO648029
TXN100408,120712,2022-01-28,SIP,1000.0,56.1265,168.3798,INV2560,West Bengal,KYC_VERIFIED,FOLIO731928
TXN100409,125497,2022-03-15,SIP,5000.0,194.1862,181.6399,INV1196,Uttar Pradesh,KYC_PENDING,FOLIO105923
TXN100410,120178,2022-12-30,Lumpsum,25000.0,87.5699,183.5491,INV6177,Rajasthan,KYC_VERIFIED,FOLIO328480
TXN100411,119386,2022-12-01,Lumpsum,500.0,17.356,392.8723,INV3993,Maharashtra,KYC_REJECTED,FOLIO413965
TXN100412,119775,2021-04-19,SIP,5000.0,61.8009,350.0234,INV9735,Uttar Pradesh,KYC_VERIFIED,FOLIO154758
TXN100413,120594,2020-02-27,SIP,50000.0,120.2938,369.476,INV2722,Rajasthan,KYC_VERIFIED,FOLIO342342
TXN100414,118989,2023-09-05,SIP,500.0,65.4576,209.09,INV5153,Telangana,KYC_VERIFIED,FOLIO698151
TXN100415,119775,2024-07-16,Lumpsum,2000.0,5.0238,127.8187,INV1036,Uttar Pradesh,KYC_VERIFIED,FOLIO205021
TXN100416,120594,2023-01-05,Redemption,10000.0,9.9096,301.0283,INV5710,Karnataka,KYC_VERIFIED,FOLIO686187
TXN100417,120712,2021-11-03,Redemption,2000.0,70.184,338.7401,INV1307,Tamil Nadu,KYC_PENDING,FOLIO302137
TXN100418,118551,2022-02-16,Lumpsum,500.0,108.5727,341.3329,INV7315,Gujarat,KYC_PENDING,FOLIO527656
TXN100419,118890,2023-03-16,SIP,500.0,63.1495,307.985,INV1719,Gujarat,KYC_VERIFIED,FOLIO641435
TXN100420,118551,2024-10-03,Lumpsum,2000.0,161.0357,417.6703,INV1666,Maharashtra,KYC_VERIFIED,FOLIO120898
TXN100421,119092,2021-05-10,Lumpsum,25000.0,167.4578,244.2288,INV4159,Kerala,KYC_PENDING,FOLIO511496
TXN100422,120178,2022-03-16,Lumpsum,25000.0,85.4511,59.9162,INV9588,Maharashtra,KYC_VERIFIED,FOLIO587398
TXN100423,119203,2024-12-16,Lumpsum,50000.0,21.2734,315.2884,INV5086,Telangana,KYC_VERIFIED,FOLIO823102
TXN100424,118551,2024-12-03,SIP,500.0,4.1183,255.0027,INV3409,Tamil Nadu,KYC_VERIFIED,FOLIO429257
TXN100425,118712,2020-10-16,SIP,1000.0,6.9547,347.3179,INV9255,Delhi,KYC_VERIFIED,FOLIO446050
TXN100426,119092,2020-06-26,SIP,50000.0,187.5443,264.5064,INV4214,West Bengal,KYC_VERIFIED,FOLIO124044
TXN100427,119386,2021-11-19,Redemption,5000.0,171.8674,309.4227,INV6302,Tamil Nadu,KYC_PENDING,FOLIO276250
TXN100428,125497,2021-01-28,SIP,1000.0,199.4145,114.5742,INV9899,Karnataka,KYC_VERIFIED,FOLIO585911
TXN100429,120333,2020-02-07,SIP,1000.0,14.632,220.0586,INV5410,Karnataka,KYC_VERIFIED,FOLIO409563
TXN100430,120465,2024-08-27,Redemption,10000.0,168.7682,453.9128,INV8329,Kerala,KYC_VERIFIED,FOLIO543858
TXN100431,118989,2022-11-09,Lumpsum,25000.0,55.0591,199.0292,INV5681,Gujarat,KYC_VERIFIED,FOLIO371100
TXN100432,119775,2023-11-28,SIP,5000.0,54.3039,52.8275,INV6170,Uttar Pradesh,KYC_VERIFIED,FOLIO774152
TXN100433,119775,2021-12-29,SIP,1000.0,102.7178,319.8602,INV8646,Gujarat,KYC_PENDING,FOLIO315240
TXN100434,125497,2022-11-03,SIP,25000.0,23.7284,322.0913,INV3605,Delhi,KYC_VERIFIED,FOLIO535162
TXN100435,120178,2024-12-03,SIP,500.0,174.7741,117.3052,INV4143,Uttar Pradesh,KYC_VERIFIED,FOLIO606607
TXN100436,120333,2021-06-11,Redemption,50000.0,3.2998,458.6495,INV6398,Delhi,KYC_VERIFIED,FOLIO135684
TXN100437,119551,2022-12-21,SIP,5000.0,111.4852,187.4395,INV9184,Karnataka,KYC_VERIFIED,FOLIO814219
TXN100438,120503,2020-08-03,SIP,10000.0,133.2665,378.4414,INV3498,Delhi,KYC_VERIFIED,FOLIO763039
TXN100439,120712,2022-01-11,Redemption,5000.0,197.3831,122.4832,INV5576,West Bengal,KYC_VERIFIED,FOLIO458142
TXN100440,120594,2023-07-26,SIP,50000.0,131.2058,163.4165,INV7208,Delhi,KYC_VERIFIED,FOLIO231403
TXN100441,118890,2023-09-06,SIP,1000.0,80.8776,75.7696,INV5910,Tamil Nadu,KYC_VERIFIED,FOLIO363692
TXN100442,120841,2020-02-26,SIP,50000.0,181.91,51.4547,INV5909,Uttar Pradesh,KYC_VERIFIED,FOLIO777443
TXN100443,119551,2020-11-05,Lumpsum,25000.0,133.5005,126.8942,INV8279,Kerala,KYC_VERIFIED,FOLIO747258
TXN100444,119203,2023-09-19,Lumpsum,5000.0,163.9702,324.2675,INV8166,Karnataka,KYC_VERIFIED,FOLIO688488
TXN100445,118989,2021-01-04,SIP,1000.0,67.8466,89.225,INV7075,Telangana,KYC_VERIFIED,FOLIO725461
TXN100446,119203,2024-03-11,SIP,10000.0,46.254,164.9429,INV3618,Telangana,KYC_VERIFIED,FOLIO752735
TXN100447,119203,2024-09-04,Lumpsum,1000.0,121.0945,304.449,INV1056,Kerala,KYC_VERIFIED,FOLIO664798
TXN100448,118989,2024-01-22,SIP,5000.0,152.7152,309.4358,INV4563,Gujarat,KYC_VERIFIED,FOLIO111094
TXN100449,119386,2023-03-28,Redemption,2000.0,18.1019,456.0279,INV6836,Gujarat,KYC_VERIFIED,FOLIO401573
TXN100450,120594,2023-11-10,SIP,1000.0,199.1582,216.0413,INV4631,Tamil Nadu,KYC_VERIFIED,FOLIO652411
TXN100451,125497,2023-02-08,SIP,1000.0,66.0909,162.1227,INV1045,Kerala,KYC_VERIFIED,FOLIO487082
TXN100452,118825,2020-04-23,Lumpsum,500.0,37.2471,165.1289,INV7691,Karnataka,KYC_VERIFIED,FOLIO462471
TXN100453,118890,2022-04-28,Lumpsum,1000.0,133.2905,250.5317,INV2515,West Bengal,KYC_VERIFIED,FOLIO142528
TXN100454,120465,2023-07-31,SIP,50000.0,187.723,296.2817,INV3594,Rajasthan,KYC_VERIFIED,FOLIO740247
TXN100455,119644,2020-11-09,Redemption,25000.0,2.8888,297.3604,INV3929,Kerala,KYC_VERIFIED,FOLIO572889
TXN100456,118632,2020-12-08,Redemption,25000.0,4.0414,297.7836,INV7171,Delhi,KYC_VERIFIED,FOLIO522778
TXN100457,119775,2024-06-12,Lumpsum,2000.0,161.2163,121.6016,INV2650,Gujarat,KYC_VERIFIED,FOLIO763274
TXN100458,120503,2020-03-02,SIP,50000.0,158.0817,400.073,INV5468,Uttar Pradesh,KYC_VERIFIED,FOLIO779560
TXN100459,120712,2021-10-18,SIP,25000.0,141.1293,154.0292,INV1650,Karnataka,KYC_VERIFIED,FOLIO647409
TXN100460,118632,2021-09-01,Lumpsum,50000.0,29.2666,102.603,INV1087,Rajasthan,KYC_VERIFIED,FOLIO399242
TXN100461,120333,2020-11-05,Lumpsum,50000.0,122.3006,413.377,INV8938,Tamil Nadu,KYC_VERIFIED,FOLIO161669
TXN100462,119092,2022-08-16,SIP,10000.0,20.7152,273.9425,INV1596,Rajasthan,KYC_VERIFIED,FOLIO108157
TXN100463,120465,2024-05-07,Lumpsum,25000.0,120.2421,280.1242,INV8833,Uttar Pradesh,KYC_VERIFIED,FOLIO949920
TXN100464,119551,2021-05-26,Lumpsum,10000.0,192.3631,21.5435,INV1719,Rajasthan,KYC_VERIFIED,FOLIO584462
TXN100465,120333,2024-04-24,SIP,50000.0,134.246,18.4373,INV9431,Maharashtra,KYC_PENDING,FOLIO559317
TXN100466,120178,2021-03-01,Lumpsum,500.0,144.2577,256.2292,INV2213,Maharashtra,KYC_VERIFIED,FOLIO675389
TXN100467,118989,2021-01-26,SIP,25000.0,97.9509,405.2358,INV5243,Telangana,KYC_VERIFIED,FOLIO350575
TXN100468,118551,2021-11-02,Lumpsum,2000.0,111.6246,350.8669,INV9072,Kerala,KYC_VERIFIED,FOLIO531145
TXN100469,120503,2023-05-04,Redemption,500.0,46.3727,446.3429,INV5919,Telangana,KYC_VERIFIED,FOLIO818961
TXN100470,118825,2022-04-01,SIP,500.0,107.8411,301.9161,INV4712,Uttar Pradesh,KYC_VERIFIED,FOLIO578200
TXN100471,118632,2020-11-12,SIP,1000.0,187.7684,398.7607,INV2438,Delhi,KYC_VERIFIED,FOLIO842288
TXN100472,120841,2020-06-23,Lumpsum,10000.0,141.163,120.1626,INV4997,Gujarat,KYC_VERIFIED,FOLIO144024
TXN100473,119644,2020-06-10,SIP,1000.0,184.5606,462.5688,INV9028,Gujarat,KYC_VERIFIED,FOLIO104351
TXN100474,119092,2023-06-16,SIP,2000.0,13.1556,383.8416,INV6025,Maharashtra,KYC_VERIFIED,FOLIO339718
TXN100475,118890,2024-04-18,Redemption,5000.0,82.3918,179.8762,INV9206,Delhi,KYC_VERIFIED,FOLIO196644
TXN100476,120333,2021-09-07,SIP,25000.0,184.0631,20.7457,INV9294,Maharashtra,KYC_VERIFIED,FOLIO385535
TXN100477,118825,2022-01-14,Lumpsum,5000.0,45.7102,267.4709,INV3338,West Bengal,KYC_VERIFIED,FOLIO115731
TXN100478,125497,2021-07-02,Lumpsum,2000.0,105.8834,113.5662,INV1660,Uttar Pradesh,KYC_VERIFIED,FOLIO115881
TXN100479,119644,2022-05-13,Redemption,50000.0,48.1914,276.9718,INV4891,West Bengal,KYC_VERIFIED,FOLIO633846
TXN100480,120712,2020-09-22,Lumpsum,1000.0,3.8361,166.378,INV5134,West Bengal,KYC_PENDING,FOLIO600189
TXN100481,118632,2023-07-10,SIP,25000.0,32.2027,350.8043,INV3666,Rajasthan,KYC_REJECTED,FOLIO105174
TXN100482,120465,2024-04-11,SIP,5000.0,184.2675,317.7491,INV3640,Kerala,KYC_VERIFIED,FOLIO751358
TXN100483,120712,2024-04-15,SIP,25000.0,187.1295,191.5657,INV4180,Maharashtra,KYC_VERIFIED,FOLIO288852
TXN100484,119092,2020-09-29,Lumpsum,2000.0,84.8252,275.8011,INV9211,Uttar Pradesh,KYC_VERIFIED,FOLIO796033
TXN100485,120333,2024-08-09,Redemption,5000.0,151.6389,452.5693,INV7807,Maharashtra,KYC_VERIFIED,FOLIO184042
TXN100486,119386,2024-07-18,Lumpsum,25000.0,20.2204,310.8425,INV7414,Telangana,KYC_VERIFIED,FOLIO404224
TXN100487,118551,2020-03-25,Lumpsum,500.0,39.6433,279.3442,INV5714,Uttar Pradesh,KYC_VERIFIED,FOLIO629202
TXN100488,118632,2023-05-25,Lumpsum,5000.0,175.6036,397.8965,INV6066,Uttar Pradesh,KYC_VERIFIED,FOLIO170025
TXN100489,118632,2022-11-23,SIP,500.0,103.9974,35.9597,INV1620,Telangana,KYC_VERIFIED,FOLIO575576
TXN100490,118890,2022-02-04,Lumpsum,2000.0,25.436,157.9063,INV4463,Gujarat,KYC_PENDING,FOLIO110446
TXN100491,119644,2021-03-11,Lumpsum,500.0,59.946,236.8273,INV1902,Karnataka,KYC_VERIFIED,FOLIO677568
TXN100492,119203,2023-12-06,SIP,5000.0,111.7603,480.6796,INV8306,Tamil Nadu,KYC_VERIFIED,FOLIO341443
TXN100493,119203,2021-03-31,SIP,1000.0,171.2159,391.9573,INV9337,Tamil Nadu,KYC_VERIFIED,FOLIO214096
TXN100494,118551,2023-06-01,SIP,500.0,23.5498,206.1369,INV4714,Maharashtra,KYC_VERIFIED,FOLIO780737
TXN100495,120465,2021-05-06,SIP,2000.0,11.7635,44.6411,INV5891,Maharashtra,KYC_VERIFIED,FOLIO536919
TXN100496,119551,2021-09-10,SIP,10000.0,78.0843,297.6107,INV7882,Delhi,KYC_VERIFIED,FOLIO564091
TXN100497,119386,2023-02-13,SIP,1000.0,157.0032,42.2783,INV7175,Rajasthan,KYC_VERIFIED,FOLIO648963
TXN100498,120594,2020-07-28,SIP,50000.0,83.545,371.5415,INV6449,Uttar Pradesh,KYC_REJECTED,FOLIO396185
TXN100499,119386,2021-09-24,SIP,25000.0,58.7192,426.877,INV3265,Maharashtra,KYC_VERIFIED,FOLIO458419
TXN100500,119203,2020-04-02,Lumpsum,1000.0,34.8487,268.2631,INV1762,Maharashtra,KYC_VERIFIED,FOLIO683414
TXN100501,120712,2020-04-02,SIP,500.0,27.8878,188.634,INV7844,Telangana,KYC_VERIFIED,FOLIO712528
TXN100502,120712,2022-03-03,SIP,50000.0,17.3856,454.0671,INV7143,Karnataka,KYC_VERIFIED,FOLIO416640
TXN100503,118632,2023-06-20,Lumpsum,500.0,150.407,189.5397,INV6433,Tamil Nadu,KYC_VERIFIED,FOLIO885924
TXN100504,120503,2022-12-30,SIP,25000.0,154.9549,344.1132,INV9673,Karnataka,KYC_PENDING,FOLIO227363
TXN100505,120841,2022-09-29,Lumpsum,2000.0,24.8795,164.8824,INV4469,Gujarat,KYC_VERIFIED,FOLIO616180
TXN100506,118890,2024-02-22,Lumpsum,10000.0,43.4767,274.0381,INV4643,Telangana,KYC_PENDING,FOLIO253458
TXN100507,120594,2021-10-12,Lumpsum,25000.0,135.6615,393.1725,INV1323,Maharashtra,KYC_VERIFIED,FOLIO482626
TXN100508,119386,2023-06-08,Redemption,2000.0,31.2108,86.9833,INV1488,Telangana,KYC_VERIFIED,FOLIO612876
TXN100509,118825,2020-07-22,Lumpsum,50000.0,109.8915,268.8549,INV7828,Karnataka,KYC_VERIFIED,FOLIO250594
TXN100510,119203,2020-09-22,Redemption,500.0,22.7183,307.2395,INV1048,Karnataka,KYC_VERIFIED,FOLIO600017
TXN100511,119644,2023-11-24,SIP,1000.0,83.9831,293.7491,INV7350,Gujarat,KYC_VERIFIED,FOLIO121019
TXN100512,120841,2024-02-01,Lumpsum,5000.0,15.1901,178.2935,INV8933,West Bengal,KYC_VERIFIED,FOLIO872392
TXN100513,120465,2022-03-09,Redemption,2000.0,162.2421,212.2616,INV6424,Telangana,KYC_VERIFIED,FOLIO899703
TXN100514,119203,2022-04-14,SIP,10000.0,123.8867,15.6031,INV6425,Kerala,KYC_PENDING,FOLIO862518
TXN100515,120841,2020-07-06,Redemption,10000.0,184.1731,297.0943,INV7933,West Bengal,KYC_VERIFIED,FOLIO117046
TXN100516,119644,2020-06-18,SIP,10000.0,117.8981,323.9281,INV6925,Karnataka,KYC_VERIFIED,FOLIO618033
TXN100517,118551,2023-09-21,Lumpsum,500.0,45.3135,430.4282,INV2634,Tamil Nadu,KYC_VERIFIED,FOLIO518088
TXN100518,119386,2022-07-28,Redemption,25000.0,102.1905,55.7294,INV8500,Karnataka,KYC_VERIFIED,FOLIO614238
TXN100519,120333,2021-11-29,SIP,2000.0,143.289,413.995,INV7832,Maharashtra,KYC_VERIFIED,FOLIO988271
TXN100520,118551,2021-04-06,Redemption,500.0,118.3598,387.671,INV8677,West Bengal,KYC_VERIFIED,FOLIO592002
TXN100521,119203,2020-08-19,Redemption,5000.0,168.3758,292.4942,INV3579,Maharashtra,KYC_VERIFIED,FOLIO355102
TXN100522,120333,2022-11-10,Lumpsum,2000.0,32.9433,309.1303,INV1349,Rajasthan,KYC_VERIFIED,FOLIO862267
TXN100523,120465,2023-01-12,Redemption,500.0,68.4075,165.6529,INV3988,Gujarat,KYC_VERIFIED,FOLIO500794
TXN100524,120503,2022-05-06,Lumpsum,50000.0,75.8556,352.6385,INV3249,West Bengal,KYC_VERIFIED,FOLIO839860
TXN100525,119644,2024-04-23,Redemption,50000.0,188.6011,467.4932,INV5449,Uttar Pradesh,KYC_VERIFIED,FOLIO997296
TXN100526,118989,2020-01-07,SIP,5000.0,146.9347,45.6994,INV9251,Delhi,KYC_VERIFIED,FOLIO499391
TXN100527,119092,2020-12-11,SIP,2000.0,168.2937,180.6539,INV3065,Delhi,KYC_VERIFIED,FOLIO638783
TXN100528,120841,2021-06-24,Lumpsum,5000.0,169.3486,278.6887,INV8536,Maharashtra,KYC_VERIFIED,FOLIO197347
TXN100529,118632,2020-04-29,Redemption,5000.0,97.8109,25.1969,INV5216,Telangana,KYC_VERIFIED,FOLIO345149
TXN100530,125497,2022-01-27,Redemption,10000.0,131.1608,41.6285,INV7075,Karnataka,KYC_VERIFIED,FOLIO883855
TXN100531,120465,2022-03-07,Lumpsum,1000.0,24.9481,187.3918,INV2846,Karnataka,KYC_VERIFIED,FOLIO673359
TXN100532,118825,2020-06-29,Redemption,500.0,135.861,155.5144,INV3376,Rajasthan,KYC_VERIFIED,FOLIO854299
TXN100533,118989,2023-03-14,Lumpsum,1000.0,4.198,72.3537,INV9852,Karnataka,KYC_VERIFIED,FOLIO852660
TXN100534,120712,2021-05-27,SIP,1000.0,139.7001,211.4886,INV6542,Uttar Pradesh,KYC_VERIFIED,FOLIO459671
TXN100535,120465,2024-11-01,Lumpsum,10000.0,173.3321,419.7784,INV8130,Rajasthan,KYC_VERIFIED,FOLIO146542
TXN100536,119092,2023-07-10,Redemption,50000.0,53.4322,395.3099,INV9865,Rajasthan,KYC_PENDING,FOLIO328001
TXN100537,120178,2022-12-27,Lumpsum,50000.0,32.3673,188.0425,INV4235,Karnataka,KYC_VERIFIED,FOLIO833545
TXN100538,119203,2023-03-10,Lumpsum,50000.0,179.108,338.8798,INV5902,Telangana,KYC_VERIFIED,FOLIO222771
TXN100539,118825,2021-06-21,Redemption,2000.0,57.2361,62.1778,INV8043,Telangana,KYC_VERIFIED,FOLIO728301
TXN100540,120503,2024-03-19,SIP,5000.0,169.4079,258.8392,INV3855,Telangana,KYC_VERIFIED,FOLIO972333
TXN100541,120841,2023-06-07,Lumpsum,50000.0,46.9704,351.7753,INV9091,Kerala,KYC_VERIFIED,FOLIO230607
TXN100542,118825,2021-02-11,SIP,10000.0,113.2845,109.722,INV4425,Gujarat,KYC_PENDING,FOLIO353035
TXN100543,120178,2021-10-21,Lumpsum,50000.0,129.0476,285.969,INV8060,Maharashtra,KYC_VERIFIED,FOLIO943684
TXN100544,119644,2022-01-05,SIP,25000.0,188.1086,244.6693,INV7006,Karnataka,KYC_VERIFIED,FOLIO254655
TXN100545,119203,2024-05-23,Lumpsum,10000.0,106.6792,157.6645,INV7730,Tamil Nadu,KYC_VERIFIED,FOLIO666568
TXN100546,120503,2023-12-07,SIP,500.0,163.8174,160.2219,INV5673,Kerala,KYC_VERIFIED,FOLIO178832
TXN100547,119092,2020-07-08,Lumpsum,2000.0,105.0618,455.6639,INV5495,Delhi,KYC_VERIFIED,FOLIO926561
TXN100548,119203,2024-11-21,Lumpsum,2000.0,47.235,24.3358,INV9074,Delhi,KYC_VERIFIED,FOLIO347932
TXN100549,118989,2022-05-30,Redemption,500.0,71.4641,376.5224,INV1435,Rajasthan,KYC_VERIFIED,FOLIO193894
TXN100550,125497,2023-10-26,Lumpsum,5000.0,177.3314,477.7361,INV2743,Maharashtra,KYC_VERIFIED,FOLIO611991
TXN100551,119092,2024-09-30,Redemption,25000.0,142.7422,421.6936,INV6607,Maharashtra,KYC_VERIFIED,FOLIO734847
TXN100552,119092,2022-12-29,Lumpsum,500.0,5.2646,269.5937,INV9086,Telangana,KYC_VERIFIED,FOLIO487979
TXN100553,119775,2020-03-13,Lumpsum,500.0,78.71,108.7191,INV6103,Uttar Pradesh,KYC_VERIFIED,FOLIO103953
TXN100554,118825,2022-08-01,SIP,50000.0,46.2677,261.005,INV8781,West Bengal,KYC_VERIFIED,FOLIO614648
TXN100555,118989,2021-04-13,SIP,5000.0,190.5983,224.7333,INV9291,Delhi,KYC_VERIFIED,FOLIO622516
TXN100556,119775,2020-03-26,SIP,500.0,148.0105,121.3449,INV5616,Karnataka,KYC_VERIFIED,FOLIO832397
TXN100557,125497,2023-01-17,Redemption,1000.0,116.2328,234.3765,INV5874,Delhi,KYC_VERIFIED,FOLIO513604
TXN100558,125497,2021-06-11,SIP,1000.0,171.0105,347.7393,INV4334,Gujarat,KYC_VERIFIED,FOLIO386504
TXN100559,120503,2021-02-02,SIP,25000.0,119.0837,32.4565,INV8670,West Bengal,KYC_VERIFIED,FOLIO242728
TXN100560,119203,2021-04-26,SIP,5000.0,80.4893,442.2861,INV5526,Telangana,KYC_PENDING,FOLIO495576
TXN100561,119644,2024-06-28,Lumpsum,10000.0,63.0276,112.7435,INV9819,West Bengal,KYC_VERIFIED,FOLIO248636
TXN100562,118989,2023-05-29,Lumpsum,500.0,164.3932,393.7026,INV5565,Rajasthan,KYC_VERIFIED,FOLIO430248
TXN100563,118632,2023-10-25,Redemption,50000.0,121.3908,161.8827,INV2432,Rajasthan,KYC_VERIFIED,FOLIO322575
TXN100564,118825,2022-11-25,SIP,2000.0,192.7571,12.8898,INV1234,Kerala,KYC_VERIFIED,FOLIO290947
TXN100565,119092,2020-05-26,Lumpsum,500.0,129.2552,365.7855,INV7552,Delhi,KYC_VERIFIED,FOLIO467466
TXN100566,119386,2020-10-09,Redemption,25000.0,187.9658,430.2666,INV6095,Telangana,KYC_VERIFIED,FOLIO332393
TXN100567,120465,2021-02-16,Lumpsum,2000.0,129.8443,223.1012,INV8790,Gujarat,KYC_VERIFIED,FOLIO806311
TXN100568,120465,2024-01-25,SIP,25000.0,46.4774,28.4591,INV9058,Telangana,KYC_VERIFIED,FOLIO325300
TXN100569,120712,2020-01-27,SIP,2000.0,9.3704,393.5013,INV3067,Tamil Nadu,KYC_VERIFIED,FOLIO620825
TXN100570,119203,2024-10-24,SIP,10000.0,47.1189,55.3982,INV9870,Uttar Pradesh,KYC_VERIFIED,FOLIO512398
TXN100571,119644,2024-02-16,Lumpsum,25000.0,121.1952,475.905,INV6649,Gujarat,KYC_VERIFIED,FOLIO780412
TXN100572,118825,2022-03-07,SIP,5000.0,78.3953,473.6973,INV6528,Rajasthan,KYC_VERIFIED,FOLIO639476
TXN100573,125497,2024-10-01,Lumpsum,500.0,147.6949,29.6124,INV4758,Kerala,KYC_VERIFIED,FOLIO904484
TXN100574,120178,2022-04-15,SIP,2000.0,62.8938,158.6651,INV5237,Karnataka,KYC_VERIFIED,FOLIO269288
TXN100575,118825,2023-05-17,Redemption,500.0,84.5432,53.6118,INV7327,Maharashtra,KYC_VERIFIED,FOLIO866852
TXN100576,120178,2023-04-12,SIP,50000.0,153.7156,274.0114,INV2458,West Bengal,KYC_VERIFIED,FOLIO779049
TXN100577,120333,2024-02-21,SIP,500.0,173.2774,403.6206,INV6637,Delhi,KYC_VERIFIED,FOLIO212244
TXN100578,125497,2022-08-04,Redemption,1000.0,136.2204,243.351,INV9456,Tamil Nadu,KYC_VERIFIED,FOLIO344496
TXN100579,119644,2021-10-13,Lumpsum,10000.0,182.8599,476.6302,INV8310,Maharashtra,KYC_VERIFIED,FOLIO542644
TXN100580,119644,2024-01-02,SIP,10000.0,76.7229,488.0112,INV3260,Delhi,KYC_PENDING,FOLIO577070
TXN100581,119386,2021-04-30,SIP,25000.0,152.6802,324.8189,INV8742,Karnataka,KYC_VERIFIED,FOLIO653127
TXN100582,120594,2021-01-26,Lumpsum,500.0,31.6734,174.8758,INV9289,West Bengal,KYC_VERIFIED,FOLIO490178
TXN100583,119386,2024-12-02,Lumpsum,500.0,189.6409,496.2488,INV3285,Karnataka,KYC_VERIFIED,FOLIO830293
TXN100584,118551,2023-08-23,Lumpsum,1000.0,114.275,447.9197,INV4808,Delhi,KYC_PENDING,FOLIO880616
TXN100585,119203,2020-05-27,Lumpsum,500.0,163.2549,234.4491,INV1854,Tamil Nadu,KYC_VERIFIED,FOLIO165424
TXN100586,119203,2024-10-31,Redemption,1000.0,193.3516,343.7682,INV1838,Delhi,KYC_VERIFIED,FOLIO260730
TXN100587,118712,2023-05-15,Redemption,2000.0,46.733,431.569,INV1672,Rajasthan,KYC_VERIFIED,FOLIO726556
TXN100588,125497,2021-03-24,Lumpsum,5000.0,157.981,49.9562,INV6228,Kerala,KYC_PENDING,FOLIO622164
TXN100589,118989,2023-12-01,Lumpsum,500.0,133.6045,78.4578,INV7134,Gujarat,KYC_VERIFIED,FOLIO915304
TXN100590,118989,2024-01-08,Lumpsum,2000.0,62.2927,482.6977,INV6968,Gujarat,KYC_VERIFIED,FOLIO147223
TXN100591,120333,2023-04-24,Lumpsum,5000.0,183.3715,45.6553,INV8907,Rajasthan,KYC_REJECTED,FOLIO624185
TXN100592,120503,2024-08-27,SIP,5000.0,136.4181,306.0884,INV9117,Tamil Nadu,KYC_VERIFIED,FOLIO178055
TXN100593,118989,2024-04-24,Lumpsum,50000.0,170.5832,126.7895,INV4779,Telangana,KYC_VERIFIED,FOLIO325712
TXN100594,120178,2020-10-09,SIP,50000.0,87.3401,105.6307,INV5887,Kerala,KYC_VERIFIED,FOLIO497406
TXN100595,118825,2024-01-23,Lumpsum,2000.0,38.6542,356.8169,INV7954,Uttar Pradesh,KYC_VERIFIED,FOLIO660059
TXN100596,119775,2021-04-30,Lumpsum,25000.0,112.2883,365.2882,INV2348,Kerala,KYC_PENDING,FOLIO413714
TXN100597,118712,2020-09-02,Lumpsum,500.0,115.3542,26.9114,INV1486,Gujarat,KYC_VERIFIED,FOLIO742770
TXN100598,119386,2022-10-25,SIP,1000.0,175.2686,302.0014,INV5877,West Bengal,KYC_VERIFIED,FOLIO212731
TXN100599,119551,2024-04-02,SIP,1000.0,116.0992,92.936,INV1546,Karnataka,KYC_VERIFIED,FOLIO286931
TXN100600,118825,2020-01-27,Lumpsum,50000.0,161.0428,25.3304,INV3561,Maharashtra,KYC_VERIFIED,FOLIO655433
TXN100601,125497,2021-03-08,Redemption,1000.0,118.7348,499.1868,INV1965,Gujarat,KYC_PENDING,FOLIO254819
TXN100602,119386,2024-04-30,SIP,50000.0,153.4715,429.9272,INV3293,West Bengal,KYC_PENDING,FOLIO194735
TXN100603,120503,2020-12-31,SIP,2000.0,12.9095,152.8793,INV6657,Maharashtra,KYC_VERIFIED,FOLIO294495
TXN100604,119644,2020-12-28,SIP,1000.0,59.91,303.9073,INV6307,Karnataka,KYC_VERIFIED,FOLIO909403
TXN100605,118989,2022-11-22,Redemption,2000.0,199.8431,157.1921,INV1342,West Bengal,KYC_VERIFIED,FOLIO358610
TXN100606,118890,2024-04-09,Lumpsum,5000.0,50.519,287.279,INV2865,Gujarat,KYC_VERIFIED,FOLIO739194
TXN100607,120712,2021-09-03,Lumpsum,2000.0,14.5328,287.7896,INV6056,Rajasthan,KYC_PENDING,FOLIO957223
TXN100608,119386,2021-01-28,SIP,1000.0,31.2989,411.6943,INV1082,Gujarat,KYC_VERIFIED,FOLIO705576
TXN100609,118989,2021-11-15,Lumpsum,10000.0,82.5263,129.5687,INV8942,Kerala,KYC_VERIFIED,FOLIO739363
TXN100610,120178,2023-07-31,SIP,25000.0,21.1455,10.9745,INV1425,Maharashtra,KYC_VERIFIED,FOLIO637899
TXN100611,118890,2021-06-14,Lumpsum,5000.0,146.1077,489.2502,INV8029,Karnataka,KYC_VERIFIED,FOLIO523713
TXN100612,120594,2023-10-30,Lumpsum,25000.0,141.7527,432.959,INV2833,Delhi,KYC_VERIFIED,FOLIO369510
TXN100613,120841,2022-03-02,Redemption,500.0,31.7522,27.6171,INV3182,Rajasthan,KYC_PENDING,FOLIO704281
TXN100614,119386,2021-07-28,SIP,5000.0,1.7058,212.2988,INV9270,Tamil Nadu,KYC_VERIFIED,FOLIO279427
TXN100615,118890,2020-10-26,Redemption,10000.0,141.3911,84.6916,INV7079,Delhi,KYC_VERIFIED,FOLIO411913
TXN100616,119551,2022-03-16,SIP,50000.0,96.7059,233.515,INV5259,Tamil Nadu,KYC_VERIFIED,FOLIO536509
TXN100617,118890,2022-09-26,Lumpsum,10000.0,9.3862,72.8738,INV7581,Kerala,KYC_PENDING,FOLIO380329
TXN100618,120712,2021-02-04,Lumpsum,25000.0,34.3374,310.2926,INV5016,West Bengal,KYC_VERIFIED,FOLIO237883
TXN100619,120841,2022-06-22,SIP,50000.0,114.3193,113.9012,INV8977,Kerala,KYC_VERIFIED,FOLIO471995
TXN100620,120503,2022-05-18,SIP,2000.0,27.4125,227.7424,INV3565,Rajasthan,KYC_PENDING,FOLIO178817
TXN100621,119203,2021-07-28,Redemption,5000.0,56.7071,337.703,INV7929,Uttar Pradesh,KYC_VERIFIED,FOLIO104555
TXN100622,118551,2023-02-14,Lumpsum,1000.0,138.0572,322.0091,INV5946,Maharashtra,KYC_VERIFIED,FOLIO194033
TXN100623,118551,2024-09-26,SIP,1000.0,66.7581,419.9909,INV8343,Karnataka,KYC_VERIFIED,FOLIO418828
TXN100624,118632,2023-01-19,Lumpsum,1000.0,25.7519,136.5953,INV6864,Uttar Pradesh,KYC_PENDING,FOLIO276668
TXN100625,120712,2021-08-11,Lumpsum,50000.0,160.7027,165.7723,INV5102,Gujarat,KYC_VERIFIED,FOLIO446628
TXN100626,118890,2022-11-10,SIP,10000.0,64.3695,21.873,INV3653,Telangana,KYC_VERIFIED,FOLIO119404
TXN100627,119092,2022-12-30,Lumpsum,5000.0,126.4105,301.7841,INV9613,Kerala,KYC_PENDING,FOLIO675721
TXN100628,118890,2021-09-13,Lumpsum,1000.0,75.9718,402.4651,INV6992,Karnataka,KYC_VERIFIED,FOLIO597361
TXN100629,119092,2020-04-22,SIP,5000.0,75.0054,145.3342,INV6773,Uttar Pradesh,KYC_VERIFIED,FOLIO779185
TXN100630,120712,2023-09-12,SIP,1000.0,180.6526,212.7097,INV2600,Rajasthan,KYC_VERIFIED,FOLIO333097
TXN100631,120841,2020-04-08,SIP,2000.0,154.325,286.0671,INV5952,Uttar Pradesh,KYC_PENDING,FOLIO612397
TXN100632,118712,2022-02-15,Lumpsum,50000.0,75.0708,171.0112,INV4634,Telangana,KYC_VERIFIED,FOLIO402917
TXN100633,118632,2021-10-22,SIP,10000.0,125.9861,15.0842,INV5608,Gujarat,KYC_VERIFIED,FOLIO245317
TXN100634,119775,2021-06-21,Redemption,500.0,35.3966,425.0554,INV4837,Telangana,KYC_VERIFIED,FOLIO783884
TXN100635,120841,2022-01-26,SIP,5000.0,80.2158,453.049,INV4139,Uttar Pradesh,KYC_VERIFIED,FOLIO768803
TXN100636,119551,2020-09-02,Lumpsum,10000.0,187.2665,48.242,INV1867,Uttar Pradesh,KYC_VERIFIED,FOLIO268498
TXN100637,119203,2020-08-31,SIP,2000.0,48.2873,275.4321,INV6399,Gujarat,KYC_VERIFIED,FOLIO640141
TXN100638,118890,2023-06-01,SIP,500.0,140.9741,85.7529,INV5983,Rajasthan,KYC_VERIFIED,FOLIO136985
TXN100639,118825,2023-08-03,Lumpsum,10000.0,126.531,53.2209,INV9705,Maharashtra,KYC_VERIFIED,FOLIO730797
TXN100640,119386,2021-06-07,SIP,2000.0,155.4689,472.5997,INV1940,Kerala,KYC_VERIFIED,FOLIO682619
TXN100641,119551,2022-04-22,Lumpsum,50000.0,116.9824,489.5275,INV3593,Delhi,KYC_VERIFIED,FOLIO267779
TXN100642,119203,2024-05-03,SIP,10000.0,187.573,319.5425,INV8046,Delhi,KYC_VERIFIED,FOLIO481769
TXN100643,118712,2024-04-19,Lumpsum,2000.0,101.065,168.6733,INV5285,Tamil Nadu,KYC_REJECTED,FOLIO341882
TXN100644,120503,2024-11-20,SIP,5000.0,191.062,184.5162,INV7176,Uttar Pradesh,KYC_VERIFIED,FOLIO369695
TXN100645,119203,2022-11-02,SIP,10000.0,170.6133,202.0865,INV6721,West Bengal,KYC_VERIFIED,FOLIO864269
TXN100646,120841,2020-12-30,Redemption,25000.0,150.2758,452.1275,INV9158,Tamil Nadu,KYC_VERIFIED,FOLIO340574
TXN100647,120465,2023-04-18,Lumpsum,10000.0,171.7074,250.0787,INV9742,Uttar Pradesh,KYC_VERIFIED,FOLIO877043
TXN100648,120503,2024-08-09,Redemption,5000.0,78.4834,295.0042,INV2575,Telangana,KYC_VERIFIED,FOLIO113185
TXN100649,120503,2021-05-06,SIP,25000.0,127.7586,79.8659,INV9571,West Bengal,KYC_VERIFIED,FOLIO679046
TXN100650,119203,2021-07-08,Lumpsum,500.0,98.0128,167.4636,INV5770,Maharashtra,KYC_VERIFIED,FOLIO783310
TXN100651,118551,2023-10-04,Lumpsum,1000.0,109.4147,379.0814,INV2287,Kerala,KYC_VERIFIED,FOLIO847126
TXN100652,120712,2023-07-21,Redemption,25000.0,134.905,268.363,INV6517,Maharashtra,KYC_VERIFIED,FOLIO995037
TXN100653,118989,2021-07-27,Lumpsum,10000.0,42.5662,275.3619,INV9557,Gujarat,KYC_VERIFIED,FOLIO992095
TXN100654,120712,2021-01-15,Lumpsum,50000.0,67.9222,33.4566,INV9855,Gujarat,KYC_VERIFIED,FOLIO391305
TXN100655,120333,2023-04-13,Lumpsum,500.0,8.198,465.2871,INV8377,Rajasthan,KYC_PENDING,FOLIO137974
TXN100656,120178,2020-05-14,SIP,50000.0,166.4351,301.2677,INV2558,Maharashtra,KYC_VERIFIED,FOLIO461815
TXN100657,118551,2022-03-16,Redemption,50000.0,193.6534,497.7986,INV6683,Tamil Nadu,KYC_VERIFIED,FOLIO568445
TXN100658,120503,2020-09-01,Redemption,25000.0,196.4108,223.6671,INV4882,Maharashtra,KYC_VERIFIED,FOLIO870885
TXN100659,120594,2021-12-01,Lumpsum,2000.0,24.4554,175.1676,INV7178,Karnataka,KYC_VERIFIED,FOLIO143702
TXN100660,119386,2023-05-12,SIP,500.0,67.7685,452.3908,INV9817,Uttar Pradesh,KYC_VERIFIED,FOLIO204437
TXN100661,118825,2020-06-29,Lumpsum,5000.0,190.5744,45.0768,INV7499,Delhi,KYC_VERIFIED,FOLIO290935
TXN100662,119203,2024-05-03,SIP,10000.0,36.3527,487.3534,INV7639,Kerala,KYC_VERIFIED,FOLIO560329
TXN100663,118551,2023-09-15,SIP,5000.0,138.0672,118.4567,INV1036,Karnataka,KYC_VERIFIED,FOLIO911185
TXN100664,119775,2024-07-11,Lumpsum,25000.0,33.8162,186.6716,INV2428,Telangana,KYC_VERIFIED,FOLIO970158
TXN100665,119203,2020-02-11,Lumpsum,50000.0,104.1146,346.2516,INV2599,West Bengal,KYC_VERIFIED,FOLIO565475
TXN100666,119203,2022-03-10,Redemption,25000.0,130.3433,291.5573,INV6137,Gujarat,KYC_VERIFIED,FOLIO498600
TXN100667,119551,2024-10-10,SIP,500.0,172.1696,408.0484,INV2839,Karnataka,KYC_VERIFIED,FOLIO575158
TXN100668,119092,2023-05-10,SIP,500.0,148.4138,497.9452,INV9933,Maharashtra,KYC_VERIFIED,FOLIO814576
TXN100669,119386,2022-07-25,Redemption,5000.0,117.6945,396.1148,INV6737,Karnataka,KYC_VERIFIED,FOLIO163812
TXN100670,120465,2024-04-19,SIP,2000.0,101.254,20.5735,INV1035,Tamil Nadu,KYC_VERIFIED,FOLIO506578
TXN100671,120594,2021-04-13,SIP,500.0,176.1762,428.8376,INV6506,Tamil Nadu,KYC_VERIFIED,FOLIO317097
TXN100672,120841,2024-04-10,SIP,2000.0,70.0748,87.6135,INV9933,Rajasthan,KYC_VERIFIED,FOLIO870362
TXN100673,118632,2024-11-05,Redemption,2000.0,54.6501,363.7991,INV7752,Rajasthan,KYC_VERIFIED,FOLIO515777
TXN100674,119644,2021-10-19,Lumpsum,1000.0,67.1941,440.8333,INV4063,Karnataka,KYC_PENDING,FOLIO994367
TXN100675,120503,2023-12-19,Lumpsum,25000.0,167.7304,80.3556,INV6456,Telangana,KYC_VERIFIED,FOLIO226991
TXN100676,118632,2021-06-18,Lumpsum,10000.0,164.2961,47.6666,INV3549,Uttar Pradesh,KYC_VERIFIED,FOLIO643498
TXN100677,119644,2022-10-13,Lumpsum,500.0,196.8668,412.776,INV7006,Karnataka,KYC_VERIFIED,FOLIO139928
TXN100678,119644,2020-02-07,SIP,5000.0,125.0531,245.9212,INV5529,Rajasthan,KYC_VERIFIED,FOLIO417252
TXN100679,125497,2023-11-23,Lumpsum,5000.0,69.8269,169.1352,INV9932,Rajasthan,KYC_REJECTED,FOLIO237512
TXN100680,120841,2021-02-24,Redemption,10000.0,9.3674,42.5714,INV4077,Telangana,KYC_VERIFIED,FOLIO243755
TXN100681,120178,2020-03-09,Lumpsum,500.0,112.1167,485.0786,INV9863,Kerala,KYC_VERIFIED,FOLIO247753
TXN100682,118712,2021-09-06,Lumpsum,25000.0,149.7667,248.4065,INV1082,Maharashtra,KYC_VERIFIED,FOLIO412865
TXN100683,119551,2020-10-20,Lumpsum,25000.0,24.4666,183.5445,INV3607,Tamil Nadu,KYC_REJECTED,FOLIO169560
TXN100684,120841,2021-07-29,SIP,50000.0,136.863,287.3924,INV9883,Gujarat,KYC_VERIFIED,FOLIO669056
TXN100685,120178,2024-06-07,SIP,50000.0,74.2247,183.1038,INV9169,Uttar Pradesh,KYC_VERIFIED,FOLIO465931
TXN100686,125497,2021-11-17,Lumpsum,2000.0,13.6295,214.1544,INV4228,Karnataka,KYC_PENDING,FOLIO533692
TXN100687,118989,2022-05-04,Lumpsum,1000.0,151.4742,474.3981,INV7160,Maharashtra,KYC_VERIFIED,FOLIO315041
TXN100688,119775,2020-03-16,Redemption,500.0,73.9508,344.4259,INV6617,Uttar Pradesh,KYC_VERIFIED,FOLIO777094
TXN100689,119203,2020-02-07,Lumpsum,1000.0,11.8282,296.9237,INV1054,Telangana,KYC_VERIFIED,FOLIO547432
TXN100690,119386,2020-01-13,Lumpsum,5000.0,163.7037,43.587,INV8610,Telangana,KYC_VERIFIED,FOLIO806863
TXN100691,118825,2023-05-02,SIP,50000.0,96.0108,205.8074,INV9311,Tamil Nadu,KYC_VERIFIED,FOLIO875327
TXN100692,118712,2023-08-22,SIP,25000.0,25.7414,382.8486,INV4511,Delhi,KYC_PENDING,FOLIO427326
TXN100693,120594,2021-12-30,SIP,500.0,151.5986,255.4567,INV4729,Delhi,KYC_VERIFIED,FOLIO787269
TXN100694,118825,2020-11-19,Redemption,5000.0,77.6774,343.2861,INV8906,Kerala,KYC_VERIFIED,FOLIO176186
TXN100695,119775,2023-09-15,Redemption,25000.0,134.9249,403.558,INV9214,Tamil Nadu,KYC_VERIFIED,FOLIO371366
TXN100696,120594,2020-09-10,SIP,25000.0,176.4302,451.1139,INV3337,Karnataka,KYC_VERIFIED,FOLIO932208
TXN100697,120503,2024-04-11,Redemption,25000.0,97.3656,176.5557,INV7142,Telangana,KYC_VERIFIED,FOLIO715438
TXN100698,125497,2022-11-30,Redemption,5000.0,141.4422,207.4882,INV1509,Maharashtra,KYC_VERIFIED,FOLIO997206
TXN100699,119203,2022-06-06,Lumpsum,1000.0,182.4564,433.2373,INV2266,West Bengal,KYC_VERIFIED,FOLIO656590
TXN100700,120503,2024-11-05,SIP,5000.0,49.5922,323.0179,INV9817,Kerala,KYC_VERIFIED,FOLIO838840
TXN100701,125497,2023-06-05,Lumpsum,500.0,80.9644,493.871,INV7782,Telangana,KYC_VERIFIED,FOLIO749510
TXN100702,120178,2024-09-18,SIP,500.0,155.1095,199.3098,INV2538,Uttar Pradesh,KYC_PENDING,FOLIO703544
TXN100703,120333,2022-01-05,SIP,5000.0,60.0139,209.1988,INV8147,Uttar Pradesh,KYC_VERIFIED,FOLIO203549
TXN100704,120178,2023-03-27,SIP,10000.0,49.9695,311.3677,INV9939,Gujarat,KYC_REJECTED,FOLIO660253
TXN100705,119644,2020-03-23,Redemption,25000.0,33.7365,59.6862,INV8275,Uttar Pradesh,KYC_VERIFIED,FOLIO667585
TXN100706,119203,2020-04-07,SIP,1000.0,107.9163,40.7801,INV6530,Gujarat,KYC_VERIFIED,FOLIO701830
TXN100707,118890,2020-09-04,Lumpsum,1000.0,2.4941,69.588,INV2517,Rajasthan,KYC_VERIFIED,FOLIO775778
TXN100708,119775,2020-12-29,Lumpsum,50000.0,157.7201,66.0387,INV3570,Tamil Nadu,KYC_VERIFIED,FOLIO914189
TXN100709,120178,2020-09-23,Lumpsum,25000.0,155.3068,47.4416,INV1686,Rajasthan,KYC_VERIFIED,FOLIO402995
TXN100710,120465,2023-07-21,SIP,500.0,41.1866,391.5011,INV2367,Karnataka,KYC_VERIFIED,FOLIO277546
TXN100711,118632,2022-11-24,SIP,1000.0,13.207,272.6645,INV8528,Rajasthan,KYC_VERIFIED,FOLIO723402
TXN100712,118989,2023-03-02,SIP,2000.0,166.8755,400.8532,INV9775,Telangana,KYC_VERIFIED,FOLIO425820
TXN100713,120333,2021-06-24,SIP,5000.0,17.0533,42.7413,INV4407,Maharashtra,KYC_VERIFIED,FOLIO326261
TXN100714,119644,2024-08-21,Lumpsum,50000.0,29.5911,471.9564,INV5531,Telangana,KYC_VERIFIED,FOLIO938520
TXN100715,120712,2022-03-29,SIP,10000.0,42.6958,129.7775,INV6342,Rajasthan,KYC_VERIFIED,FOLIO920350
TXN100716,119644,2020-02-28,SIP,1000.0,96.6306,197.1627,INV5759,Kerala,KYC_VERIFIED,FOLIO947155
TXN100717,119644,2023-02-20,Redemption,500.0,32.8789,142.8056,INV5716,Rajasthan,KYC_VERIFIED,FOLIO880449
TXN100718,118712,2022-03-28,Lumpsum,50000.0,164.0166,64.9213,INV5769,Rajasthan,KYC_VERIFIED,FOLIO451827
TXN100719,120333,2024-07-05,SIP,5000.0,83.1948,133.2992,INV3021,Delhi,KYC_VERIFIED,FOLIO198044
TXN100720,118890,2022-07-15,Lumpsum,1000.0,117.69,40.3873,INV6436,Delhi,KYC_VERIFIED,FOLIO877806
TXN100721,119644,2023-08-09,Lumpsum,1000.0,178.4598,307.3723,INV8734,Karnataka,KYC_VERIFIED,FOLIO983959
TXN100722,120503,2020-05-06,Lumpsum,25000.0,98.6952,179.7624,INV9269,Maharashtra,KYC_VERIFIED,FOLIO899132
TXN100723,119551,2024-09-16,SIP,5000.0,56.9994,410.3532,INV9732,Kerala,KYC_VERIFIED,FOLIO117472
TXN100724,119386,2024-07-12,Lumpsum,1000.0,57.5207,414.9923,INV3861,Karnataka,KYC_VERIFIED,FOLIO429776
TXN100725,120712,2021-04-05,Redemption,10000.0,26.2961,117.8869,INV6920,Maharashtra,KYC_VERIFIED,FOLIO513982
TXN100726,118890,2021-06-18,SIP,50000.0,156.4477,280.2634,INV8475,Gujarat,KYC_VERIFIED,FOLIO620076
TXN100727,119203,2024-04-18,SIP,2000.0,98.3912,468.3186,INV8672,Tamil Nadu,KYC_VERIFIED,FOLIO959987
TXN100728,119644,2021-12-02,Lumpsum,5000.0,108.3795,412.9727,INV4075,Karnataka,KYC_VERIFIED,FOLIO193161
TXN100729,118890,2023-01-02,Lumpsum,10000.0,194.5409,69.8829,INV1090,Maharashtra,KYC_VERIFIED,FOLIO583254
TXN100730,118632,2023-01-12,Redemption,500.0,48.4282,157.2821,INV1134,Kerala,KYC_VERIFIED,FOLIO319827
TXN100731,119203,2024-09-24,SIP,2000.0,3.7902,62.4402,INV4530,Rajasthan,KYC_PENDING,FOLIO512927
TXN100732,119386,2021-03-30,Lumpsum,10000.0,165.4926,454.3248,INV4540,Tamil Nadu,KYC_PENDING,FOLIO603668
TXN100733,118551,2024-04-02,Redemption,2000.0,48.5038,408.1643,INV8004,Tamil Nadu,KYC_VERIFIED,FOLIO684965
TXN100734,118632,2024-04-11,SIP,10000.0,8.3103,155.8964,INV8669,Uttar Pradesh,KYC_VERIFIED,FOLIO146885
TXN100735,119644,2023-05-30,Lumpsum,500.0,172.6559,383.3954,INV5542,Maharashtra,KYC_VERIFIED,FOLIO439750
TXN100736,120503,2024-05-27,SIP,25000.0,90.383,277.6578,INV7934,Tamil Nadu,KYC_VERIFIED,FOLIO883853
TXN100737,118632,2020-07-10,Lumpsum,1000.0,73.132,409.2144,INV8616,Rajasthan,KYC_VERIFIED,FOLIO526509
TXN100738,120178,2021-10-21,Lumpsum,1000.0,139.0217,456.5831,INV3191,Telangana,KYC_VERIFIED,FOLIO609564
TXN100739,119644,2020-05-04,SIP,5000.0,143.141,213.8178,INV6116,Gujarat,KYC_VERIFIED,FOLIO163709
TXN100740,119386,2023-08-10,Lumpsum,1000.0,190.8344,35.7306,INV5938,Telangana,KYC_PENDING,FOLIO808377
TXN100741,118989,2022-07-13,Lumpsum,25000.0,149.0778,477.3579,INV8437,Maharashtra,KYC_VERIFIED,FOLIO688650
TXN100742,118632,2023-05-18,Lumpsum,2000.0,65.6525,50.3004,INV8920,Delhi,KYC_VERIFIED,FOLIO126867
TXN100743,118890,2023-01-26,Lumpsum,5000.0,114.7149,292.1166,INV2858,Gujarat,KYC_VERIFIED,FOLIO258442
TXN100744,120594,2021-10-25,SIP,50000.0,51.7852,419.131,INV8529,Uttar Pradesh,KYC_VERIFIED,FOLIO756596
TXN100745,119092,2022-08-15,Lumpsum,25000.0,16.09,67.3721,INV9739,Maharashtra,KYC_VERIFIED,FOLIO980711
TXN100746,119386,2023-09-26,SIP,1000.0,98.2988,421.9737,INV3755,Delhi,KYC_VERIFIED,FOLIO872612
TXN100747,125497,2024-03-28,SIP,50000.0,172.8708,148.9239,INV3643,Karnataka,KYC_PENDING,FOLIO236418
TXN100748,119386,2024-10-29,SIP,10000.0,185.7488,89.2985,INV6263,Gujarat,KYC_VERIFIED,FOLIO837976
TXN100749,118825,2024-08-29,SIP,2000.0,1.8287,200.8567,INV8603,Karnataka,KYC_VERIFIED,FOLIO994660
TXN100750,120841,2021-06-24,Lumpsum,2000.0,65.1902,229.3232,INV8066,Gujarat,KYC_VERIFIED,FOLIO717911
TXN100751,118825,2024-07-12,Redemption,2000.0,11.831,191.8605,INV1251,Tamil Nadu,KYC_VERIFIED,FOLIO896446
TXN100752,120465,2020-07-20,Lumpsum,5000.0,121.3129,245.7827,INV6451,Rajasthan,KYC_REJECTED,FOLIO991183
TXN100753,119551,2020-06-01,Redemption,25000.0,112.9134,91.8141,INV5610,Gujarat,KYC_VERIFIED,FOLIO674521
TXN100754,120178,2023-09-15,SIP,10000.0,66.7543,494.6048,INV2840,Uttar Pradesh,KYC_VERIFIED,FOLIO118885
TXN100755,120712,2022-08-23,Lumpsum,25000.0,118.6211,294.6202,INV2241,Rajasthan,KYC_PENDING,FOLIO687650
TXN100756,119092,2022-06-17,Lumpsum,500.0,96.3869,396.0192,INV8171,Delhi,KYC_VERIFIED,FOLIO840430
TXN100757,118989,2022-05-03,SIP,25000.0,75.817,75.2341,INV1773,Telangana,KYC_VERIFIED,FOLIO528335
TXN100758,119203,2020-07-17,Redemption,10000.0,32.4423,85.8499,INV8917,West Bengal,KYC_VERIFIED,FOLIO735305
TXN100759,125497,2020-07-17,Redemption,2000.0,109.3793,496.8075,INV4285,Telangana,KYC_VERIFIED,FOLIO491235
TXN100760,118825,2024-08-06,Redemption,5000.0,156.443,278.8397,INV2590,Rajasthan,KYC_PENDING,FOLIO917587
TXN100761,125497,2024-12-30,Lumpsum,50000.0,121.7461,230.5284,INV5478,Kerala,KYC_VERIFIED,FOLIO334826
TXN100762,120333,2024-09-23,SIP,10000.0,174.8207,152.4961,INV2180,Tamil Nadu,KYC_VERIFIED,FOLIO478465
TXN100763,119092,2021-10-06,Redemption,1000.0,175.3365,252.5992,INV9425,Telangana,KYC_VERIFIED,FOLIO413885
TXN100764,125497,2023-01-23,Redemption,10000.0,107.5844,23.1101,INV9830,Maharashtra,KYC_REJECTED,FOLIO746152
TXN100765,119203,2020-02-25,Lumpsum,5000.0,107.4549,167.7564,INV4055,Karnataka,KYC_VERIFIED,FOLIO918040
TXN100766,119203,2023-06-21,SIP,1000.0,21.945,86.2609,INV8301,West Bengal,KYC_VERIFIED,FOLIO256148
TXN100767,120712,2020-01-27,SIP,2000.0,157.5896,41.2347,INV5801,Tamil Nadu,KYC_VERIFIED,FOLIO828456
TXN100768,118825,2022-08-25,SIP,500.0,41.2372,191.1592,INV6697,Kerala,KYC_VERIFIED,FOLIO851397
TXN100769,120465,2020-09-22,Redemption,50000.0,65.4024,56.3172,INV8019,Kerala,KYC_VERIFIED,FOLIO709338
TXN100770,118551,2021-08-17,SIP,5000.0,49.3041,461.6342,INV9190,Uttar Pradesh,KYC_REJECTED,FOLIO926535
TXN100771,120712,2023-09-21,Lumpsum,5000.0,139.9533,17.7645,INV4425,Rajasthan,KYC_VERIFIED,FOLIO994499
TXN100772,119386,2022-08-29,Redemption,10000.0,182.9151,325.6268,INV5125,West Bengal,KYC_VERIFIED,FOLIO881779
TXN100773,119386,2020-04-24,SIP,1000.0,156.1474,44.1104,INV5639,Uttar Pradesh,KYC_PENDING,FOLIO401839
TXN100774,118632,2021-08-13,SIP,10000.0,104.4571,468.9458,INV8852,Karnataka,KYC_VERIFIED,FOLIO674335
TXN100775,119644,2021-07-26,SIP,1000.0,79.5852,211.5446,INV5886,Telangana,KYC_VERIFIED,FOLIO941429
TXN100776,119775,2024-08-23,Lumpsum,50000.0,109.8546,308.8456,INV6413,Rajasthan,KYC_VERIFIED,FOLIO426496
TXN100777,120178,2024-03-21,SIP,2000.0,132.5259,436.2595,INV9480,West Bengal,KYC_VERIFIED,FOLIO482263
TXN100778,119386,2023-06-12,SIP,25000.0,16.6133,209.598,INV9809,Telangana,KYC_REJECTED,FOLIO219865
TXN100779,125497,2022-11-15,Lumpsum,50000.0,45.3654,23.1919,INV5183,Delhi,KYC_VERIFIED,FOLIO585588
TXN100780,119551,2022-01-28,SIP,2000.0,197.1365,243.989,INV6486,Telangana,KYC_VERIFIED,FOLIO520200
TXN100781,120333,2024-03-12,Lumpsum,10000.0,131.5151,344.1873,INV3409,West Bengal,KYC_VERIFIED,FOLIO498353
TXN100782,118825,2021-07-14,Lumpsum,5000.0,198.0402,97.5511,INV9800,Karnataka,KYC_VERIFIED,FOLIO427473
TXN100783,120712,2020-10-29,SIP,10000.0,139.2625,382.1533,INV2711,Kerala,KYC_REJECTED,FOLIO574354
TXN100784,120465,2020-03-11,Lumpsum,10000.0,121.6874,167.4099,INV7148,Uttar Pradesh,KYC_VERIFIED,FOLIO484662
TXN100785,119092,2022-01-10,SIP,5000.0,179.5685,132.6513,INV1963,Telangana,KYC_VERIFIED,FOLIO916303
TXN100786,119092,2024-12-03,Redemption,25000.0,24.1295,52.1677,INV9016,Uttar Pradesh,KYC_VERIFIED,FOLIO195523
TXN100787,120841,2023-08-21,Lumpsum,5000.0,153.7628,446.0475,INV9167,Kerala,KYC_VERIFIED,FOLIO603898
TXN100788,119386,2021-09-21,SIP,25000.0,136.2684,291.6667,INV1970,Kerala,KYC_VERIFIED,FOLIO553475
TXN100789,118551,2020-08-14,Redemption,25000.0,66.7427,489.605,INV3344,West Bengal,KYC_VERIFIED,FOLIO452899
TXN100790,120503,2022-11-02,Lumpsum,50000.0,151.7803,49.5192,INV5125,Delhi,KYC_VERIFIED,FOLIO457484
TXN100791,118632,2021-08-16,Redemption,1000.0,13.8861,498.6016,INV3859,Kerala,KYC_VERIFIED,FOLIO936427
TXN100792,119551,2021-01-01,SIP,50000.0,126.5277,483.377,INV3861,Maharashtra,KYC_VERIFIED,FOLIO371439
TXN100793,120178,2024-10-29,Lumpsum,1000.0,64.1025,298.2069,INV2581,Rajasthan,KYC_VERIFIED,FOLIO999693
TXN100794,120465,2024-08-14,Redemption,10000.0,175.5969,258.4521,INV6333,Karnataka,KYC_VERIFIED,FOLIO164521
TXN100795,118551,2022-06-03,Redemption,25000.0,157.0564,412.0009,INV3474,West Bengal,KYC_PENDING,FOLIO427766
TXN100796,120841,2021-11-05,Redemption,500.0,34.1391,252.3126,INV6433,Maharashtra,KYC_VERIFIED,FOLIO720442
TXN100797,118712,2020-07-27,Redemption,5000.0,190.903,229.3147,INV9039,Telangana,KYC_VERIFIED,FOLIO180214
TXN100798,119551,2023-04-17,Redemption,2000.0,137.3169,336.7002,INV8089,Rajasthan,KYC_VERIFIED,FOLIO992349
TXN100799,120841,2022-02-21,Lumpsum,50000.0,136.7623,326.0178,INV8418,Kerala,KYC_VERIFIED,FOLIO704922
TXN100800,120333,2020-03-12,Lumpsum,1000.0,28.9201,41.3584,INV9314,Delhi,KYC_VERIFIED,FOLIO441669
TXN100801,120503,2024-07-10,SIP,5000.0,54.6945,109.0815,INV2118,Rajasthan,KYC_VERIFIED,FOLIO112564
TXN100802,119644,2024-12-25,SIP,2000.0,43.0405,252.8998,INV7166,Tamil Nadu,KYC_VERIFIED,FOLIO318487
TXN100803,119775,2023-07-24,Lumpsum,5000.0,142.8992,115.6902,INV9350,Telangana,KYC_VERIFIED,FOLIO526508
TXN100804,120712,2023-12-28,SIP,500.0,132.8358,168.3811,INV8576,Gujarat,KYC_VERIFIED,FOLIO983459
TXN100805,120594,2021-04-19,SIP,500.0,49.5738,31.3824,INV6358,Kerala,KYC_VERIFIED,FOLIO870418
TXN100806,118632,2023-02-03,Lumpsum,5000.0,124.1691,317.2165,INV5269,Maharashtra,KYC_VERIFIED,FOLIO553555
TXN100807,120465,2024-03-25,SIP,10000.0,47.936,36.7174,INV7712,Karnataka,KYC_PENDING,FOLIO822842
TXN100808,120178,2021-03-16,Lumpsum,10000.0,1.9852,363.3635,INV1807,Gujarat,KYC_VERIFIED,FOLIO835401
TXN100809,120594,2020-08-10,Lumpsum,10000.0,8.6907,101.7108,INV8566,Rajasthan,KYC_VERIFIED,FOLIO470915
TXN100810,118551,2020-01-09,Lumpsum,10000.0,76.32,318.701,INV4269,Kerala,KYC_VERIFIED,FOLIO128538
TXN100811,119386,2024-03-25,Redemption,10000.0,158.8295,443.7459,INV2066,Gujarat,KYC_PENDING,FOLIO830319
TXN100812,120465,2022-05-04,Lumpsum,10000.0,34.5,488.636,INV7920,West Bengal,KYC_VERIFIED,FOLIO670555
TXN100813,120333,2024-01-10,Redemption,2000.0,154.2255,439.8598,INV9546,Gujarat,KYC_VERIFIED,FOLIO591984
TXN100814,119092,2023-10-16,Lumpsum,500.0,11.7523,492.0141,INV3399,Kerala,KYC_PENDING,FOLIO246418
TXN100815,119551,2024-08-07,Lumpsum,10000.0,18.8064,231.2029,INV9112,Maharashtra,KYC_PENDING,FOLIO407161
TXN100816,119092,2022-08-04,SIP,2000.0,105.3359,65.0986,INV1682,Telangana,KYC_VERIFIED,FOLIO169066
TXN100817,118551,2024-07-18,Redemption,10000.0,14.0107,474.0459,INV3647,Karnataka,KYC_VERIFIED,FOLIO474898
TXN100818,118712,2021-11-17,SIP,50000.0,159.4382,56.9225,INV2443,Rajasthan,KYC_VERIFIED,FOLIO535057
TXN100819,118712,2024-12-16,Lumpsum,500.0,173.1208,256.2914,INV7698,Gujarat,KYC_VERIFIED,FOLIO436237
TXN100820,125497,2023-09-29,Lumpsum,1000.0,101.1741,65.7576,INV4886,Tamil Nadu,KYC_PENDING,FOLIO175788
TXN100821,120503,2020-10-14,Lumpsum,50000.0,133.0408,456.0599,INV4352,Gujarat,KYC_VERIFIED,FOLIO802808
TXN100822,118825,2021-04-21,Lumpsum,2000.0,146.8256,390.8449,INV5287,Telangana,KYC_VERIFIED,FOLIO370766
TXN100823,119092,2020-11-25,Lumpsum,50000.0,111.2182,379.6807,INV9477,Rajasthan,KYC_PENDING,FOLIO639275
TXN100824,119551,2024-05-06,Lumpsum,1000.0,177.0572,157.0193,INV1630,Gujarat,KYC_PENDING,FOLIO875075
TXN100825,118989,2021-01-19,Lumpsum,2000.0,199.9356,74.2179,INV7017,Delhi,KYC_VERIFIED,FOLIO730953
TXN100826,125497,2022-01-19,SIP,25000.0,111.4124,400.9275,INV7280,Telangana,KYC_REJECTED,FOLIO891853
TXN100827,120333,2021-09-03,SIP,500.0,130.2909,53.9973,INV8015,West Bengal,KYC_VERIFIED,FOLIO644939
TXN100828,118989,2020-12-25,SIP,5000.0,108.9548,212.4448,INV8331,Uttar Pradesh,KYC_VERIFIED,FOLIO351010
TXN100829,118712,2021-04-13,SIP,10000.0,108.3561,85.2456,INV5031,Uttar Pradesh,KYC_VERIFIED,FOLIO275641
TXN100830,119203,2021-02-15,Lumpsum,25000.0,123.6274,37.7236,INV5629,Delhi,KYC_PENDING,FOLIO796827
TXN100831,120841,2022-08-15,SIP,500.0,186.1762,230.1794,INV1844,Telangana,KYC_VERIFIED,FOLIO542408
TXN100832,119644,2021-10-26,Lumpsum,25000.0,3.9021,89.4801,INV9424,Karnataka,KYC_VERIFIED,FOLIO453311
TXN100833,119644,2021-12-09,SIP,500.0,164.0832,47.5466,INV8671,Kerala,KYC_VERIFIED,FOLIO228905
TXN100834,120465,2020-07-28,Lumpsum,25000.0,101.3098,211.2747,INV8232,Telangana,KYC_VERIFIED,FOLIO418660
TXN100835,119644,2021-07-13,SIP,500.0,108.4347,137.1298,INV4118,Telangana,KYC_VERIFIED,FOLIO986481
TXN100836,120178,2024-06-26,Lumpsum,50000.0,107.6227,367.6978,INV2381,West Bengal,KYC_VERIFIED,FOLIO200389
TXN100837,120712,2021-05-12,Redemption,1000.0,131.4655,61.5435,INV9045,Kerala,KYC_VERIFIED,FOLIO475347
TXN100838,119644,2020-11-05,Lumpsum,25000.0,6.974,483.4089,INV4548,Gujarat,KYC_VERIFIED,FOLIO706145
TXN100839,120841,2023-09-15,SIP,10000.0,69.6061,315.7956,INV6293,Rajasthan,KYC_VERIFIED,FOLIO600192
TXN100840,120333,2022-04-22,Redemption,2000.0,48.7051,387.1551,INV3190,Maharashtra,KYC_VERIFIED,FOLIO770489
TXN100841,120465,2022-02-24,Redemption,50000.0,168.8878,378.2853,INV9460,Kerala,KYC_VERIFIED,FOLIO562669
TXN100842,119551,2020-03-06,Lumpsum,25000.0,86.7119,167.274,INV5408,Rajasthan,KYC_VERIFIED,FOLIO835941
TXN100843,120465,2023-06-29,SIP,1000.0,23.457,485.0901,INV9293,Maharashtra,KYC_PENDING,FOLIO498228
TXN100844,120594,2024-07-29,SIP,2000.0,160.205,53.9885,INV8026,Maharashtra,KYC_VERIFIED,FOLIO732693
TXN100845,118551,2020-03-11,SIP,10000.0,195.1537,430.6383,INV5636,Karnataka,KYC_VERIFIED,FOLIO309223
TXN100846,118551,2020-11-09,Lumpsum,1000.0,184.6772,498.9113,INV3264,Tamil Nadu,KYC_VERIFIED,FOLIO380545
TXN100847,120594,2023-07-27,Redemption,10000.0,30.394,218.1654,INV1803,Rajasthan,KYC_VERIFIED,FOLIO311878
TXN100848,120333,2023-10-04,Lumpsum,5000.0,87.0932,417.184,INV9444,Karnataka,KYC_PENDING,FOLIO587114
TXN100849,125497,2023-06-15,Lumpsum,1000.0,162.6077,18.8421,INV2249,West Bengal,KYC_VERIFIED,FOLIO833569
TXN100850,119092,2020-02-04,Redemption,25000.0,21.2099,274.5537,INV3886,Delhi,KYC_VERIFIED,FOLIO618177
TXN100851,119644,2020-07-06,Redemption,5000.0,183.4084,347.7083,INV7820,Delhi,KYC_VERIFIED,FOLIO389791
TXN100852,125497,2021-02-24,Lumpsum,5000.0,49.9322,405.5524,INV4226,Rajasthan,KYC_VERIFIED,FOLIO938532
TXN100853,120503,2020-10-26,SIP,2000.0,108.919,466.4612,INV8101,West Bengal,KYC_VERIFIED,FOLIO583514
TXN100854,120178,2023-06-29,Redemption,10000.0,14.041,349.8889,INV2974,Tamil Nadu,KYC_VERIFIED,FOLIO129116
TXN100855,125497,2021-02-19,SIP,5000.0,46.8678,398.3441,INV7584,West Bengal,KYC_VERIFIED,FOLIO785827
TXN100856,119775,2020-05-05,Lumpsum,1000.0,33.9204,479.8209,INV2287,Uttar Pradesh,KYC_VERIFIED,FOLIO460758
TXN100857,120465,2021-05-20,Lumpsum,10000.0,65.138,72.5168,INV1289,Uttar Pradesh,KYC_VERIFIED,FOLIO300458
TXN100858,125497,2022-01-17,Redemption,5000.0,104.5193,191.3004,INV2303,Gujarat,KYC_VERIFIED,FOLIO789933
TXN100859,120712,2020-05-27,SIP,1000.0,39.5358,193.9645,INV6272,Uttar Pradesh,KYC_VERIFIED,FOLIO591818
TXN100860,119775,2024-11-20,Lumpsum,5000.0,52.1388,397.8719,INV8100,Tamil Nadu,KYC_VERIFIED,FOLIO602734
TXN100861,120333,2020-10-19,Redemption,2000.0,24.7905,37.4242,INV6012,Gujarat,KYC_VERIFIED,FOLIO987653
TXN100862,118890,2021-09-03,SIP,5000.0,75.5199,57.6961,INV3373,Karnataka,KYC_VERIFIED,FOLIO591569
TXN100863,119775,2024-06-04,SIP,10000.0,188.1227,148.5771,INV3805,Delhi,KYC_PENDING,FOLIO398168
TXN100864,119644,2024-03-14,Lumpsum,2000.0,79.6617,422.7075,INV5315,Maharashtra,KYC_VERIFIED,FOLIO378088
TXN100865,120465,2021-05-07,Lumpsum,10000.0,98.466,481.4376,INV6080,Telangana,KYC_VERIFIED,FOLIO204769
TXN100866,120465,2020-08-19,SIP,25000.0,109.0748,139.6766,INV4664,West Bengal,KYC_PENDING,FOLIO270136
TXN100867,118825,2021-03-05,SIP,2000.0,126.8948,342.1865,INV1509,Tamil Nadu,KYC_VERIFIED,FOLIO461596
TXN100868,120465,2023-08-01,Lumpsum,2000.0,15.7283,210.7092,INV2956,West Bengal,KYC_PENDING,FOLIO641559
TXN100869,119386,2023-08-18,Lumpsum,5000.0,59.0049,480.0463,INV8488,Delhi,KYC_PENDING,FOLIO392780
TXN100870,125497,2024-05-24,SIP,50000.0,8.8377,426.4363,INV5486,Telangana,KYC_VERIFIED,FOLIO890115
TXN100871,118825,2023-11-24,SIP,1000.0,156.2368,219.9654,INV9490,Tamil Nadu,KYC_VERIFIED,FOLIO680877
TXN100872,119551,2022-02-14,Lumpsum,25000.0,121.7114,393.7921,INV8259,West Bengal,KYC_VERIFIED,FOLIO862483
TXN100873,119203,2020-01-23,SIP,10000.0,189.7264,441.3806,INV9806,Karnataka,KYC_VERIFIED,FOLIO895849
TXN100874,120465,2022-06-28,Redemption,25000.0,57.368,426.4578,INV5862,Tamil Nadu,KYC_PENDING,FOLIO395512
TXN100875,120465,2022-02-04,Lumpsum,10000.0,122.078,464.1252,INV5437,Gujarat,KYC_VERIFIED,FOLIO476390
TXN100876,120841,2020-06-15,SIP,10000.0,122.6059,314.1455,INV2577,Maharashtra,KYC_VERIFIED,FOLIO468187
TXN100877,119644,2021-04-13,SIP,2000.0,15.8527,89.3099,INV2019,Uttar Pradesh,KYC_VERIFIED,FOLIO826226
TXN100878,119092,2023-03-13,Lumpsum,10000.0,171.9159,173.3948,INV1370,Delhi,KYC_VERIFIED,FOLIO616900
TXN100879,120712,2020-04-23,Redemption,1000.0,162.1092,97.2516,INV5921,Kerala,KYC_VERIFIED,FOLIO464860
TXN100880,120841,2024-12-10,SIP,1000.0,90.9533,453.7351,INV9912,Telangana,KYC_VERIFIED,FOLIO714984
TXN100881,120841,2024-01-29,SIP,5000.0,51.7665,406.1532,INV4367,Gujarat,KYC_VERIFIED,FOLIO748632
TXN100882,120594,2020-11-09,Lumpsum,2000.0,153.9417,90.1387,INV5248,Karnataka,KYC_VERIFIED,FOLIO566453
TXN100883,118632,2024-03-25,SIP,50000.0,175.2443,37.7011,INV3814,Rajasthan,KYC_VERIFIED,FOLIO609494
TXN100884,120712,2022-08-26,SIP,5000.0,4.4301,33.2511,INV8576,West Bengal,KYC_PENDING,FOLIO849040
TXN100885,119775,2024-09-04,Redemption,50000.0,156.0436,387.3538,INV9837,Karnataka,KYC_PENDING,FOLIO554261
TXN100886,119644,2022-11-28,SIP,10000.0,157.7235,209.2266,INV4253,Kerala,KYC_REJECTED,FOLIO929811
TXN100887,119386,2020-11-13,Lumpsum,500.0,65.1056,292.7807,INV7973,Uttar Pradesh,KYC_VERIFIED,FOLIO178033
TXN100888,120594,2024-10-17,Lumpsum,500.0,146.5882,431.811,INV1883,Karnataka,KYC_VERIFIED,FOLIO675238
TXN100889,120594,2021-05-10,Lumpsum,1000.0,28.2557,135.6218,INV5440,Gujarat,KYC_VERIFIED,FOLIO520639
TXN100890,119551,2023-02-27,Lumpsum,500.0,156.3934,369.587,INV2557,Uttar Pradesh,KYC_VERIFIED,FOLIO204062
TXN100891,118551,2023-11-23,SIP,10000.0,27.0301,58.4736,INV5641,Uttar Pradesh,KYC_VERIFIED,FOLIO645307
TXN100892,118890,2024-08-26,SIP,25000.0,145.0261,491.3744,INV2658,Rajasthan,KYC_VERIFIED,FOLIO797172
TXN100893,119551,2022-07-20,Lumpsum,500.0,184.9325,67.9412,INV4245,Karnataka,KYC_VERIFIED,FOLIO278908
TXN100894,119775,2024-03-27,Lumpsum,50000.0,20.7287,197.0831,INV2429,Rajasthan,KYC_PENDING,FOLIO619127
TXN100895,119092,2024-09-03,SIP,2000.0,149.7085,72.487,INV2291,Gujarat,KYC_VERIFIED,FOLIO999983
TXN100896,118890,2023-06-06,Redemption,25000.0,52.34,134.866,INV3059,West Bengal,KYC_VERIFIED,FOLIO595518
TXN100897,119203,2020-10-16,Redemption,5000.0,184.9046,91.6397,INV2570,Uttar Pradesh,KYC_PENDING,FOLIO608714
TXN100898,120465,2024-07-25,SIP,1000.0,48.4819,304.9068,INV9533,Delhi,KYC_VERIFIED,FOLIO730817
TXN100899,120465,2020-05-08,Lumpsum,5000.0,138.5311,394.7193,INV4698,West Bengal,KYC_VERIFIED,FOLIO432604
TXN100900,120465,2021-10-07,SIP,10000.0,152.2066,441.033,INV9577,Kerala,KYC_VERIFIED,FOLIO125920
TXN100901,119644,2023-07-06,Lumpsum,10000.0,108.3376,386.6601,INV6036,Gujarat,KYC_VERIFIED,FOLIO795809
TXN100902,120503,2024-06-06,SIP,50000.0,189.7001,234.2457,INV8303,Kerala,KYC_VERIFIED,FOLIO790069
TXN100903,120178,2024-06-17,Redemption,5000.0,153.0634,296.9235,INV8581,Maharashtra,KYC_VERIFIED,FOLIO997430
TXN100904,118632,2023-03-17,Lumpsum,2000.0,92.1108,176.0838,INV3435,Delhi,KYC_VERIFIED,FOLIO360800
TXN100905,119551,2021-10-25,SIP,1000.0,62.8708,20.3952,INV7523,Telangana,KYC_VERIFIED,FOLIO173332
TXN100906,119644,2020-03-27,SIP,50000.0,114.1038,203.0719,INV6187,West Bengal,KYC_VERIFIED,FOLIO990005
TXN100907,119203,2021-03-17,Lumpsum,2000.0,31.3674,318.0451,INV2175,Tamil Nadu,KYC_VERIFIED,FOLIO236736
TXN100908,120712,2023-05-09,Lumpsum,10000.0,44.3297,413.3577,INV5754,Karnataka,KYC_VERIFIED,FOLIO288244
TXN100909,119203,2024-03-08,SIP,500.0,137.5686,326.7667,INV6400,Tamil Nadu,KYC_VERIFIED,FOLIO886842
TXN100910,120503,2022-01-03,SIP,25000.0,52.5887,382.2001,INV9426,Tamil Nadu,KYC_VERIFIED,FOLIO338630
TXN100911,119203,2022-02-16,SIP,1000.0,89.8654,407.8092,INV1771,Karnataka,KYC_VERIFIED,FOLIO997087
TXN100912,120841,2020-06-05,Redemption,2000.0,98.4947,45.98,INV4262,Uttar Pradesh,KYC_VERIFIED,FOLIO429553
TXN100913,119775,2023-11-29,Lumpsum,50000.0,104.2562,243.0323,INV1254,Karnataka,KYC_VERIFIED,FOLIO411296
TXN100914,119386,2022-01-20,Redemption,10000.0,177.1234,188.3045,INV7848,Delhi,KYC_PENDING,FOLIO340898
TXN100915,120594,2022-11-17,Redemption,1000.0,118.7815,467.6041,INV8206,Gujarat,KYC_VERIFIED,FOLIO523596
TXN100916,120841,2020-03-19,Lumpsum,1000.0,108.4599,101.6842,INV5176,Gujarat,KYC_VERIFIED,FOLIO750467
TXN100917,125497,2021-07-02,Redemption,1000.0,68.3085,390.4982,INV6815,Tamil Nadu,KYC_VERIFIED,FOLIO231448
TXN100918,119644,2024-09-03,Redemption,50000.0,81.9023,215.7666,INV9656,Uttar Pradesh,KYC_VERIFIED,FOLIO566456
TXN100919,120503,2023-04-06,SIP,5000.0,156.3723,304.9292,INV2180,Tamil Nadu,KYC_VERIFIED,FOLIO369789
TXN100920,120594,2020-08-13,Lumpsum,25000.0,177.2867,270.2284,INV7290,Telangana,KYC_VERIFIED,FOLIO402934
TXN100921,119386,2024-05-13,Redemption,5000.0,97.986,424.9255,INV1789,West Bengal,KYC_VERIFIED,FOLIO146604
TXN100922,118825,2024-05-14,Redemption,25000.0,99.1965,93.9589,INV8840,Uttar Pradesh,KYC_VERIFIED,FOLIO133253
TXN100923,120841,2024-12-16,SIP,500.0,126.2104,415.288,INV5130,Gujarat,KYC_REJECTED,FOLIO515203
TXN100924,119092,2022-12-23,Lumpsum,10000.0,35.8823,103.1569,INV7225,West Bengal,KYC_VERIFIED,FOLIO747797
TXN100925,119092,2021-11-17,Redemption,1000.0,88.314,118.8442,INV4205,Uttar Pradesh,KYC_VERIFIED,FOLIO226650
TXN100926,125497,2024-05-06,Lumpsum,25000.0,21.2292,53.0262,INV3706,Gujarat,KYC_VERIFIED,FOLIO330546
TXN100927,120333,2021-02-12,Redemption,2000.0,22.5316,485.3378,INV8673,Kerala,KYC_VERIFIED,FOLIO790390
TXN100928,120178,2024-09-12,Redemption,5000.0,30.6289,253.4814,INV2690,Uttar Pradesh,KYC_PENDING,FOLIO345506
TXN100929,118825,2022-03-09,SIP,1000.0,46.8789,297.2672,INV3222,Uttar Pradesh,KYC_VERIFIED,FOLIO479575
TXN100930,119551,2023-10-23,SIP,5000.0,104.5581,102.7617,INV5488,Tamil Nadu,KYC_VERIFIED,FOLIO734392
TXN100931,119644,2020-02-07,SIP,10000.0,157.8309,409.3068,INV8310,Delhi,KYC_VERIFIED,FOLIO623568
TXN100932,119644,2023-11-09,Redemption,5000.0,45.151,207.1695,INV2147,Gujarat,KYC_VERIFIED,FOLIO515404
TXN100933,119644,2021-05-17,Redemption,25000.0,192.5072,128.5546,INV3563,Karnataka,KYC_VERIFIED,FOLIO110004
TXN100934,120841,2024-10-09,Lumpsum,10000.0,82.1223,276.4398,INV1726,Uttar Pradesh,KYC_PENDING,FOLIO475121
TXN100935,120503,2022-12-06,Lumpsum,25000.0,7.4234,63.158,INV6555,Telangana,KYC_PENDING,FOLIO140980
TXN100936,120503,2022-02-17,SIP,25000.0,1.3418,398.6543,INV1228,Gujarat,KYC_PENDING,FOLIO558539
TXN100937,120465,2024-12-26,SIP,2000.0,104.5872,474.6397,INV6664,Kerala,KYC_PENDING,FOLIO546038
TXN100938,120465,2020-03-06,SIP,10000.0,182.4207,450.6449,INV8438,Gujarat,KYC_VERIFIED,FOLIO707902
TXN100939,120333,2020-11-09,Lumpsum,500.0,50.8861,46.4549,INV9433,Gujarat,KYC_VERIFIED,FOLIO794730
TXN100940,118551,2021-10-12,SIP,2000.0,196.108,290.1216,INV4526,Kerala,KYC_VERIFIED,FOLIO636447
TXN100941,119775,2024-06-12,Lumpsum,500.0,13.3391,10.2733,INV4872,West Bengal,KYC_VERIFIED,FOLIO507765
TXN100942,118632,2022-03-09,Redemption,5000.0,89.6776,268.1341,INV7570,Telangana,KYC_VERIFIED,FOLIO905318
TXN100943,120333,2024-04-03,Lumpsum,10000.0,166.3701,471.5207,INV5120,Rajasthan,KYC_VERIFIED,FOLIO588684
TXN100944,118712,2023-10-27,Redemption,50000.0,85.7605,90.8988,INV5488,Uttar Pradesh,KYC_VERIFIED,FOLIO245516
TXN100945,120503,2022-03-17,Lumpsum,500.0,146.5616,392.5168,INV5978,Delhi,KYC_VERIFIED,FOLIO240158
TXN100946,120178,2023-09-21,SIP,500.0,100.1339,277.5362,INV6880,Delhi,KYC_VERIFIED,FOLIO851044
TXN100947,119551,2022-09-12,SIP,1000.0,101.9363,437.4626,INV6813,Maharashtra,KYC_VERIFIED,FOLIO282021
TXN100948,119386,2020-12-09,SIP,50000.0,7.5202,281.0667,INV3327,Karnataka,KYC_VERIFIED,FOLIO956654
TXN100949,120503,2022-11-11,SIP,10000.0,2.5927,362.4599,INV1548,Karnataka,KYC_VERIFIED,FOLIO508114
TXN100950,125497,2024-09-11,SIP,10000.0,53.5904,224.9606,INV1918,Gujarat,KYC_VERIFIED,FOLIO583199
TXN100951,119644,2021-03-22,Redemption,50000.0,145.635,494.3734,INV9807,Maharashtra,KYC_VERIFIED,FOLIO595673
TXN100952,118712,2023-09-08,Lumpsum,25000.0,5.8615,72.4624,INV6057,Tamil Nadu,KYC_VERIFIED,FOLIO875932
TXN100953,118890,2023-12-28,SIP,2000.0,85.8447,129.1296,INV2289,Karnataka,KYC_PENDING,FOLIO846876
TXN100954,120178,2020-10-27,SIP,2000.0,190.6146,331.9738,INV3635,Uttar Pradesh,KYC_VERIFIED,FOLIO891893
TXN100955,119092,2022-11-02,SIP,50000.0,168.1405,379.8702,INV2236,Telangana,KYC_VERIFIED,FOLIO374415
TXN100956,125497,2023-12-29,SIP,50000.0,71.0799,397.096,INV5036,Karnataka,KYC_PENDING,FOLIO719630
TXN100957,120178,2022-07-28,SIP,50000.0,145.0875,373.7258,INV7657,Kerala,KYC_VERIFIED,FOLIO410389
TXN100958,119644,2024-02-19,Lumpsum,2000.0,42.3836,445.0612,INV9237,Rajasthan,KYC_VERIFIED,FOLIO880789
TXN100959,119644,2021-03-12,SIP,25000.0,98.6734,30.8369,INV8294,Rajasthan,KYC_VERIFIED,FOLIO975350
TXN100960,119551,2021-01-27,Redemption,50000.0,187.1338,402.2281,INV4269,Karnataka,KYC_VERIFIED,FOLIO568581
TXN100961,118712,2020-03-04,Lumpsum,2000.0,92.7047,85.849,INV2934,Karnataka,KYC_VERIFIED,FOLIO530206
TXN100962,119644,2020-02-04,SIP,10000.0,128.3102,232.9542,INV6458,Uttar Pradesh,KYC_VERIFIED,FOLIO726974
TXN100963,119551,2022-02-22,Redemption,2000.0,54.0711,481.1976,INV5796,Uttar Pradesh,KYC_VERIFIED,FOLIO328354
TXN100964,120712,2024-01-22,SIP,50000.0,107.6918,19.3365,INV4914,Delhi,KYC_VERIFIED,FOLIO971311
TXN100965,120465,2020-05-28,SIP,10000.0,107.9346,382.3316,INV4531,Gujarat,KYC_VERIFIED,FOLIO321532
TXN100966,120503,2024-01-11,Redemption,500.0,30.9687,16.0548,INV6298,West Bengal,KYC_VERIFIED,FOLIO540270
TXN100967,120465,2023-03-02,Redemption,10000.0,39.5936,414.8589,INV5760,Telangana,KYC_VERIFIED,FOLIO982694
TXN100968,118632,2021-11-15,SIP,25000.0,39.4213,167.179,INV7566,Kerala,KYC_VERIFIED,FOLIO262236
TXN100969,120503,2024-03-18,Redemption,1000.0,119.8329,90.5943,INV6286,Delhi,KYC_VERIFIED,FOLIO749029
TXN100970,119386,2024-09-27,SIP,1000.0,4.445,288.2441,INV1508,Tamil Nadu,KYC_VERIFIED,FOLIO512628
TXN100971,119092,2020-08-14,Redemption,5000.0,86.3335,76.895,INV2615,Uttar Pradesh,KYC_VERIFIED,FOLIO404175
TXN100972,120333,2024-01-31,Lumpsum,25000.0,34.1971,50.6232,INV8868,Maharashtra,KYC_VERIFIED,FOLIO311767
TXN100973,118825,2023-10-04,Lumpsum,5000.0,158.6569,48.3115,INV9742,Tamil Nadu,KYC_VERIFIED,FOLIO243038
TXN100974,120333,2020-09-09,SIP,5000.0,16.2709,39.3353,INV6374,Karnataka,KYC_VERIFIED,FOLIO452993
TXN100975,125497,2023-05-30,Lumpsum,5000.0,67.9809,242.6583,INV4426,Telangana,KYC_VERIFIED,FOLIO566075
TXN100976,120841,2022-06-07,SIP,2000.0,65.0795,23.3845,INV3665,Rajasthan,KYC_VERIFIED,FOLIO740783
TXN100977,120178,2024-09-20,Lumpsum,500.0,176.4723,227.5322,INV5257,Maharashtra,KYC_VERIFIED,FOLIO529852
TXN100978,120465,2021-01-28,Lumpsum,1000.0,102.4565,43.6188,INV6500,Tamil Nadu,KYC_VERIFIED,FOLIO485372
TXN100979,118825,2024-10-01,SIP,2000.0,183.9836,478.792,INV1546,Telangana,KYC_VERIFIED,FOLIO676992
TXN100980,120503,2021-11-03,SIP,2000.0,157.2461,273.1739,INV4710,Telangana,KYC_VERIFIED,FOLIO216597
TXN100981,119644,2020-09-07,Redemption,50000.0,98.3306,299.9848,INV4755,Tamil Nadu,KYC_VERIFIED,FOLIO904699
TXN100982,120178,2024-08-26,Lumpsum,2000.0,65.59,154.5723,INV4876,Maharashtra,KYC_VERIFIED,FOLIO487319
TXN100983,119551,2021-12-13,Lumpsum,10000.0,149.1429,466.9677,INV3253,Tamil Nadu,KYC_VERIFIED,FOLIO835037
TXN100984,120594,2022-04-12,SIP,1000.0,184.8721,68.1848,INV3479,Kerala,KYC_VERIFIED,FOLIO876692
TXN100985,119203,2023-02-13,SIP,10000.0,59.8814,196.8962,INV4053,Gujarat,KYC_VERIFIED,FOLIO263451
TXN100986,120503,2022-05-17,Redemption,50000.0,175.7979,86.3684,INV7490,Tamil Nadu,KYC_VERIFIED,FOLIO414684
TXN100987,120503,2024-01-02,SIP,2000.0,144.5487,240.4031,INV7637,Delhi,KYC_VERIFIED,FOLIO858893
TXN100988,118551,2024-12-19,SIP,25000.0,144.7295,70.4184,INV3487,Uttar Pradesh,KYC_VERIFIED,FOLIO272850
TXN100989,119775,2021-08-27,Redemption,25000.0,22.5793,107.6883,INV3981,Tamil Nadu,KYC_VERIFIED,FOLIO823119
TXN100990,125497,2024-09-18,SIP,25000.0,81.0418,395.241,INV1798,West Bengal,KYC_VERIFIED,FOLIO510486
TXN100991,120712,2020-06-05,Lumpsum,10000.0,168.0449,48.0665,INV2009,Karnataka,KYC_VERIFIED,FOLIO935936
TXN100992,120712,2020-10-30,SIP,25000.0,103.6406,39.1794,INV9200,Telangana,KYC_VERIFIED,FOLIO489591
TXN100993,118825,2021-11-29,SIP,500.0,64.3032,339.879,INV1361,Delhi,KYC_VERIFIED,FOLIO307544
TXN100994,118551,2024-08-29,Lumpsum,25000.0,112.0413,292.591,INV7041,Uttar Pradesh,KYC_PENDING,FOLIO566602
TXN100995,119551,2024-12-24,Redemption,2000.0,17.5607,153.2738,INV2717,Gujarat,KYC_VERIFIED,FOLIO649578
TXN100996,118825,2024-07-24,Redemption,2000.0,85.0423,85.0937,INV9503,Karnataka,KYC_VERIFIED,FOLIO641092
TXN100997,120712,2022-04-15,SIP,500.0,64.2351,273.2024,INV7809,Uttar Pradesh,KYC_PENDING,FOLIO885438
TXN100998,125497,2021-03-15,Lumpsum,50000.0,51.1584,404.3506,INV8729,Maharashtra,KYC_VERIFIED,FOLIO311507
TXN100999,119203,2023-10-17,Lumpsum,25000.0,60.4747,428.0433,INV8569,Rajasthan,KYC_VERIFIED,FOLIO391282
TXN101000,120841,2020-01-02,Lumpsum,1000.0,24.5693,340.7189,INV1885,Karnataka,KYC_VERIFIED,FOLIO116395
TXN101001,120503,2021-09-08,SIP,500.0,62.4306,323.7888,INV3569,Maharashtra,KYC_REJECTED,FOLIO945049
TXN101002,119203,2021-10-14,Lumpsum,50000.0,122.852,454.1696,INV5290,Maharashtra,KYC_VERIFIED,FOLIO434511
TXN101003,119551,2022-03-09,Lumpsum,500.0,36.1404,296.846,INV2241,Tamil Nadu,KYC_VERIFIED,FOLIO961700
TXN101004,118890,2023-08-31,SIP,1000.0,182.9206,37.3796,INV4443,Tamil Nadu,KYC_VERIFIED,FOLIO910398
TXN101005,119092,2024-11-27,SIP,2000.0,43.1597,14.2097,INV7108,Rajasthan,KYC_VERIFIED,FOLIO166885
TXN101006,119551,2024-07-11,SIP,10000.0,28.5486,55.3313,INV3816,Uttar Pradesh,KYC_VERIFIED,FOLIO726911
TXN101007,118890,2020-07-15,SIP,2000.0,25.1737,399.8634,INV5699,West Bengal,KYC_VERIFIED,FOLIO471235
TXN101008,120333,2020-02-25,SIP,25000.0,46.6678,422.9741,INV2018,Karnataka,KYC_VERIFIED,FOLIO794216
TXN101009,120503,2020-11-13,SIP,50000.0,77.8603,129.723,INV8012,West Bengal,KYC_VERIFIED,FOLIO410074
TXN101010,119386,2023-03-02,SIP,500.0,9.2458,151.0086,INV4043,Tamil Nadu,KYC_VERIFIED,FOLIO894274
TXN101011,119203,2022-03-22,SIP,2000.0,151.7399,207.4493,INV9317,Maharashtra,KYC_VERIFIED,FOLIO873040
TXN101012,120841,2022-11-08,Lumpsum,2000.0,132.9578,78.4504,INV1435,West Bengal,KYC_VERIFIED,FOLIO639246
TXN101013,119775,2020-09-08,SIP,10000.0,45.2018,408.4963,INV2399,Kerala,KYC_VERIFIED,FOLIO330141
TXN101014,120712,2021-08-26,Lumpsum,50000.0,139.0627,291.9628,INV3246,Uttar Pradesh,KYC_VERIFIED,FOLIO927988
TXN101015,120333,2023-10-18,SIP,50000.0,125.1776,139.7887,INV8777,Uttar Pradesh,KYC_VERIFIED,FOLIO137006
TXN101016,119092,2022-07-25,Lumpsum,50000.0,152.1329,389.9669,INV3413,Rajasthan,KYC_PENDING,FOLIO974430
TXN101017,119203,2020-11-16,Lumpsum,25000.0,81.4643,91.0415,INV5494,Gujarat,KYC_VERIFIED,FOLIO300139
TXN101018,120841,2020-11-12,Lumpsum,1000.0,183.3623,178.1872,INV6893,Uttar Pradesh,KYC_VERIFIED,FOLIO286237
TXN101019,120712,2020-06-12,SIP,25000.0,105.6564,320.9236,INV9159,Telangana,KYC_VERIFIED,FOLIO424736
TXN101020,119092,2023-10-03,SIP,500.0,8.2737,438.7113,INV3903,Karnataka,KYC_VERIFIED,FOLIO590666
TXN101021,118632,2023-05-12,Lumpsum,1000.0,98.5768,415.0641,INV3641,Telangana,KYC_VERIFIED,FOLIO887979
TXN101022,119775,2021-09-08,SIP,25000.0,18.8374,67.2795,INV3968,Gujarat,KYC_VERIFIED,FOLIO995095
TXN101023,118989,2022-10-19,SIP,500.0,187.8434,329.4317,INV9709,Tamil Nadu,KYC_PENDING,FOLIO713688
TXN101024,120594,2023-03-22,SIP,25000.0,93.2397,121.7213,INV8241,Uttar Pradesh,KYC_VERIFIED,FOLIO875400
TXN101025,120841,2023-02-28,SIP,500.0,54.7987,386.3945,INV8347,Uttar Pradesh,KYC_VERIFIED,FOLIO165108
TXN101026,120503,2024-12-30,Lumpsum,50000.0,175.256,343.375,INV4242,Gujarat,KYC_VERIFIED,FOLIO660164
TXN101027,118989,2022-05-12,Redemption,10000.0,109.2023,211.8739,INV5856,Delhi,KYC_VERIFIED,FOLIO417521
TXN101028,119203,2021-02-15,SIP,5000.0,24.4314,451.771,INV8478,Maharashtra,KYC_VERIFIED,FOLIO223361
TXN101029,119092,2020-11-19,Lumpsum,25000.0,184.274,436.4142,INV7481,Delhi,KYC_VERIFIED,FOLIO730978
TXN101030,119386,2022-09-29,Redemption,2000.0,177.2694,437.392,INV7943,Delhi,KYC_VERIFIED,FOLIO949372
TXN101031,118989,2020-10-26,SIP,10000.0,102.6786,440.4189,INV6524,Tamil Nadu,KYC_VERIFIED,FOLIO321444
TXN101032,120465,2023-06-13,SIP,1000.0,84.9155,43.8169,INV7196,West Bengal,KYC_PENDING,FOLIO424703
TXN101033,120503,2024-03-28,SIP,500.0,56.9648,145.6952,INV5270,Kerala,KYC_VERIFIED,FOLIO674802
TXN101034,119551,2024-03-22,SIP,5000.0,123.4398,204.9668,INV4163,Tamil Nadu,KYC_VERIFIED,FOLIO521971
TXN101035,119203,2022-08-26,Lumpsum,1000.0,106.8336,321.6233,INV1379,Kerala,KYC_VERIFIED,FOLIO177148
TXN101036,120465,2021-05-19,SIP,50000.0,110.9688,84.5187,INV1098,Telangana,KYC_VERIFIED,FOLIO637277
TXN101037,119203,2024-10-24,Lumpsum,1000.0,54.9474,224.2955,INV6179,Telangana,KYC_VERIFIED,FOLIO575217
TXN101038,120712,2023-03-03,SIP,2000.0,151.8751,387.994,INV3213,Rajasthan,KYC_VERIFIED,FOLIO372983
TXN101039,118825,2021-08-09,Redemption,500.0,161.8278,434.3796,INV8350,Rajasthan,KYC_VERIFIED,FOLIO308057
TXN101040,119203,2024-05-08,Lumpsum,1000.0,8.9475,61.6992,INV7227,Rajasthan,KYC_VERIFIED,FOLIO199433
TXN101041,118632,2020-04-10,Redemption,500.0,171.3077,378.3433,INV8068,Kerala,KYC_VERIFIED,FOLIO896959
TXN101042,118989,2024-03-08,SIP,2000.0,170.6432,448.9485,INV5466,Rajasthan,KYC_VERIFIED,FOLIO373749
TXN101043,120841,2023-03-15,Lumpsum,50000.0,10.3852,213.0648,INV2191,Maharashtra,KYC_PENDING,FOLIO138401
TXN101044,120841,2023-04-03,Lumpsum,25000.0,89.4389,119.7369,INV9970,Tamil Nadu,KYC_PENDING,FOLIO606428
TXN101045,120503,2023-10-04,SIP,50000.0,71.2808,11.4929,INV3030,Karnataka,KYC_VERIFIED,FOLIO531179
TXN101046,119092,2024-04-18,SIP,500.0,50.8233,17.2512,INV4656,Kerala,KYC_VERIFIED,FOLIO707632
TXN101047,118551,2023-06-22,Redemption,1000.0,29.6934,398.4974,INV8811,Maharashtra,KYC_VERIFIED,FOLIO826410
TXN101048,118712,2020-08-31,Lumpsum,5000.0,18.9481,148.3595,INV7134,Gujarat,KYC_VERIFIED,FOLIO971599
TXN101049,119203,2024-12-05,Redemption,25000.0,95.3856,212.1174,INV6757,Rajasthan,KYC_PENDING,FOLIO543149
TXN101050,118825,2021-12-23,SIP,10000.0,166.9585,314.3329,INV8037,Tamil Nadu,KYC_VERIFIED,FOLIO814128
TXN101051,119386,2022-11-29,SIP,2000.0,139.0666,11.6926,INV7917,Rajasthan,KYC_VERIFIED,FOLIO796455
TXN101052,119551,2024-12-10,Lumpsum,25000.0,86.6112,341.3135,INV9140,Rajasthan,KYC_VERIFIED,FOLIO831552
TXN101053,120465,2024-01-02,Lumpsum,1000.0,146.8719,198.2231,INV1790,West Bengal,KYC_VERIFIED,FOLIO780141
TXN101054,118632,2024-01-18,Lumpsum,25000.0,153.0621,220.3724,INV2849,Kerala,KYC_VERIFIED,FOLIO753635
TXN101055,118712,2023-06-06,Redemption,50000.0,126.1539,239.8636,INV3115,Gujarat,KYC_VERIFIED,FOLIO337662
TXN101056,120178,2020-10-19,Lumpsum,50000.0,128.9936,95.037,INV7924,Telangana,KYC_VERIFIED,FOLIO736492
TXN101057,119203,2023-11-02,Redemption,25000.0,41.4447,386.6847,INV1544,Karnataka,KYC_VERIFIED,FOLIO778914
TXN101058,118712,2020-01-28,Lumpsum,25000.0,88.3865,349.8941,INV1839,Tamil Nadu,KYC_VERIFIED,FOLIO548447
TXN101059,120712,2022-08-11,Lumpsum,1000.0,121.3851,143.817,INV8056,West Bengal,KYC_VERIFIED,FOLIO364921
TXN101060,120333,2021-06-03,SIP,500.0,174.9181,298.5851,INV2882,Telangana,KYC_VERIFIED,FOLIO121561
TXN101061,120465,2023-06-21,SIP,1000.0,63.0654,317.4597,INV1289,Gujarat,KYC_VERIFIED,FOLIO949576
TXN101062,118632,2024-11-15,SIP,25000.0,97.4944,220.2876,INV5882,Karnataka,KYC_VERIFIED,FOLIO856819
TXN101063,119551,2021-02-16,Redemption,50000.0,191.3009,187.9993,INV3139,Tamil Nadu,KYC_VERIFIED,FOLIO540327
TXN101064,120178,2020-09-08,Redemption,2000.0,156.0208,314.3859,INV4078,Gujarat,KYC_VERIFIED,FOLIO361163
TXN101065,125497,2020-12-17,Lumpsum,2000.0,174.1841,474.3103,INV1535,Rajasthan,KYC_VERIFIED,FOLIO837251
TXN101066,119775,2022-08-18,Redemption,25000.0,109.4583,186.369,INV2779,Gujarat,KYC_VERIFIED,FOLIO254406
TXN101067,118825,2020-09-15,SIP,1000.0,78.7,103.7581,INV6796,Telangana,KYC_PENDING,FOLIO115644
TXN101068,118825,2022-10-12,Lumpsum,10000.0,156.0922,317.0293,INV8058,Gujarat,KYC_VERIFIED,FOLIO616425
TXN101069,120841,2024-10-15,Redemption,5000.0,183.5671,259.6882,INV2850,Rajasthan,KYC_VERIFIED,FOLIO310456
TXN101070,118632,2020-06-12,SIP,5000.0,173.327,386.2507,INV4013,Telangana,KYC_VERIFIED,FOLIO665735
TXN101071,119775,2022-10-04,SIP,500.0,115.8247,12.5867,INV6399,Telangana,KYC_VERIFIED,FOLIO223339
TXN101072,118890,2021-04-07,Lumpsum,500.0,84.0565,243.4326,INV2936,Gujarat,KYC_VERIFIED,FOLIO809786
TXN101073,120465,2024-03-12,Lumpsum,1000.0,63.2025,275.9847,INV3620,Kerala,KYC_VERIFIED,FOLIO310378
TXN101074,120594,2022-04-06,SIP,2000.0,163.8282,426.0068,INV1151,Gujarat,KYC_VERIFIED,FOLIO793892
TXN101075,120712,2023-08-22,Redemption,5000.0,152.7978,139.4738,INV9936,Tamil Nadu,KYC_VERIFIED,FOLIO306183
TXN101076,119644,2024-01-12,Redemption,2000.0,135.4827,274.6667,INV6115,Uttar Pradesh,KYC_VERIFIED,FOLIO352313
TXN101077,119551,2022-04-18,Lumpsum,2000.0,160.9241,359.8735,INV5680,Gujarat,KYC_VERIFIED,FOLIO594463
TXN101078,120712,2022-03-04,SIP,500.0,174.2366,268.0307,INV2923,Uttar Pradesh,KYC_VERIFIED,FOLIO828585
TXN101079,119386,2021-12-27,Lumpsum,5000.0,30.3322,373.3857,INV4685,Uttar Pradesh,KYC_VERIFIED,FOLIO352255
TXN101080,118712,2021-10-08,SIP,5000.0,115.6566,344.5752,INV8120,Rajasthan,KYC_VERIFIED,FOLIO557814
TXN101081,118825,2022-11-22,SIP,25000.0,175.5343,235.6204,INV5693,West Bengal,KYC_VERIFIED,FOLIO944211
TXN101082,120503,2023-09-07,SIP,10000.0,136.6243,334.8,INV4985,Maharashtra,KYC_VERIFIED,FOLIO604881
TXN101083,118825,2023-11-20,Redemption,50000.0,38.4878,456.3934,INV1457,Gujarat,KYC_VERIFIED,FOLIO383975
TXN101084,119092,2020-12-10,SIP,10000.0,148.3995,461.4183,INV5563,West Bengal,KYC_VERIFIED,FOLIO553027
TXN101085,119551,2022-06-17,Lumpsum,1000.0,194.8466,48.8069,INV6564,Gujarat,KYC_VERIFIED,FOLIO449529
TXN101086,119386,2022-11-15,SIP,10000.0,93.1785,140.848,INV8772,Gujarat,KYC_VERIFIED,FOLIO657240
TXN101087,119203,2021-04-12,SIP,500.0,191.8534,270.579,INV5464,West Bengal,KYC_PENDING,FOLIO313488
TXN101088,118551,2021-03-22,SIP,25000.0,22.7967,427.5239,INV3278,Karnataka,KYC_VERIFIED,FOLIO533274
TXN101089,120712,2024-11-12,Redemption,500.0,1.1248,13.3267,INV3375,West Bengal,KYC_VERIFIED,FOLIO347128
TXN101090,120712,2022-06-03,SIP,50000.0,153.0547,463.1205,INV6760,West Bengal,KYC_VERIFIED,FOLIO802309
TXN101091,119386,2020-03-31,Lumpsum,50000.0,167.4955,343.4605,INV2897,Telangana,KYC_VERIFIED,FOLIO393091
TXN101092,120841,2021-02-16,Lumpsum,5000.0,72.3133,439.0319,INV7109,West Bengal,KYC_VERIFIED,FOLIO343778
TXN101093,119203,2020-09-03,Lumpsum,5000.0,99.4885,184.6572,INV8355,West Bengal,KYC_VERIFIED,FOLIO695915
TXN101094,119092,2024-11-22,Redemption,5000.0,133.9798,153.6206,INV8805,Maharashtra,KYC_VERIFIED,FOLIO533155
TXN101095,125497,2024-06-28,Redemption,50000.0,135.9767,311.5039,INV4358,Maharashtra,KYC_VERIFIED,FOLIO251079
TXN101096,118632,2020-12-08,Lumpsum,500.0,194.0683,23.2227,INV9032,Delhi,KYC_VERIFIED,FOLIO430322
TXN101097,120594,2022-09-30,Lumpsum,1000.0,120.8286,264.0049,INV7503,Kerala,KYC_VERIFIED,FOLIO897684
TXN101098,120503,2022-05-09,SIP,1000.0,8.3248,489.7265,INV5180,Telangana,KYC_VERIFIED,FOLIO712308
TXN101099,119775,2020-02-18,Lumpsum,25000.0,70.739,460.7327,INV7163,Delhi,KYC_VERIFIED,FOLIO286799
TXN101100,118825,2024-08-29,Lumpsum,50000.0,59.3409,246.7037,INV3188,Uttar Pradesh,KYC_VERIFIED,FOLIO758588
TXN101101,118551,2023-03-21,SIP,25000.0,103.9176,99.0721,INV9287,Kerala,KYC_VERIFIED,FOLIO525450
TXN101102,125497,2022-06-17,SIP,2000.0,133.5997,230.6126,INV3751,Kerala,KYC_VERIFIED,FOLIO364055
TXN101103,119203,2023-02-28,Redemption,500.0,94.4818,24.2902,INV1698,Karnataka,KYC_VERIFIED,FOLIO810847
TXN101104,125497,2020-04-01,Lumpsum,5000.0,192.3464,149.473,INV7174,Kerala,KYC_VERIFIED,FOLIO150592
TXN101105,125497,2021-11-15,Redemption,5000.0,175.9656,340.2218,INV3152,West Bengal,KYC_VERIFIED,FOLIO718200
TXN101106,119203,2023-05-25,Lumpsum,25000.0,134.3076,418.7949,INV7252,West Bengal,KYC_VERIFIED,FOLIO652288
TXN101107,118825,2020-08-27,Redemption,50000.0,83.6782,198.6435,INV3992,Kerala,KYC_VERIFIED,FOLIO200026
TXN101108,118632,2023-10-13,SIP,2000.0,189.0813,475.1876,INV6832,Uttar Pradesh,KYC_VERIFIED,FOLIO689879
TXN101109,120594,2022-10-03,Redemption,2000.0,127.3277,342.4055,INV7467,Delhi,KYC_PENDING,FOLIO790491
TXN101110,120333,2022-10-04,SIP,50000.0,163.149,175.5829,INV3696,Uttar Pradesh,KYC_VERIFIED,FOLIO653636
TXN101111,118632,2022-03-25,Lumpsum,5000.0,92.663,476.0051,INV4857,Kerala,KYC_VERIFIED,FOLIO425655
TXN101112,119092,2020-05-21,SIP,5000.0,40.7381,41.755,INV7492,Uttar Pradesh,KYC_VERIFIED,FOLIO491919
TXN101113,119386,2022-08-24,SIP,2000.0,126.7362,230.4332,INV5549,West Bengal,KYC_VERIFIED,FOLIO403733
TXN101114,119775,2020-07-17,Lumpsum,500.0,99.6435,78.0263,INV5730,Tamil Nadu,KYC_VERIFIED,FOLIO533589
TXN101115,120333,2020-07-08,Redemption,5000.0,117.0087,204.2286,INV5972,Rajasthan,KYC_VERIFIED,FOLIO368587
TXN101116,119551,2022-09-02,Lumpsum,2000.0,28.1866,457.7066,INV3881,Telangana,KYC_VERIFIED,FOLIO853940
TXN101117,118890,2021-03-05,SIP,50000.0,35.4702,467.1866,INV1879,Tamil Nadu,KYC_VERIFIED,FOLIO299164
TXN101118,118989,2023-03-21,SIP,5000.0,73.7531,55.5377,INV4633,Telangana,KYC_VERIFIED,FOLIO856301
TXN101119,120465,2023-09-08,SIP,50000.0,138.762,269.3572,INV7982,Rajasthan,KYC_VERIFIED,FOLIO546676
TXN101120,118712,2021-09-16,Redemption,500.0,137.656,32.0367,INV8667,Maharashtra,KYC_VERIFIED,FOLIO724094
TXN101121,119092,2022-02-18,Redemption,2000.0,84.7269,210.233,INV7129,Delhi,KYC_VERIFIED,FOLIO619106
TXN101122,125497,2024-03-22,SIP,25000.0,164.8817,423.6447,INV8032,Uttar Pradesh,KYC_VERIFIED,FOLIO755613
TXN101123,119386,2024-01-23,SIP,500.0,72.7317,457.2,INV2790,Maharashtra,KYC_VERIFIED,FOLIO570485
TXN101124,120594,2022-01-11,Redemption,1000.0,71.9011,277.0382,INV6079,West Bengal,KYC_VERIFIED,FOLIO577338
TXN101125,125497,2023-08-15,Redemption,2000.0,81.5673,327.03,INV1260,Gujarat,KYC_PENDING,FOLIO213313
TXN101126,120503,2023-02-24,Redemption,1000.0,79.4234,57.4846,INV9690,Maharashtra,KYC_PENDING,FOLIO674081
TXN101127,120178,2021-07-28,SIP,50000.0,181.4463,449.0002,INV6598,Maharashtra,KYC_VERIFIED,FOLIO152342
TXN101128,119203,2021-12-23,SIP,2000.0,105.5889,140.6006,INV5686,Telangana,KYC_VERIFIED,FOLIO646362
TXN101129,118712,2020-09-03,Lumpsum,10000.0,169.5658,228.9097,INV1046,Maharashtra,KYC_PENDING,FOLIO752253
TXN101130,120465,2020-03-03,Lumpsum,1000.0,24.6594,58.025,INV1347,Kerala,KYC_VERIFIED,FOLIO323688
TXN101131,120594,2023-01-19,SIP,2000.0,44.9419,16.9339,INV9274,Uttar Pradesh,KYC_VERIFIED,FOLIO841696
TXN101132,119644,2020-10-20,Lumpsum,5000.0,32.9263,305.2808,INV1269,Rajasthan,KYC_VERIFIED,FOLIO650500
TXN101133,118712,2020-09-02,Redemption,1000.0,128.3224,230.8719,INV7356,West Bengal,KYC_VERIFIED,FOLIO363445
TXN101134,118890,2023-09-25,Lumpsum,10000.0,56.9074,483.8786,INV1958,Uttar Pradesh,KYC_VERIFIED,FOLIO924132
TXN101135,118632,2020-10-20,Redemption,500.0,192.9033,322.6315,INV1921,Rajasthan,KYC_VERIFIED,FOLIO159556
TXN101136,120178,2021-02-09,Redemption,5000.0,50.1581,417.5801,INV6243,Telangana,KYC_PENDING,FOLIO371127
TXN101137,118632,2022-09-28,Lumpsum,5000.0,75.3955,195.7533,INV8248,Kerala,KYC_VERIFIED,FOLIO987433
TXN101138,119203,2024-04-22,Redemption,2000.0,117.5978,230.7712,INV3793,Gujarat,KYC_VERIFIED,FOLIO694124
TXN101139,120333,2021-08-11,Lumpsum,500.0,171.5573,389.0039,INV6235,Tamil Nadu,KYC_VERIFIED,FOLIO278413
TXN101140,125497,2022-06-23,SIP,1000.0,9.1307,318.5977,INV9979,Telangana,KYC_PENDING,FOLIO496074
TXN101141,120594,2024-03-27,Lumpsum,25000.0,196.9386,426.2976,INV2466,Gujarat,KYC_VERIFIED,FOLIO961842
TXN101142,120594,2021-01-18,Lumpsum,10000.0,75.0463,180.4536,INV3138,Maharashtra,KYC_VERIFIED,FOLIO860400
TXN101143,120594,2020-01-06,Lumpsum,25000.0,152.3512,124.8024,INV7506,West Bengal,KYC_VERIFIED,FOLIO761075
TXN101144,120178,2020-04-17,Redemption,2000.0,27.1195,428.3127,INV9482,Uttar Pradesh,KYC_VERIFIED,FOLIO202733
TXN101145,118551,2024-09-25,Lumpsum,50000.0,130.2321,382.4523,INV2387,Delhi,KYC_VERIFIED,FOLIO797249
TXN101146,119386,2022-07-25,Redemption,500.0,18.9437,49.7151,INV9384,Maharashtra,KYC_VERIFIED,FOLIO199632
TXN101147,120594,2020-03-13,SIP,50000.0,28.9388,473.9691,INV3968,West Bengal,KYC_VERIFIED,FOLIO887927
TXN101148,119551,2021-10-25,Lumpsum,1000.0,191.8632,184.429,INV8021,Maharashtra,KYC_VERIFIED,FOLIO105963
TXN101149,119203,2022-09-16,Lumpsum,10000.0,83.5888,141.173,INV3892,Uttar Pradesh,KYC_VERIFIED,FOLIO359998
TXN101150,118890,2023-10-05,SIP,10000.0,137.6679,265.7221,INV3819,Delhi,KYC_VERIFIED,FOLIO119983
TXN101151,120503,2021-06-18,SIP,25000.0,146.8109,299.855,INV2136,Delhi,KYC_VERIFIED,FOLIO505143
TXN101152,120178,2024-02-20,Lumpsum,500.0,77.2656,382.4814,INV6615,Rajasthan,KYC_VERIFIED,FOLIO559251
TXN101153,119092,2023-08-29,Lumpsum,50000.0,175.6892,391.1369,INV4670,Delhi,KYC_VERIFIED,FOLIO875376
TXN101154,119386,2022-05-20,SIP,1000.0,55.5302,142.2218,INV5176,Delhi,KYC_VERIFIED,FOLIO230001
TXN101155,118551,2021-01-22,Lumpsum,10000.0,72.761,346.3921,INV3454,Telangana,KYC_VERIFIED,FOLIO100154
TXN101156,118632,2021-09-10,SIP,10000.0,152.5429,260.3092,INV1054,Rajasthan,KYC_PENDING,FOLIO270069
TXN101157,125497,2021-11-17,Lumpsum,2000.0,167.6485,312.2457,INV9340,Karnataka,KYC_VERIFIED,FOLIO306372
TXN101158,118825,2024-04-16,SIP,10000.0,57.8444,74.8003,INV6981,Telangana,KYC_VERIFIED,FOLIO435160
TXN101159,120712,2024-06-10,Redemption,25000.0,58.8605,246.1213,INV4140,Uttar Pradesh,KYC_VERIFIED,FOLIO390456
TXN101160,118712,2021-07-23,SIP,1000.0,163.2616,125.4403,INV6313,Gujarat,KYC_VERIFIED,FOLIO163189
TXN101161,120503,2022-12-14,Redemption,50000.0,117.2321,246.3694,INV8623,Maharashtra,KYC_PENDING,FOLIO854990
TXN101162,118890,2024-02-08,SIP,2000.0,122.7269,268.0544,INV1207,Delhi,KYC_VERIFIED,FOLIO434636
TXN101163,120333,2021-02-08,Lumpsum,1000.0,198.2944,160.316,INV9005,West Bengal,KYC_PENDING,FOLIO210464
TXN101164,120841,2020-11-09,Redemption,25000.0,8.7836,125.4269,INV7788,Tamil Nadu,KYC_VERIFIED,FOLIO903321
TXN101165,118890,2023-08-22,SIP,500.0,138.6433,476.6354,INV2562,Delhi,KYC_VERIFIED,FOLIO450355
TXN101166,118989,2020-02-26,SIP,25000.0,144.956,449.3417,INV5428,Rajasthan,KYC_PENDING,FOLIO894882
TXN101167,120594,2021-11-02,SIP,2000.0,54.453,461.084,INV7529,Maharashtra,KYC_PENDING,FOLIO801258
TXN101168,120841,2021-10-25,SIP,25000.0,63.6803,482.5565,INV5715,Maharashtra,KYC_VERIFIED,FOLIO597572
TXN101169,120503,2024-12-19,SIP,1000.0,174.2575,437.6242,INV4272,Rajasthan,KYC_VERIFIED,FOLIO431280
TXN101170,118825,2023-05-29,SIP,2000.0,69.3041,113.0494,INV8644,Maharashtra,KYC_VERIFIED,FOLIO328232
TXN101171,120465,2024-07-03,Redemption,5000.0,3.7243,426.6494,INV9554,Kerala,KYC_VERIFIED,FOLIO820738
TXN101172,120333,2022-08-17,SIP,1000.0,172.713,374.8514,INV2612,Uttar Pradesh,KYC_VERIFIED,FOLIO191468
TXN101173,119386,2023-11-28,Redemption,5000.0,150.7689,95.1205,INV6756,Karnataka,KYC_VERIFIED,FOLIO256634
TXN101174,119551,2020-10-14,SIP,1000.0,15.4312,184.2886,INV4970,Rajasthan,KYC_VERIFIED,FOLIO461205
TXN101175,118989,2021-09-09,SIP,2000.0,78.8456,133.1995,INV7833,Maharashtra,KYC_PENDING,FOLIO523621
TXN101176,119386,2021-11-11,Redemption,50000.0,51.3807,61.7169,INV5676,Karnataka,KYC_VERIFIED,FOLIO143772
TXN101177,120465,2021-01-19,Redemption,5000.0,101.4626,67.3402,INV9708,Tamil Nadu,KYC_VERIFIED,FOLIO746662
TXN101178,120712,2022-11-28,SIP,25000.0,95.9391,163.9997,INV4407,West Bengal,KYC_VERIFIED,FOLIO224269
TXN101179,118989,2020-05-25,Redemption,50000.0,8.8124,296.7191,INV3287,Gujarat,KYC_VERIFIED,FOLIO461122
TXN101180,118551,2024-12-25,SIP,500.0,31.681,439.3683,INV6037,Karnataka,KYC_PENDING,FOLIO466902
TXN101181,120178,2023-01-16,Redemption,2000.0,72.5352,414.7177,INV3505,Karnataka,KYC_VERIFIED,FOLIO151754
TXN101182,119386,2024-02-21,SIP,10000.0,11.8464,373.9009,INV3778,Telangana,KYC_VERIFIED,FOLIO708685
TXN101183,119644,2022-03-25,SIP,2000.0,15.0833,126.6442,INV9646,Maharashtra,KYC_VERIFIED,FOLIO721217
TXN101184,119551,2020-12-03,SIP,500.0,165.4695,28.4325,INV8934,Rajasthan,KYC_VERIFIED,FOLIO529354
TXN101185,120465,2020-01-13,Lumpsum,5000.0,191.4326,394.8256,INV3695,Tamil Nadu,KYC_VERIFIED,FOLIO930458
TXN101186,119386,2024-02-22,Redemption,50000.0,91.2753,454.3792,INV1504,Maharashtra,KYC_VERIFIED,FOLIO322336
TXN101187,118825,2021-05-19,Redemption,5000.0,107.9011,273.8027,INV4943,Maharashtra,KYC_VERIFIED,FOLIO883507
TXN101188,120594,2021-07-30,Lumpsum,10000.0,130.0469,416.625,INV6361,Delhi,KYC_VERIFIED,FOLIO541262
TXN101189,118890,2023-10-19,SIP,10000.0,65.0446,217.5312,INV7119,Kerala,KYC_VERIFIED,FOLIO854228
TXN101190,120178,2020-09-21,SIP,25000.0,5.0221,144.6192,INV9234,West Bengal,KYC_VERIFIED,FOLIO202500
TXN101191,118551,2023-01-20,Lumpsum,10000.0,70.3828,444.7625,INV4514,Gujarat,KYC_PENDING,FOLIO115566
TXN101192,119203,2021-10-15,Redemption,2000.0,145.4527,200.2556,INV2552,Rajasthan,KYC_PENDING,FOLIO156783
TXN101193,120333,2023-11-24,Redemption,50000.0,79.0945,390.2616,INV7449,Karnataka,KYC_VERIFIED,FOLIO253164
TXN101194,118890,2022-09-14,Lumpsum,1000.0,146.0165,59.6485,INV6481,Maharashtra,KYC_VERIFIED,FOLIO742336
TXN101195,120465,2023-02-14,Lumpsum,500.0,25.528,21.322,INV3227,Maharashtra,KYC_VERIFIED,FOLIO499822
TXN101196,120712,2023-11-17,SIP,500.0,184.2302,275.0184,INV6076,Rajasthan,KYC_VERIFIED,FOLIO156600
TXN101197,119551,2021-05-03,Lumpsum,50000.0,115.5249,171.5963,INV5683,Rajasthan,KYC_REJECTED,FOLIO345395
TXN101198,125497,2021-05-12,Lumpsum,500.0,72.5325,158.8969,INV9026,Gujarat,KYC_VERIFIED,FOLIO960183
TXN101199,118551,2024-12-05,SIP,500.0,10.1429,397.4968,INV2410,Delhi,KYC_VERIFIED,FOLIO295437
TXN101200,120333,2022-04-12,Lumpsum,25000.0,33.5533,452.1771,INV2104,Delhi,KYC_REJECTED,FOLIO913314
TXN101201,120841,2024-06-26,SIP,5000.0,167.481,236.5792,INV4389,Tamil Nadu,KYC_VERIFIED,FOLIO883477
TXN101202,120465,2022-12-06,Lumpsum,1000.0,52.7137,495.7968,INV1741,Kerala,KYC_VERIFIED,FOLIO850704
TXN101203,119092,2023-03-29,SIP,500.0,58.7573,420.4372,INV2811,Karnataka,KYC_PENDING,FOLIO185663
TXN101204,118825,2024-11-11,Lumpsum,1000.0,91.7905,269.3709,INV7824,Tamil Nadu,KYC_VERIFIED,FOLIO958486
TXN101205,119386,2020-08-03,SIP,5000.0,61.1363,86.5612,INV9062,Gujarat,KYC_VERIFIED,FOLIO983667
TXN101206,119092,2020-04-17,Redemption,1000.0,64.5337,222.5633,INV7635,Rajasthan,KYC_VERIFIED,FOLIO570603
TXN101207,119386,2020-02-13,SIP,25000.0,189.0488,389.6749,INV4463,Tamil Nadu,KYC_VERIFIED,FOLIO766719
TXN101208,118825,2022-06-10,SIP,25000.0,176.151,358.1661,INV7402,Gujarat,KYC_VERIFIED,FOLIO910795
TXN101209,120503,2023-04-18,SIP,25000.0,5.6534,223.1607,INV4232,Telangana,KYC_VERIFIED,FOLIO637786
TXN101210,119092,2022-10-11,Redemption,1000.0,104.3186,490.1196,INV5458,Gujarat,KYC_PENDING,FOLIO376298
TXN101211,120594,2021-11-04,SIP,10000.0,138.0359,449.7151,INV5336,Rajasthan,KYC_VERIFIED,FOLIO496810
TXN101212,118551,2024-05-30,SIP,25000.0,5.8866,10.0929,INV9017,Uttar Pradesh,KYC_VERIFIED,FOLIO479736
TXN101213,120712,2020-03-05,Lumpsum,10000.0,160.5029,430.09,INV8090,Tamil Nadu,KYC_VERIFIED,FOLIO722824
TXN101214,119203,2023-05-29,Lumpsum,10000.0,67.4007,112.2206,INV5661,Uttar Pradesh,KYC_VERIFIED,FOLIO766479
TXN101215,119775,2020-02-03,SIP,2000.0,134.5243,159.3903,INV9745,Maharashtra,KYC_VERIFIED,FOLIO154595
TXN101216,120712,2021-06-18,Lumpsum,25000.0,75.9403,58.2397,INV5687,Uttar Pradesh,KYC_VERIFIED,FOLIO437469
TXN101217,125497,2022-02-11,Redemption,25000.0,36.2433,492.7894,INV1622,Telangana,KYC_VERIFIED,FOLIO859927
TXN101218,119644,2023-05-10,SIP,500.0,167.3458,240.8823,INV4803,Maharashtra,KYC_VERIFIED,FOLIO198309
TXN101219,120465,2020-04-10,SIP,10000.0,67.8488,237.2578,INV3271,Karnataka,KYC_VERIFIED,FOLIO101783
TXN101220,118712,2020-12-25,SIP,10000.0,48.5909,207.332,INV6046,Rajasthan,KYC_VERIFIED,FOLIO408901
TXN101221,125497,2024-08-12,Redemption,2000.0,42.0782,270.6744,INV8348,Tamil Nadu,KYC_VERIFIED,FOLIO502852
TXN101222,120841,2022-03-11,SIP,50000.0,130.8333,285.0778,INV6042,Tamil Nadu,KYC_VERIFIED,FOLIO295576
TXN101223,120503,2020-11-20,Redemption,1000.0,134.385,384.358,INV3559,Gujarat,KYC_VERIFIED,FOLIO935765
TXN101224,118632,2024-06-04,Lumpsum,25000.0,172.6239,372.8332,INV6419,Tamil Nadu,KYC_PENDING,FOLIO895950
TXN101225,119386,2020-03-12,SIP,1000.0,32.3247,145.6573,INV2847,Delhi,KYC_VERIFIED,FOLIO560233
TXN101226,118825,2024-06-10,Lumpsum,500.0,16.9296,169.4508,INV8571,Karnataka,KYC_VERIFIED,FOLIO477058
TXN101227,119203,2023-03-28,Lumpsum,10000.0,53.929,386.6819,INV2818,Telangana,KYC_VERIFIED,FOLIO344844
TXN101228,118890,2022-12-01,SIP,25000.0,7.634,490.076,INV9581,Kerala,KYC_VERIFIED,FOLIO235931
TXN101229,118825,2023-01-06,Redemption,1000.0,195.5874,95.5542,INV3287,Karnataka,KYC_VERIFIED,FOLIO337198
TXN101230,119203,2022-11-25,SIP,50000.0,124.7607,329.2875,INV4422,Maharashtra,KYC_VERIFIED,FOLIO673673
TXN101231,119775,2023-09-25,Redemption,1000.0,195.0975,376.6098,INV6264,Rajasthan,KYC_VERIFIED,FOLIO715533
TXN101232,120333,2020-03-03,SIP,5000.0,132.5154,355.0529,INV5717,Rajasthan,KYC_VERIFIED,FOLIO660187
TXN101233,119092,2023-10-18,SIP,500.0,194.1864,267.261,INV7324,Kerala,KYC_VERIFIED,FOLIO705863
TXN101234,119203,2020-10-21,Lumpsum,1000.0,42.4273,467.0924,INV6030,Maharashtra,KYC_VERIFIED,FOLIO799483
TXN101235,120594,2022-02-22,SIP,10000.0,192.273,172.2955,INV2984,West Bengal,KYC_VERIFIED,FOLIO933333
TXN101236,120465,2022-01-26,Redemption,25000.0,111.0599,77.9054,INV9617,Telangana,KYC_VERIFIED,FOLIO619023
TXN101237,119386,2021-10-01,SIP,1000.0,73.8823,166.0595,INV6880,Rajasthan,KYC_VERIFIED,FOLIO325736
TXN101238,120712,2021-07-01,SIP,500.0,156.7568,112.4748,INV8513,Karnataka,KYC_VERIFIED,FOLIO827079
TXN101239,119203,2021-08-26,SIP,2000.0,123.8698,466.7752,INV4152,Uttar Pradesh,KYC_VERIFIED,FOLIO354427
TXN101240,119775,2020-11-06,Lumpsum,50000.0,57.0247,250.7139,INV3459,West Bengal,KYC_PENDING,FOLIO247448
TXN101241,118989,2021-02-08,Redemption,10000.0,41.0676,302.9638,INV9622,Kerala,KYC_VERIFIED,FOLIO157246
TXN101242,118890,2020-05-06,Lumpsum,2000.0,42.0803,401.2237,INV1624,Gujarat,KYC_VERIFIED,FOLIO844370
TXN101243,120178,2023-12-22,Lumpsum,500.0,14.2835,63.7923,INV3713,Kerala,KYC_VERIFIED,FOLIO871492
TXN101244,118989,2022-05-18,Lumpsum,1000.0,105.7714,337.5267,INV6722,Delhi,KYC_VERIFIED,FOLIO498634
TXN101245,118989,2020-03-03,SIP,50000.0,38.8279,458.1323,INV9804,West Bengal,KYC_VERIFIED,FOLIO510960
TXN101246,120712,2024-04-26,Lumpsum,5000.0,13.2308,140.2315,INV1098,Uttar Pradesh,KYC_VERIFIED,FOLIO805594
TXN101247,118989,2024-01-31,Redemption,5000.0,48.961,415.9126,INV3416,Karnataka,KYC_VERIFIED,FOLIO460060
TXN101248,125497,2022-01-17,Redemption,50000.0,36.9769,100.7624,INV9196,Delhi,KYC_VERIFIED,FOLIO602960
TXN101249,119551,2022-10-10,SIP,1000.0,128.4371,106.2488,INV2315,Tamil Nadu,KYC_VERIFIED,FOLIO440010
TXN101250,125497,2020-02-27,Lumpsum,1000.0,199.1818,302.5113,INV5343,Rajasthan,KYC_VERIFIED,FOLIO348433
TXN101251,120712,2021-05-04,SIP,500.0,163.4171,12.0072,INV1606,West Bengal,KYC_VERIFIED,FOLIO605405
TXN101252,119092,2021-09-28,SIP,10000.0,109.9179,284.3325,INV4463,Karnataka,KYC_VERIFIED,FOLIO337965
TXN101253,119203,2020-04-30,SIP,2000.0,103.8961,178.539,INV6356,Delhi,KYC_VERIFIED,FOLIO401297
TXN101254,119203,2021-11-29,Lumpsum,500.0,192.4458,73.8809,INV2930,Telangana,KYC_VERIFIED,FOLIO402291
TXN101255,120594,2021-12-22,Redemption,1000.0,147.0832,137.6849,INV1268,Kerala,KYC_VERIFIED,FOLIO587051
TXN101256,118989,2022-12-15,Redemption,5000.0,67.8864,32.1016,INV5021,Kerala,KYC_VERIFIED,FOLIO247688
TXN101257,118551,2020-12-02,Redemption,25000.0,10.2843,92.8059,INV4354,Tamil Nadu,KYC_VERIFIED,FOLIO482993
TXN101258,120594,2020-03-20,SIP,5000.0,93.3586,216.4728,INV3557,Telangana,KYC_VERIFIED,FOLIO813836
TXN101259,125497,2024-07-10,SIP,1000.0,103.846,445.8907,INV5342,Delhi,KYC_VERIFIED,FOLIO198297
TXN101260,118712,2021-05-31,Lumpsum,500.0,88.0389,148.9704,INV9386,Maharashtra,KYC_VERIFIED,FOLIO564329
TXN101261,118989,2021-12-16,Redemption,2000.0,80.9546,240.4982,INV1105,West Bengal,KYC_VERIFIED,FOLIO519418
TXN101262,120178,2024-12-16,Redemption,500.0,79.8093,429.7915,INV6695,Rajasthan,KYC_REJECTED,FOLIO719271
TXN101263,119203,2023-10-04,SIP,10000.0,55.7757,296.0668,INV1684,West Bengal,KYC_VERIFIED,FOLIO570152
TXN101264,119092,2024-12-19,SIP,1000.0,86.2514,434.7516,INV3570,Uttar Pradesh,KYC_VERIFIED,FOLIO770750
TXN101265,118551,2020-12-14,Lumpsum,10000.0,24.1427,74.9544,INV4220,Uttar Pradesh,KYC_VERIFIED,FOLIO492122
TXN101266,120712,2022-04-06,SIP,10000.0,72.2463,360.2673,INV6585,Karnataka,KYC_VERIFIED,FOLIO233699
TXN101267,118632,2021-07-19,Redemption,25000.0,121.3079,259.6772,INV4874,Karnataka,KYC_PENDING,FOLIO978166
TXN101268,118551,2021-06-21,Redemption,500.0,13.8856,107.017,INV2157,Tamil Nadu,KYC_PENDING,FOLIO942372
TXN101269,118890,2023-08-04,Lumpsum,25000.0,167.317,194.9802,INV7827,West Bengal,KYC_REJECTED,FOLIO884433
TXN101270,118989,2024-11-01,Lumpsum,25000.0,74.9609,121.2327,INV7047,Kerala,KYC_VERIFIED,FOLIO702890
TXN101271,119775,2024-08-09,Lumpsum,5000.0,22.9658,406.4377,INV5464,Delhi,KYC_VERIFIED,FOLIO554595
TXN101272,120712,2021-10-25,Lumpsum,10000.0,156.1977,452.2549,INV7316,Uttar Pradesh,KYC_VERIFIED,FOLIO401032
TXN101273,120333,2020-05-08,Redemption,1000.0,135.2375,205.8441,INV6742,Maharashtra,KYC_VERIFIED,FOLIO537447
TXN101274,120465,2021-07-15,Lumpsum,25000.0,71.4665,296.8898,INV8109,Uttar Pradesh,KYC_VERIFIED,FOLIO986280
TXN101275,119092,2020-01-20,Redemption,5000.0,41.9147,377.0538,INV1954,Rajasthan,KYC_VERIFIED,FOLIO123240
TXN101276,120333,2020-03-03,Lumpsum,500.0,78.6778,482.7367,INV7863,West Bengal,KYC_VERIFIED,FOLIO941521
TXN101277,119775,2021-12-06,Redemption,10000.0,54.3128,106.6743,INV6574,Tamil Nadu,KYC_VERIFIED,FOLIO545777
TXN101278,120503,2024-01-31,Redemption,10000.0,138.7944,247.1498,INV3095,West Bengal,KYC_VERIFIED,FOLIO476025
TXN101279,119092,2022-05-19,Lumpsum,5000.0,121.3329,284.8676,INV4107,Maharashtra,KYC_VERIFIED,FOLIO868010
TXN101280,118825,2024-06-03,Lumpsum,500.0,29.7615,432.5049,INV7357,Tamil Nadu,KYC_VERIFIED,FOLIO637239
TXN101281,118825,2022-02-08,Lumpsum,5000.0,67.6638,408.586,INV8037,Tamil Nadu,KYC_VERIFIED,FOLIO303209
TXN101282,118712,2023-10-04,Lumpsum,10000.0,131.6797,416.6847,INV9708,West Bengal,KYC_PENDING,FOLIO409013
TXN101283,120503,2022-07-13,Lumpsum,10000.0,62.3031,227.0451,INV8046,Karnataka,KYC_VERIFIED,FOLIO795590
TXN101284,118890,2020-12-08,Redemption,1000.0,60.9452,158.4762,INV6526,Karnataka,KYC_VERIFIED,FOLIO704833
TXN101285,120841,2024-11-11,Lumpsum,2000.0,67.0603,485.4132,INV9760,Uttar Pradesh,KYC_VERIFIED,FOLIO272080
TXN101286,119551,2024-12-16,Lumpsum,25000.0,46.7105,136.093,INV2090,Tamil Nadu,KYC_PENDING,FOLIO650742
TXN101287,119092,2023-01-03,Redemption,5000.0,72.8926,210.0268,INV4148,Maharashtra,KYC_VERIFIED,FOLIO410540
TXN101288,118551,2022-02-16,SIP,5000.0,101.6928,184.5275,INV6955,Telangana,KYC_VERIFIED,FOLIO558750
TXN101289,120465,2022-01-06,Lumpsum,1000.0,162.0457,429.1861,INV1277,Uttar Pradesh,KYC_VERIFIED,FOLIO317121
TXN101290,120594,2021-10-15,Lumpsum,10000.0,38.2599,489.5696,INV9889,Maharashtra,KYC_REJECTED,FOLIO274494
TXN101291,119551,2021-01-21,Lumpsum,50000.0,52.6672,497.388,INV3255,Maharashtra,KYC_VERIFIED,FOLIO512516
TXN101292,125497,2024-11-28,Lumpsum,1000.0,15.4369,21.8485,INV5813,Gujarat,KYC_PENDING,FOLIO374750
TXN101293,125497,2020-07-01,SIP,5000.0,44.593,354.857,INV3343,Rajasthan,KYC_VERIFIED,FOLIO773085
TXN101294,118712,2021-01-04,Redemption,500.0,147.7183,303.8111,INV7029,Gujarat,KYC_VERIFIED,FOLIO829534
TXN101295,118712,2024-03-11,SIP,5000.0,137.9913,119.3961,INV6783,Uttar Pradesh,KYC_VERIFIED,FOLIO534991
TXN101296,120465,2022-12-15,Lumpsum,50000.0,109.7366,42.986,INV7627,Delhi,KYC_VERIFIED,FOLIO299671
TXN101297,118989,2020-03-19,SIP,5000.0,29.458,123.206,INV2708,Tamil Nadu,KYC_VERIFIED,FOLIO888475
TXN101298,118551,2022-08-08,SIP,2000.0,183.7996,445.5004,INV8236,Delhi,KYC_VERIFIED,FOLIO224521
TXN101299,118890,2022-06-20,Lumpsum,5000.0,109.6155,210.0996,INV3958,Tamil Nadu,KYC_VERIFIED,FOLIO785330
TXN101300,120841,2021-01-21,Lumpsum,2000.0,134.5766,36.1828,INV1097,Delhi,KYC_VERIFIED,FOLIO789514
TXN101301,120333,2021-05-21,SIP,1000.0,157.532,53.8584,INV1694,Kerala,KYC_VERIFIED,FOLIO715835
TXN101302,118632,2024-02-09,SIP,1000.0,17.799,121.9197,INV9694,Kerala,KYC_VERIFIED,FOLIO135179
TXN101303,120841,2023-04-20,Lumpsum,500.0,45.0195,110.4715,INV2411,Uttar Pradesh,KYC_VERIFIED,FOLIO899368
TXN101304,120841,2024-05-27,Redemption,500.0,165.5401,218.6161,INV2364,Maharashtra,KYC_VERIFIED,FOLIO843923
TXN101305,120841,2024-11-20,Lumpsum,50000.0,196.3723,417.6177,INV7769,Gujarat,KYC_VERIFIED,FOLIO316865
TXN101306,120594,2023-06-27,SIP,2000.0,109.7542,126.4471,INV2998,Rajasthan,KYC_VERIFIED,FOLIO203667
TXN101307,119551,2023-06-22,Lumpsum,2000.0,61.4396,73.5162,INV8594,Delhi,KYC_VERIFIED,FOLIO761702
TXN101308,118890,2023-01-11,Lumpsum,25000.0,55.2123,149.472,INV7808,Maharashtra,KYC_VERIFIED,FOLIO115023
TXN101309,119386,2024-01-11,SIP,50000.0,144.7607,109.9114,INV9576,Kerala,KYC_VERIFIED,FOLIO577554
TXN101310,119092,2021-11-29,SIP,5000.0,22.522,115.5037,INV4579,Karnataka,KYC_VERIFIED,FOLIO211741
TXN101311,120178,2021-09-20,Lumpsum,2000.0,196.96,292.7336,INV6859,Uttar Pradesh,KYC_PENDING,FOLIO354977
TXN101312,120594,2020-05-01,SIP,500.0,189.5773,328.5907,INV8923,Kerala,KYC_VERIFIED,FOLIO391531
TXN101313,118712,2020-02-21,Lumpsum,5000.0,179.8993,211.5151,INV4089,Rajasthan,KYC_PENDING,FOLIO703482
TXN101314,120841,2024-05-09,Lumpsum,500.0,32.4848,460.1246,INV2759,West Bengal,KYC_VERIFIED,FOLIO170330
TXN101315,119551,2022-08-03,SIP,500.0,95.2964,395.3445,INV9579,West Bengal,KYC_VERIFIED,FOLIO298001
TXN101316,120465,2022-10-20,Lumpsum,50000.0,58.4274,171.112,INV5187,West Bengal,KYC_VERIFIED,FOLIO708531
TXN101317,120594,2021-09-03,Redemption,25000.0,127.9627,34.9709,INV1043,Telangana,KYC_VERIFIED,FOLIO747962
TXN101318,120333,2024-03-12,Lumpsum,10000.0,112.7526,160.7051,INV7089,Gujarat,KYC_VERIFIED,FOLIO974738
TXN101319,119203,2022-02-24,SIP,500.0,101.7359,328.5439,INV4720,Rajasthan,KYC_VERIFIED,FOLIO408878
TXN101320,119203,2022-12-08,SIP,50000.0,134.7225,134.6729,INV6082,Uttar Pradesh,KYC_VERIFIED,FOLIO960068
TXN101321,120841,2021-10-27,SIP,10000.0,127.7485,270.1877,INV5022,Rajasthan,KYC_VERIFIED,FOLIO830135
TXN101322,125497,2021-03-01,Redemption,5000.0,147.3624,256.4471,INV2210,Gujarat,KYC_VERIFIED,FOLIO630760
TXN101323,120465,2022-11-29,Lumpsum,1000.0,42.3289,26.0877,INV8687,Delhi,KYC_VERIFIED,FOLIO767342
TXN101324,120594,2023-03-20,Redemption,5000.0,195.0659,191.6725,INV4749,Gujarat,KYC_VERIFIED,FOLIO580987
TXN101325,119775,2021-12-28,Redemption,25000.0,48.2622,82.7958,INV9698,Rajasthan,KYC_VERIFIED,FOLIO481195
TXN101326,120465,2023-07-26,Lumpsum,50000.0,138.0454,493.7158,INV6851,Tamil Nadu,KYC_VERIFIED,FOLIO277968
TXN101327,118989,2022-06-29,SIP,2000.0,40.0418,211.7505,INV2678,Delhi,KYC_VERIFIED,FOLIO385789
TXN101328,125497,2024-06-13,Lumpsum,500.0,109.8042,53.3164,INV5492,Tamil Nadu,KYC_VERIFIED,FOLIO999523
TXN101329,119386,2024-10-28,Redemption,500.0,163.9624,101.7426,INV6786,Karnataka,KYC_VERIFIED,FOLIO769043
TXN101330,120503,2020-05-26,SIP,2000.0,6.5122,54.1903,INV3518,Tamil Nadu,KYC_VERIFIED,FOLIO510990
TXN101331,118890,2020-06-05,Lumpsum,2000.0,147.2721,499.8046,INV6200,Maharashtra,KYC_VERIFIED,FOLIO469173
TXN101332,120712,2023-04-04,Redemption,50000.0,159.6063,41.5667,INV9734,Telangana,KYC_VERIFIED,FOLIO406782
TXN101333,120841,2023-02-08,Redemption,1000.0,32.6863,164.1106,INV7266,Tamil Nadu,KYC_VERIFIED,FOLIO744508
TXN101334,119551,2024-04-01,Redemption,5000.0,117.6121,49.3952,INV3388,Kerala,KYC_PENDING,FOLIO461207
TXN101335,118632,2022-12-22,SIP,2000.0,25.2715,292.9522,INV8137,Rajasthan,KYC_VERIFIED,FOLIO865407
TXN101336,120465,2024-08-14,Lumpsum,500.0,183.9229,488.8368,INV7740,Karnataka,KYC_VERIFIED,FOLIO400957
TXN101337,118551,2023-09-05,Lumpsum,2000.0,67.4716,400.9856,INV2435,Maharashtra,KYC_VERIFIED,FOLIO469003
TXN101338,118712,2022-10-19,Lumpsum,50000.0,29.1647,474.7359,INV9049,West Bengal,KYC_PENDING,FOLIO628280
TXN101339,120503,2024-07-01,SIP,500.0,157.5894,14.8698,INV8560,Gujarat,KYC_VERIFIED,FOLIO506984
TXN101340,118890,2020-10-06,Lumpsum,10000.0,191.3593,320.7077,INV1145,Karnataka,KYC_VERIFIED,FOLIO304677
TXN101341,120594,2023-01-17,SIP,25000.0,39.7065,73.48,INV8630,Karnataka,KYC_VERIFIED,FOLIO753115
TXN101342,119775,2022-01-19,SIP,5000.0,16.9656,282.3362,INV7016,Gujarat,KYC_VERIFIED,FOLIO359566
TXN101343,119092,2022-10-05,Lumpsum,50000.0,8.0837,66.7395,INV6936,Tamil Nadu,KYC_VERIFIED,FOLIO355196
TXN101344,118632,2020-03-12,Lumpsum,50000.0,91.6962,271.5052,INV5960,Tamil Nadu,KYC_VERIFIED,FOLIO679948
TXN101345,118712,2020-04-07,SIP,25000.0,5.1993,77.1402,INV9751,West Bengal,KYC_VERIFIED,FOLIO740926
TXN101346,119092,2020-04-27,Lumpsum,2000.0,18.4557,420.4268,INV3167,Uttar Pradesh,KYC_VERIFIED,FOLIO197065
TXN101347,120594,2024-10-08,SIP,5000.0,158.6044,260.3446,INV6683,Maharashtra,KYC_VERIFIED,FOLIO962509
TXN101348,120503,2023-01-09,SIP,25000.0,178.8807,473.9067,INV1667,Delhi,KYC_VERIFIED,FOLIO369239
TXN101349,120841,2024-07-08,SIP,10000.0,84.8688,460.9162,INV2657,Tamil Nadu,KYC_VERIFIED,FOLIO829814
TXN101350,120712,2020-09-24,SIP,2000.0,28.5971,43.5785,INV4139,Kerala,KYC_VERIFIED,FOLIO397918
TXN101351,119551,2020-07-22,SIP,1000.0,79.8369,122.8424,INV1667,Tamil Nadu,KYC_VERIFIED,FOLIO248167
TXN101352,119092,2023-08-08,Lumpsum,5000.0,164.3397,459.5196,INV9279,Uttar Pradesh,KYC_PENDING,FOLIO405489
TXN101353,118890,2020-02-06,Lumpsum,2000.0,35.6921,366.2356,INV3633,Maharashtra,KYC_VERIFIED,FOLIO860975
TXN101354,120333,2023-03-21,SIP,25000.0,141.7261,336.0293,INV2812,Maharashtra,KYC_VERIFIED,FOLIO967351
TXN101355,125497,2020-05-14,SIP,1000.0,10.4483,457.478,INV5868,Maharashtra,KYC_VERIFIED,FOLIO505306
TXN101356,118632,2020-09-25,Redemption,25000.0,96.1353,283.8002,INV5410,Rajasthan,KYC_VERIFIED,FOLIO651622
TXN101357,119386,2024-11-15,SIP,25000.0,61.927,461.8042,INV8257,Uttar Pradesh,KYC_VERIFIED,FOLIO418506
TXN101358,125497,2021-07-22,SIP,2000.0,64.0692,423.4376,INV8986,West Bengal,KYC_PENDING,FOLIO600047
TXN101359,119551,2024-09-05,SIP,10000.0,92.3112,197.5402,INV1864,Delhi,KYC_VERIFIED,FOLIO712696
TXN101360,125497,2021-03-10,Redemption,1000.0,84.4826,128.5738,INV3466,Rajasthan,KYC_VERIFIED,FOLIO603063
TXN101361,120333,2020-04-30,Lumpsum,5000.0,182.4873,390.8144,INV4402,Gujarat,KYC_VERIFIED,FOLIO234210
TXN101362,120503,2022-05-30,Redemption,10000.0,140.8197,444.1231,INV2681,Telangana,KYC_VERIFIED,FOLIO541219
TXN101363,118989,2022-08-02,Lumpsum,1000.0,154.9646,430.8518,INV6953,Karnataka,KYC_VERIFIED,FOLIO211404
TXN101364,119551,2024-03-06,Redemption,50000.0,151.4626,246.3314,INV5373,Tamil Nadu,KYC_VERIFIED,FOLIO101366
TXN101365,120594,2022-01-11,Lumpsum,2000.0,79.0212,254.2552,INV6104,Uttar Pradesh,KYC_VERIFIED,FOLIO940209
TXN101366,120712,2021-02-22,Redemption,5000.0,93.666,162.0981,INV2039,Telangana,KYC_VERIFIED,FOLIO136308
TXN101367,118825,2020-07-28,Redemption,5000.0,113.7883,344.8157,INV5201,Rajasthan,KYC_VERIFIED,FOLIO228699
TXN101368,120594,2023-11-13,Redemption,50000.0,9.8867,45.9491,INV4076,Kerala,KYC_VERIFIED,FOLIO986638
TXN101369,120712,2024-05-23,Lumpsum,500.0,21.4025,488.8755,INV2086,Kerala,KYC_VERIFIED,FOLIO329340
TXN101370,120841,2021-03-08,Redemption,10000.0,168.1657,331.8855,INV6543,Maharashtra,KYC_VERIFIED,FOLIO746953
TXN101371,120178,2021-09-02,Lumpsum,2000.0,125.7518,14.6781,INV7858,Rajasthan,KYC_VERIFIED,FOLIO955498
TXN101372,120712,2021-03-01,Redemption,500.0,75.5114,160.8069,INV5144,Tamil Nadu,KYC_VERIFIED,FOLIO705629
TXN101373,118551,2022-11-30,SIP,5000.0,144.9729,261.9916,INV7371,Delhi,KYC_VERIFIED,FOLIO996189
TXN101374,120178,2020-04-16,Redemption,500.0,64.7891,253.9798,INV3979,Maharashtra,KYC_VERIFIED,FOLIO695695
TXN101375,118890,2023-07-06,SIP,10000.0,132.6846,367.8473,INV7051,Kerala,KYC_VERIFIED,FOLIO544785
TXN101376,125497,2021-07-14,Lumpsum,500.0,112.8703,241.5339,INV8906,Karnataka,KYC_VERIFIED,FOLIO587010
TXN101377,118712,2024-08-09,Lumpsum,10000.0,33.1002,93.2248,INV4831,Maharashtra,KYC_VERIFIED,FOLIO780710
TXN101378,120178,2021-06-03,Lumpsum,50000.0,95.7027,307.0445,INV9180,Rajasthan,KYC_VERIFIED,FOLIO666518
TXN101379,120594,2022-05-25,Redemption,10000.0,47.5628,307.856,INV3075,Uttar Pradesh,KYC_VERIFIED,FOLIO197627
TXN101380,119386,2022-11-14,SIP,5000.0,122.7748,23.2102,INV1796,Telangana,KYC_VERIFIED,FOLIO610380
TXN101381,120465,2024-01-17,Lumpsum,50000.0,16.7059,194.9966,INV4596,Uttar Pradesh,KYC_PENDING,FOLIO501731
TXN101382,118825,2021-09-02,SIP,2000.0,177.7155,132.9733,INV8511,Rajasthan,KYC_VERIFIED,FOLIO803730
TXN101383,120712,2020-10-26,SIP,5000.0,110.4628,489.5668,INV7514,Telangana,KYC_VERIFIED,FOLIO994649
TXN101384,120594,2020-07-08,Redemption,5000.0,171.0481,322.8568,INV2793,Uttar Pradesh,KYC_VERIFIED,FOLIO342063
TXN101385,118989,2024-11-29,SIP,5000.0,139.4931,245.7218,INV3902,Rajasthan,KYC_VERIFIED,FOLIO139463
TXN101386,120178,2020-03-23,Lumpsum,2000.0,92.9946,256.4832,INV2477,Karnataka,KYC_VERIFIED,FOLIO425113
TXN101387,120333,2023-12-25,SIP,25000.0,52.2426,88.7577,INV9558,West Bengal,KYC_VERIFIED,FOLIO160565
TXN101388,120594,2020-10-22,Lumpsum,50000.0,120.0717,404.0265,INV7190,Gujarat,KYC_VERIFIED,FOLIO236209
TXN101389,119775,2024-02-23,Redemption,500.0,48.3926,443.4097,INV7961,West Bengal,KYC_VERIFIED,FOLIO744668
TXN101390,118890,2021-03-10,Lumpsum,500.0,15.4984,327.0381,INV8833,Karnataka,KYC_REJECTED,FOLIO159933
TXN101391,120712,2024-07-15,SIP,500.0,52.8936,177.0409,INV7524,Kerala,KYC_VERIFIED,FOLIO316279
TXN101392,120333,2024-06-20,Lumpsum,500.0,54.7376,229.8622,INV9869,West Bengal,KYC_VERIFIED,FOLIO630051
TXN101393,120333,2023-07-21,Lumpsum,500.0,171.5896,341.4139,INV4625,Tamil Nadu,KYC_VERIFIED,FOLIO632568
TXN101394,118825,2022-05-13,Lumpsum,5000.0,55.6585,358.9705,INV5839,Karnataka,KYC_VERIFIED,FOLIO110748
TXN101395,118825,2022-01-27,Lumpsum,50000.0,39.1858,431.8396,INV3155,Uttar Pradesh,KYC_VERIFIED,FOLIO631772
TXN101396,119775,2024-03-25,Lumpsum,25000.0,23.0665,287.97,INV6407,Delhi,KYC_VERIFIED,FOLIO279079
TXN101397,119203,2023-05-03,SIP,1000.0,59.0547,271.6653,INV5621,West Bengal,KYC_VERIFIED,FOLIO198857
TXN101398,119092,2022-09-20,SIP,1000.0,154.1673,28.5134,INV7319,West Bengal,KYC_VERIFIED,FOLIO992282
TXN101399,125497,2020-09-29,Lumpsum,25000.0,146.745,355.8278,INV1694,Delhi,KYC_VERIFIED,FOLIO180368
TXN101400,118825,2024-05-27,SIP,1000.0,61.4286,345.2973,INV2152,Maharashtra,KYC_PENDING,FOLIO988312
TXN101401,125497,2022-08-25,Lumpsum,25000.0,30.8579,194.9706,INV4247,Tamil Nadu,KYC_VERIFIED,FOLIO975556
TXN101402,119386,2020-04-17,Redemption,50000.0,29.5687,36.7969,INV8963,Maharashtra,KYC_VERIFIED,FOLIO995760
TXN101403,118632,2021-10-19,SIP,1000.0,122.7106,149.8554,INV9496,Delhi,KYC_VERIFIED,FOLIO627808
TXN101404,118551,2022-06-22,SIP,2000.0,124.9027,381.8162,INV1124,Delhi,KYC_VERIFIED,FOLIO147986
TXN101405,120594,2021-02-01,SIP,5000.0,157.3246,487.5405,INV8082,Delhi,KYC_PENDING,FOLIO842303
TXN101406,118989,2023-02-17,Lumpsum,1000.0,122.0311,106.9387,INV9278,Maharashtra,KYC_VERIFIED,FOLIO387394
TXN101407,120594,2021-11-30,SIP,25000.0,1.6265,459.3012,INV4267,Maharashtra,KYC_VERIFIED,FOLIO630463
TXN101408,120333,2021-04-06,Lumpsum,500.0,181.4028,122.8022,INV2689,Kerala,KYC_VERIFIED,FOLIO142041
TXN101409,118712,2024-01-04,SIP,5000.0,74.4737,173.947,INV5348,Kerala,KYC_VERIFIED,FOLIO992939
TXN101410,119386,2021-04-12,SIP,25000.0,26.7842,463.7049,INV4767,Gujarat,KYC_VERIFIED,FOLIO194982
TXN101411,120841,2021-12-07,SIP,500.0,61.8728,79.9969,INV9374,Kerala,KYC_VERIFIED,FOLIO831609
TXN101412,118989,2020-06-19,Lumpsum,10000.0,2.4737,417.8861,INV8834,West Bengal,KYC_VERIFIED,FOLIO881488
TXN101413,118825,2023-06-16,Lumpsum,1000.0,114.7572,388.1243,INV5795,Delhi,KYC_VERIFIED,FOLIO519478
TXN101414,120503,2020-05-06,Redemption,50000.0,37.9162,419.9229,INV6943,Gujarat,KYC_VERIFIED,FOLIO654727
TXN101415,120594,2021-03-02,Lumpsum,50000.0,144.7408,196.1245,INV8511,Karnataka,KYC_VERIFIED,FOLIO629911
TXN101416,120465,2023-03-29,SIP,1000.0,165.9724,355.2041,INV5786,Delhi,KYC_VERIFIED,FOLIO848347
TXN101417,118989,2020-02-13,SIP,10000.0,55.0659,121.0421,INV3116,Gujarat,KYC_VERIFIED,FOLIO710519
TXN101418,120465,2022-04-14,Lumpsum,50000.0,178.3131,52.6546,INV3386,Gujarat,KYC_PENDING,FOLIO542626
TXN101419,119092,2022-12-28,Lumpsum,500.0,155.4364,417.8393,INV9521,Tamil Nadu,KYC_VERIFIED,FOLIO891534
TXN101420,118989,2023-06-30,Lumpsum,25000.0,46.0694,31.2463,INV4455,Karnataka,KYC_VERIFIED,FOLIO237430
TXN101421,120178,2020-05-18,Lumpsum,50000.0,124.7271,23.1288,INV3852,Kerala,KYC_VERIFIED,FOLIO941574
TXN101422,118632,2023-09-28,Redemption,1000.0,17.3089,40.7828,INV6070,Uttar Pradesh,KYC_VERIFIED,FOLIO786144
TXN101423,120333,2020-05-27,Lumpsum,10000.0,53.1214,34.5411,INV5870,Uttar Pradesh,KYC_VERIFIED,FOLIO588050
TXN101424,120594,2022-03-04,SIP,10000.0,63.4185,286.2647,INV9126,Rajasthan,KYC_VERIFIED,FOLIO553936
TXN101425,120594,2020-01-31,SIP,1000.0,11.1948,300.1852,INV1062,Kerala,KYC_PENDING,FOLIO175874
TXN101426,120594,2023-10-19,SIP,500.0,115.0758,15.0234,INV2908,Karnataka,KYC_REJECTED,FOLIO114268
TXN101427,118825,2021-12-02,SIP,10000.0,183.5516,278.7079,INV8651,Kerala,KYC_VERIFIED,FOLIO735347
TXN101428,125497,2023-09-04,SIP,5000.0,166.7042,268.391,INV7934,Tamil Nadu,KYC_VERIFIED,FOLIO381078
TXN101429,120594,2024-10-04,SIP,10000.0,94.3756,472.4005,INV1569,Telangana,KYC_VERIFIED,FOLIO194962
TXN101430,118551,2024-02-26,SIP,2000.0,152.0019,275.7438,INV7395,Rajasthan,KYC_VERIFIED,FOLIO361787
TXN101431,120594,2024-08-09,SIP,25000.0,38.477,199.3824,INV1240,Uttar Pradesh,KYC_VERIFIED,FOLIO707134
TXN101432,119203,2023-08-04,Redemption,25000.0,7.1799,451.8391,INV3890,Uttar Pradesh,KYC_VERIFIED,FOLIO415199
TXN101433,118825,2020-08-14,Lumpsum,10000.0,77.181,204.066,INV9158,Uttar Pradesh,KYC_VERIFIED,FOLIO920719
TXN101434,119644,2020-09-08,Lumpsum,10000.0,159.0951,175.5422,INV8295,West Bengal,KYC_VERIFIED,FOLIO562836
TXN101435,120465,2024-01-05,Lumpsum,500.0,129.0312,398.8588,INV5560,Gujarat,KYC_VERIFIED,FOLIO222924
TXN101436,119203,2024-11-12,Lumpsum,25000.0,79.2631,18.6577,INV7098,Karnataka,KYC_VERIFIED,FOLIO849523
TXN101437,120594,2021-03-09,Redemption,50000.0,128.3316,477.5782,INV2445,West Bengal,KYC_VERIFIED,FOLIO991404
TXN101438,118989,2022-03-22,Lumpsum,5000.0,101.1581,86.2767,INV8135,Uttar Pradesh,KYC_VERIFIED,FOLIO536635
TXN101439,118551,2021-06-22,Lumpsum,2000.0,174.7323,97.9128,INV2378,West Bengal,KYC_VERIFIED,FOLIO166346
TXN101440,118989,2023-07-11,SIP,500.0,42.165,396.4943,INV7347,Kerala,KYC_VERIFIED,FOLIO703383
TXN101441,118712,2023-02-23,Lumpsum,50000.0,111.8869,423.1733,INV7328,Rajasthan,KYC_VERIFIED,FOLIO798310
TXN101442,118632,2020-09-30,Redemption,25000.0,7.5257,342.729,INV3425,Gujarat,KYC_VERIFIED,FOLIO575286
TXN101443,120178,2024-06-06,Redemption,10000.0,42.5178,11.1268,INV8740,Tamil Nadu,KYC_VERIFIED,FOLIO217438
TXN101444,118989,2023-04-06,Lumpsum,2000.0,24.5311,490.971,INV7416,Karnataka,KYC_VERIFIED,FOLIO249721
TXN101445,119644,2022-01-27,SIP,10000.0,194.099,255.5383,INV3877,West Bengal,KYC_VERIFIED,FOLIO107298
TXN101446,120333,2024-09-16,SIP,1000.0,162.6009,31.3444,INV6272,Karnataka,KYC_PENDING,FOLIO160893
TXN101447,120712,2023-04-26,SIP,1000.0,144.8595,269.4564,INV2508,Delhi,KYC_VERIFIED,FOLIO465369
TXN101448,118712,2024-09-23,Lumpsum,1000.0,53.7847,168.9061,INV4551,Karnataka,KYC_VERIFIED,FOLIO596424
TXN101449,118989,2023-10-12,SIP,1000.0,24.1683,437.5727,INV4310,Gujarat,KYC_VERIFIED,FOLIO558686
TXN101450,120333,2020-01-30,Redemption,10000.0,156.7184,328.53,INV6699,Telangana,KYC_VERIFIED,FOLIO622444
TXN101451,120712,2023-12-05,Lumpsum,2000.0,102.9536,12.5458,INV3400,Rajasthan,KYC_VERIFIED,FOLIO498203
TXN101452,119203,2023-09-29,Redemption,25000.0,123.5312,216.6257,INV8346,Delhi,KYC_VERIFIED,FOLIO579922
TXN101453,120465,2020-12-08,Redemption,500.0,44.4582,186.6398,INV2020,Gujarat,KYC_VERIFIED,FOLIO728966
TXN101454,118825,2024-12-18,Lumpsum,2000.0,91.1877,385.3697,INV4045,Delhi,KYC_VERIFIED,FOLIO725297
TXN101455,120178,2020-10-29,Lumpsum,50000.0,71.8819,293.0656,INV3516,Maharashtra,KYC_VERIFIED,FOLIO343373
TXN101456,119092,2020-09-30,SIP,25000.0,177.3083,453.3138,INV6109,Uttar Pradesh,KYC_VERIFIED,FOLIO121948
TXN101457,119551,2021-09-23,Redemption,10000.0,146.8318,119.2116,INV5692,Tamil Nadu,KYC_VERIFIED,FOLIO937853
TXN101458,120465,2022-11-22,SIP,50000.0,105.1662,379.2431,INV6367,Telangana,KYC_VERIFIED,FOLIO868725
TXN101459,120333,2023-02-16,Lumpsum,2000.0,160.8961,294.0581,INV4271,Gujarat,KYC_VERIFIED,FOLIO646941
TXN101460,120594,2021-01-04,Redemption,5000.0,193.9596,152.5248,INV9498,Tamil Nadu,KYC_VERIFIED,FOLIO650858
TXN101461,118825,2021-05-03,Lumpsum,50000.0,27.8898,131.1831,INV7183,Telangana,KYC_VERIFIED,FOLIO155665
TXN101462,118551,2024-01-26,Redemption,50000.0,153.0139,433.9301,INV6679,Maharashtra,KYC_PENDING,FOLIO347675
TXN101463,118825,2023-10-20,SIP,500.0,70.6241,139.7515,INV6541,Telangana,KYC_VERIFIED,FOLIO206317
TXN101464,118551,2022-06-21,Lumpsum,50000.0,8.4208,299.1731,INV7764,West Bengal,KYC_VERIFIED,FOLIO786365
TXN101465,118989,2021-12-02,Redemption,500.0,47.4578,26.7091,INV5447,Uttar Pradesh,KYC_VERIFIED,FOLIO364458
TXN101466,118825,2024-01-16,Lumpsum,1000.0,129.6137,462.5872,INV1125,Karnataka,KYC_VERIFIED,FOLIO503677
TXN101467,125497,2021-08-18,SIP,1000.0,162.984,274.8215,INV8324,West Bengal,KYC_VERIFIED,FOLIO400207
TXN101468,119644,2020-12-22,SIP,500.0,18.7528,427.1497,INV8352,Telangana,KYC_VERIFIED,FOLIO189839
TXN101469,119203,2023-05-30,SIP,10000.0,163.0089,459.2151,INV4462,Gujarat,KYC_VERIFIED,FOLIO561785
TXN101470,120841,2024-11-21,Lumpsum,2000.0,64.4799,68.7955,INV2198,Maharashtra,KYC_VERIFIED,FOLIO181717
TXN101471,118551,2022-12-29,Lumpsum,500.0,106.0738,223.3494,INV2457,Rajasthan,KYC_VERIFIED,FOLIO373288
TXN101472,118825,2024-04-18,Lumpsum,50000.0,71.7608,352.0841,INV7172,Uttar Pradesh,KYC_VERIFIED,FOLIO439535
TXN101473,118890,2021-01-13,Redemption,5000.0,108.4348,129.0343,INV6010,Rajasthan,KYC_VERIFIED,FOLIO804016
TXN101474,119092,2020-06-24,Lumpsum,5000.0,191.4482,436.8671,INV4296,Rajasthan,KYC_VERIFIED,FOLIO891497
TXN101475,118989,2020-02-14,SIP,50000.0,155.9555,456.0756,INV8396,Maharashtra,KYC_PENDING,FOLIO157055
TXN101476,119386,2024-10-31,Redemption,10000.0,176.4679,224.8346,INV3201,Delhi,KYC_VERIFIED,FOLIO557994
TXN101477,125497,2022-05-11,SIP,1000.0,67.9784,36.4902,INV7223,Tamil Nadu,KYC_VERIFIED,FOLIO200981
TXN101478,120503,2024-09-10,Redemption,2000.0,155.7539,487.0551,INV5775,Telangana,KYC_VERIFIED,FOLIO631822
TXN101479,118551,2023-04-10,Lumpsum,10000.0,156.8147,213.3883,INV3697,Kerala,KYC_VERIFIED,FOLIO239877
TXN101480,118890,2024-02-23,Lumpsum,50000.0,184.4538,375.0067,INV1828,West Bengal,KYC_PENDING,FOLIO492536
TXN101481,119092,2022-11-07,SIP,500.0,116.8615,343.1948,INV4884,Maharashtra,KYC_VERIFIED,FOLIO833878
TXN101482,120465,2024-01-04,SIP,10000.0,190.6366,180.4697,INV7786,Rajasthan,KYC_VERIFIED,FOLIO945678
TXN101483,120465,2024-02-08,SIP,1000.0,23.1687,252.5032,INV1448,Gujarat,KYC_VERIFIED,FOLIO675647
TXN101484,125497,2023-07-26,Lumpsum,500.0,28.1318,382.9587,INV8405,Telangana,KYC_VERIFIED,FOLIO351943
TXN101485,119203,2020-11-30,Lumpsum,500.0,129.2519,166.4739,INV9497,Uttar Pradesh,KYC_VERIFIED,FOLIO112698
TXN101486,120333,2022-02-25,SIP,1000.0,43.8363,468.8994,INV4380,Maharashtra,KYC_VERIFIED,FOLIO685960
TXN101487,118890,2023-11-17,SIP,2000.0,169.3247,330.1116,INV1552,Telangana,KYC_VERIFIED,FOLIO349329
TXN101488,118890,2020-09-07,SIP,10000.0,180.6961,265.6238,INV1556,Kerala,KYC_VERIFIED,FOLIO666225
TXN101489,119644,2023-12-22,SIP,500.0,182.6179,456.1096,INV1795,Delhi,KYC_VERIFIED,FOLIO416273
TXN101490,120178,2021-02-15,Lumpsum,500.0,42.3795,247.154,INV3105,Maharashtra,KYC_VERIFIED,FOLIO504788
TXN101491,120712,2024-06-10,Redemption,25000.0,42.1179,53.3756,INV8407,West Bengal,KYC_VERIFIED,FOLIO802492
TXN101492,119775,2022-04-20,SIP,50000.0,63.9896,241.8414,INV8721,Rajasthan,KYC_VERIFIED,FOLIO327004
TXN101493,119203,2023-05-09,Redemption,2000.0,86.6778,235.7272,INV2574,West Bengal,KYC_PENDING,FOLIO676662
TXN101494,118825,2023-10-30,Lumpsum,2000.0,193.96,397.5073,INV9513,Maharashtra,KYC_VERIFIED,FOLIO230772
TXN101495,119092,2020-07-24,SIP,500.0,68.8029,486.7335,INV5368,Delhi,KYC_VERIFIED,FOLIO525462
TXN101496,119092,2024-11-07,SIP,5000.0,15.5389,49.6286,INV2574,Rajasthan,KYC_VERIFIED,FOLIO292106
TXN101497,118551,2024-07-10,Lumpsum,1000.0,172.4962,373.9174,INV7131,West Bengal,KYC_VERIFIED,FOLIO706959
TXN101498,118890,2022-06-01,SIP,5000.0,108.5984,201.66,INV4997,Rajasthan,KYC_VERIFIED,FOLIO115156
TXN101499,119386,2024-09-20,Lumpsum,500.0,75.3097,368.1569,INV9115,Karnataka,KYC_VERIFIED,FOLIO652361
TXN101500,119092,2024-01-15,Redemption,50000.0,152.3364,474.8081,INV6263,Gujarat,KYC_PENDING,FOLIO328779
TXN101501,119644,2021-02-22,SIP,1000.0,146.2966,261.0311,INV8515,Uttar Pradesh,KYC_VERIFIED,FOLIO597176
TXN101502,125497,2023-04-27,SIP,2000.0,148.1922,257.5065,INV6228,Delhi,KYC_VERIFIED,FOLIO483828
TXN101503,120841,2023-05-25,SIP,25000.0,7.6007,171.5716,INV4328,Telangana,KYC_VERIFIED,FOLIO429721
TXN101504,118712,2021-06-07,Lumpsum,10000.0,149.507,479.8605,INV3130,Karnataka,KYC_VERIFIED,FOLIO481158
TXN101505,119551,2023-02-10,SIP,25000.0,41.8659,297.6202,INV1147,Tamil Nadu,KYC_VERIFIED,FOLIO422864
TXN101506,120465,2023-03-15,SIP,25000.0,79.1822,146.6595,INV4150,West Bengal,KYC_VERIFIED,FOLIO998896
TXN101507,125497,2022-01-03,Redemption,2000.0,2.4361,342.8915,INV2962,Telangana,KYC_VERIFIED,FOLIO834539
TXN101508,120333,2022-10-26,SIP,50000.0,54.4824,368.0992,INV5023,Karnataka,KYC_PENDING,FOLIO273447
TXN101509,125497,2021-02-23,Lumpsum,2000.0,134.4674,113.8043,INV9786,Maharashtra,KYC_PENDING,FOLIO812228
TXN101510,118551,2022-06-08,Lumpsum,1000.0,52.46,472.1259,INV6446,Karnataka,KYC_VERIFIED,FOLIO850276
TXN101511,120503,2023-09-15,SIP,2000.0,79.9451,32.6225,INV5697,Maharashtra,KYC_VERIFIED,FOLIO230675
TXN101512,120465,2020-02-14,Lumpsum,1000.0,148.9862,17.2373,INV2301,Delhi,KYC_VERIFIED,FOLIO415789
TXN101513,119203,2021-04-06,SIP,500.0,55.8498,10.068,INV9894,Kerala,KYC_VERIFIED,FOLIO134397
TXN101514,120841,2024-11-15,SIP,5000.0,160.0743,492.6887,INV6954,Uttar Pradesh,KYC_VERIFIED,FOLIO763456
TXN101515,119644,2020-01-09,Redemption,25000.0,110.0781,458.7162,INV2025,Delhi,KYC_VERIFIED,FOLIO806083
TXN101516,120712,2024-04-10,Redemption,5000.0,137.2304,173.2362,INV2013,Karnataka,KYC_VERIFIED,FOLIO828384
TXN101517,119644,2020-12-07,Lumpsum,10000.0,33.9073,44.8305,INV3374,Karnataka,KYC_VERIFIED,FOLIO778436
TXN101518,118989,2022-10-12,Lumpsum,500.0,17.1303,458.1653,INV7006,West Bengal,KYC_VERIFIED,FOLIO796575
TXN101519,119092,2020-01-01,Lumpsum,5000.0,10.9029,362.7928,INV1573,Karnataka,KYC_VERIFIED,FOLIO337380
TXN101520,118712,2022-09-08,Lumpsum,2000.0,96.2785,433.8552,INV8371,Tamil Nadu,KYC_VERIFIED,FOLIO909983
TXN101521,120841,2023-08-23,SIP,5000.0,137.1561,211.7006,INV1653,Tamil Nadu,KYC_VERIFIED,FOLIO793383
TXN101522,120841,2023-01-06,Lumpsum,500.0,47.5322,308.7271,INV3296,Maharashtra,KYC_VERIFIED,FOLIO454315
TXN101523,119386,2021-02-22,SIP,2000.0,30.4879,46.8335,INV7350,Telangana,KYC_VERIFIED,FOLIO438722
TXN101524,119775,2021-07-12,Lumpsum,2000.0,80.0384,264.1142,INV1815,Maharashtra,KYC_VERIFIED,FOLIO889187
TXN101525,120841,2021-12-30,Lumpsum,50000.0,51.0083,83.9727,INV8096,Tamil Nadu,KYC_VERIFIED,FOLIO866642
TXN101526,118632,2020-12-02,Redemption,25000.0,131.7777,473.1969,INV8402,Uttar Pradesh,KYC_VERIFIED,FOLIO163764
TXN101527,118632,2020-08-28,Redemption,10000.0,110.3303,459.2239,INV2068,West Bengal,KYC_PENDING,FOLIO103440
TXN101528,119551,2022-09-12,Redemption,1000.0,171.3173,273.0792,INV7993,Gujarat,KYC_VERIFIED,FOLIO987180
TXN101529,120503,2024-06-11,SIP,25000.0,176.202,350.2848,INV6953,Telangana,KYC_VERIFIED,FOLIO856705
TXN101530,119386,2020-02-27,Lumpsum,25000.0,154.6464,181.4887,INV3488,Gujarat,KYC_VERIFIED,FOLIO777126
TXN101531,120712,2022-10-03,Lumpsum,1000.0,158.1206,238.3701,INV5264,Maharashtra,KYC_VERIFIED,FOLIO879362
TXN101532,120503,2024-09-06,Lumpsum,50000.0,66.7073,489.8687,INV6343,Rajasthan,KYC_VERIFIED,FOLIO219203
TXN101533,125497,2022-01-10,SIP,2000.0,47.0443,280.5624,INV3001,Tamil Nadu,KYC_VERIFIED,FOLIO127833
TXN101534,118632,2024-01-01,SIP,500.0,125.1644,87.606,INV7124,Uttar Pradesh,KYC_VERIFIED,FOLIO533362
TXN101535,120333,2020-09-17,SIP,1000.0,103.8551,248.1954,INV8899,Delhi,KYC_VERIFIED,FOLIO133687
TXN101536,118551,2022-08-11,Redemption,10000.0,27.0733,274.5843,INV2674,Gujarat,KYC_VERIFIED,FOLIO251585
TXN101537,120178,2024-09-13,Lumpsum,500.0,79.6245,385.0901,INV5535,West Bengal,KYC_VERIFIED,FOLIO816780
TXN101538,119386,2021-04-19,Lumpsum,10000.0,155.0292,15.3241,INV6011,Gujarat,KYC_VERIFIED,FOLIO392979
TXN101539,118712,2024-06-14,SIP,10000.0,132.6199,423.0355,INV8003,Karnataka,KYC_VERIFIED,FOLIO991218
TXN101540,120841,2023-06-30,SIP,10000.0,169.0701,263.8813,INV3051,Karnataka,KYC_REJECTED,FOLIO222636
TXN101541,119551,2022-07-27,Lumpsum,500.0,99.0043,475.8241,INV3297,Delhi,KYC_VERIFIED,FOLIO708993
TXN101542,118890,2021-08-18,Lumpsum,2000.0,7.5228,297.3028,INV6758,Gujarat,KYC_VERIFIED,FOLIO913774
TXN101543,120594,2021-07-13,Lumpsum,10000.0,86.6511,490.177,INV8634,Telangana,KYC_VERIFIED,FOLIO515905
TXN101544,118825,2021-12-09,SIP,50000.0,54.2832,118.8304,INV5477,Kerala,KYC_VERIFIED,FOLIO759503
TXN101545,118712,2023-02-10,SIP,25000.0,19.1583,379.3026,INV7145,Delhi,KYC_VERIFIED,FOLIO324029
TXN101546,119203,2024-11-29,Redemption,500.0,7.2956,161.8571,INV7959,Uttar Pradesh,KYC_REJECTED,FOLIO504598
TXN101547,120503,2024-07-17,Lumpsum,50000.0,129.4601,124.3546,INV7607,Tamil Nadu,KYC_VERIFIED,FOLIO396285
TXN101548,119644,2020-03-05,SIP,25000.0,55.8056,415.8896,INV9229,Rajasthan,KYC_VERIFIED,FOLIO709257
TXN101549,118712,2020-09-21,SIP,2000.0,104.8258,390.8066,INV3339,Karnataka,KYC_VERIFIED,FOLIO864149
TXN101550,119551,2023-12-20,SIP,1000.0,17.4046,130.8259,INV1476,Kerala,KYC_VERIFIED,FOLIO835085
TXN101551,118825,2021-06-18,SIP,10000.0,24.5423,58.8053,INV1090,Maharashtra,KYC_VERIFIED,FOLIO209500
TXN101552,118551,2021-05-27,SIP,25000.0,167.9688,463.2203,INV5876,Karnataka,KYC_VERIFIED,FOLIO643238
TXN101553,125497,2022-06-24,Lumpsum,50000.0,85.0561,348.4426,INV6535,Delhi,KYC_VERIFIED,FOLIO855303
TXN101554,118551,2024-09-10,Lumpsum,500.0,196.3521,322.4395,INV7794,Maharashtra,KYC_VERIFIED,FOLIO369419
TXN101555,120841,2022-07-12,SIP,25000.0,165.4163,163.0473,INV3028,Maharashtra,KYC_VERIFIED,FOLIO990228
TXN101556,119644,2023-06-05,Lumpsum,25000.0,44.0754,47.1203,INV4085,West Bengal,KYC_VERIFIED,FOLIO759907
TXN101557,120333,2022-08-08,Lumpsum,5000.0,183.2376,391.8016,INV8849,Gujarat,KYC_VERIFIED,FOLIO106837
TXN101558,118551,2024-12-27,SIP,25000.0,125.7315,451.6674,INV7994,Maharashtra,KYC_VERIFIED,FOLIO305334
TXN101559,120178,2024-03-18,Lumpsum,50000.0,97.5012,44.7745,INV8000,Tamil Nadu,KYC_VERIFIED,FOLIO918460
TXN101560,120465,2021-10-13,Redemption,50000.0,62.9105,191.5747,INV9134,Kerala,KYC_VERIFIED,FOLIO184754
TXN101561,119644,2020-07-29,Lumpsum,25000.0,54.1264,425.2485,INV5827,Uttar Pradesh,KYC_VERIFIED,FOLIO551698
TXN101562,120333,2022-09-15,Lumpsum,500.0,10.128,312.0283,INV3810,Telangana,KYC_VERIFIED,FOLIO491472
TXN101563,118632,2020-02-20,Redemption,5000.0,22.6157,284.4975,INV7914,Delhi,KYC_VERIFIED,FOLIO731990
TXN101564,119775,2023-01-03,SIP,50000.0,43.3498,76.1907,INV6310,Maharashtra,KYC_VERIFIED,FOLIO434622
TXN101565,118890,2021-10-12,SIP,500.0,141.914,151.3624,INV9787,Gujarat,KYC_VERIFIED,FOLIO330030
TXN101566,119203,2023-05-18,Redemption,5000.0,105.8509,214.1543,INV1297,Delhi,KYC_VERIFIED,FOLIO724271
TXN101567,119203,2021-02-02,Lumpsum,25000.0,171.6891,158.3437,INV3770,Karnataka,KYC_VERIFIED,FOLIO374390
TXN101568,120712,2024-11-06,Lumpsum,50000.0,23.1048,151.3535,INV9257,Telangana,KYC_VERIFIED,FOLIO752709
TXN101569,120465,2020-04-16,SIP,50000.0,7.1982,147.8838,INV5516,Delhi,KYC_VERIFIED,FOLIO691173
TXN101570,120712,2023-07-25,Lumpsum,10000.0,86.5091,192.356,INV5353,Kerala,KYC_VERIFIED,FOLIO946594
TXN101571,119644,2024-06-27,Redemption,5000.0,190.9671,70.8021,INV6351,Tamil Nadu,KYC_PENDING,FOLIO336502
TXN101572,119092,2022-02-09,Lumpsum,1000.0,199.4706,60.0826,INV6893,Rajasthan,KYC_VERIFIED,FOLIO822133
TXN101573,118712,2023-03-14,Redemption,1000.0,168.3644,403.3414,INV1395,Maharashtra,KYC_VERIFIED,FOLIO313642
TXN101574,118989,2022-07-25,Redemption,500.0,164.2923,461.829,INV2175,Delhi,KYC_PENDING,FOLIO243004
TXN101575,120333,2020-12-17,SIP,5000.0,65.6054,458.665,INV9721,West Bengal,KYC_VERIFIED,FOLIO188563
TXN101576,118712,2022-10-05,Lumpsum,500.0,147.7334,242.8377,INV7257,Gujarat,KYC_VERIFIED,FOLIO823296
TXN101577,120503,2024-05-15,Lumpsum,500.0,190.4346,388.863,INV2625,Karnataka,KYC_VERIFIED,FOLIO576276
TXN101578,120712,2023-04-03,SIP,1000.0,18.235,281.92,INV1543,Tamil Nadu,KYC_PENDING,FOLIO990599
TXN101579,119092,2020-07-06,Redemption,50000.0,148.8377,475.8656,INV4780,Karnataka,KYC_VERIFIED,FOLIO470413
TXN101580,118825,2023-04-24,Lumpsum,500.0,21.7958,334.1635,INV5331,Karnataka,KYC_VERIFIED,FOLIO127085
TXN101581,119775,2022-07-06,Redemption,50000.0,55.9507,206.4582,INV9222,Gujarat,KYC_VERIFIED,FOLIO736768
TXN101582,120841,2021-09-29,Lumpsum,10000.0,125.213,158.5717,INV7188,Karnataka,KYC_VERIFIED,FOLIO722985
TXN101583,120841,2021-09-15,Lumpsum,50000.0,33.001,128.3342,INV6150,Tamil Nadu,KYC_PENDING,FOLIO501470
TXN101584,119386,2023-11-10,SIP,2000.0,61.1117,493.799,INV9195,Rajasthan,KYC_VERIFIED,FOLIO777685
TXN101585,119551,2021-10-15,SIP,5000.0,168.5602,456.228,INV3649,Gujarat,KYC_VERIFIED,FOLIO271926
TXN101586,118890,2024-05-15,SIP,50000.0,92.3026,136.8015,INV3878,Kerala,KYC_VERIFIED,FOLIO346032
TXN101587,120841,2022-09-13,Lumpsum,2000.0,22.3297,289.637,INV5792,Kerala,KYC_VERIFIED,FOLIO949319
TXN101588,119551,2024-10-29,SIP,50000.0,158.668,307.9481,INV7219,Uttar Pradesh,KYC_VERIFIED,FOLIO636281
TXN101589,119092,2022-01-04,Lumpsum,500.0,181.6419,202.6415,INV5519,Maharashtra,KYC_VERIFIED,FOLIO402151
TXN101590,119775,2023-03-03,Lumpsum,5000.0,175.8392,263.1225,INV1106,Maharashtra,KYC_VERIFIED,FOLIO257986
TXN101591,119551,2023-05-30,Redemption,5000.0,49.1547,490.1094,INV2728,Kerala,KYC_VERIFIED,FOLIO202131
TXN101592,125497,2023-03-09,Redemption,1000.0,187.1322,108.6941,INV4859,West Bengal,KYC_VERIFIED,FOLIO703614
TXN101593,118712,2023-06-21,Lumpsum,500.0,192.4572,242.2697,INV8552,Rajasthan,KYC_VERIFIED,FOLIO687083
TXN101594,120594,2021-10-08,SIP,5000.0,40.2295,347.8067,INV3173,Karnataka,KYC_VERIFIED,FOLIO235947
TXN101595,119775,2024-12-13,SIP,5000.0,104.5534,77.2596,INV6061,Kerala,KYC_VERIFIED,FOLIO321396
TXN101596,119386,2022-12-21,SIP,2000.0,142.884,318.6147,INV7722,Delhi,KYC_VERIFIED,FOLIO959273
TXN101597,118989,2024-01-12,Lumpsum,10000.0,190.7352,90.6342,INV3994,West Bengal,KYC_VERIFIED,FOLIO343053
TXN101598,120712,2024-08-16,Lumpsum,5000.0,108.4697,35.9006,INV8440,Uttar Pradesh,KYC_VERIFIED,FOLIO511554
TXN101599,118825,2023-02-07,Lumpsum,25000.0,147.3271,49.5793,INV4993,West Bengal,KYC_VERIFIED,FOLIO556132
TXN101600,118825,2023-11-10,Lumpsum,1000.0,180.7741,243.2863,INV7115,Gujarat,KYC_VERIFIED,FOLIO542955
TXN101601,120465,2023-09-21,Lumpsum,1000.0,39.9269,179.1551,INV4238,Tamil Nadu,KYC_VERIFIED,FOLIO830542
TXN101602,118989,2024-02-08,Lumpsum,50000.0,133.6005,25.0351,INV8419,West Bengal,KYC_VERIFIED,FOLIO364128
TXN101603,120594,2023-03-14,Lumpsum,500.0,85.1922,44.3829,INV3892,Tamil Nadu,KYC_VERIFIED,FOLIO313916
TXN101604,119092,2022-05-12,Lumpsum,1000.0,186.245,154.8158,INV7475,Karnataka,KYC_VERIFIED,FOLIO902600
TXN101605,120841,2022-11-01,Redemption,5000.0,171.1335,439.9636,INV1596,West Bengal,KYC_VERIFIED,FOLIO386515
TXN101606,119092,2022-12-30,Lumpsum,25000.0,56.1163,309.0155,INV7501,Maharashtra,KYC_VERIFIED,FOLIO991888
TXN101607,119644,2023-09-13,Lumpsum,25000.0,47.1241,439.6357,INV5008,Karnataka,KYC_VERIFIED,FOLIO446080
TXN101608,120594,2023-01-16,SIP,1000.0,52.8773,339.6696,INV7716,Kerala,KYC_VERIFIED,FOLIO751379
TXN101609,120503,2024-05-20,Lumpsum,2000.0,55.7543,372.6341,INV8166,Karnataka,KYC_PENDING,FOLIO524612
TXN101610,120333,2021-10-18,SIP,50000.0,82.0795,365.8555,INV5288,Karnataka,KYC_VERIFIED,FOLIO202961
TXN101611,118989,2023-05-30,SIP,50000.0,35.3268,479.7068,INV4935,Rajasthan,KYC_VERIFIED,FOLIO827729
TXN101612,120594,2022-04-07,SIP,1000.0,65.5482,110.1384,INV5306,West Bengal,KYC_VERIFIED,FOLIO794091
TXN101613,118632,2020-03-06,SIP,2000.0,92.7255,19.1121,INV2130,West Bengal,KYC_VERIFIED,FOLIO462940
TXN101614,118712,2020-07-15,Lumpsum,10000.0,199.8999,105.296,INV6953,Tamil Nadu,KYC_VERIFIED,FOLIO827527
TXN101615,118712,2024-01-11,Redemption,5000.0,109.7549,469.312,INV6135,Karnataka,KYC_VERIFIED,FOLIO131367
TXN101616,120465,2021-11-29,Lumpsum,5000.0,23.6734,447.6531,INV3611,Rajasthan,KYC_PENDING,FOLIO683127
TXN101617,118890,2023-11-21,Redemption,500.0,147.6142,186.649,INV8676,Telangana,KYC_PENDING,FOLIO691613
TXN101618,120841,2023-10-27,SIP,10000.0,45.1524,417.253,INV4364,Delhi,KYC_VERIFIED,FOLIO924388
TXN101619,120178,2020-07-03,Redemption,500.0,139.7938,131.1487,INV2490,Kerala,KYC_VERIFIED,FOLIO338827
TXN101620,125497,2023-02-07,Redemption,500.0,69.6981,445.8659,INV4631,Gujarat,KYC_PENDING,FOLIO764378
TXN101621,118825,2021-07-12,SIP,500.0,71.336,483.5412,INV7829,Rajasthan,KYC_VERIFIED,FOLIO335916
TXN101622,120465,2022-06-21,Redemption,25000.0,37.4242,320.4976,INV9411,Karnataka,KYC_VERIFIED,FOLIO739420
TXN101623,119092,2021-01-12,Redemption,1000.0,96.1647,391.6595,INV6903,Kerala,KYC_VERIFIED,FOLIO719352
TXN101624,118890,2023-11-14,Lumpsum,2000.0,119.9538,116.1209,INV5228,Gujarat,KYC_VERIFIED,FOLIO537159
TXN101625,118890,2020-01-02,Lumpsum,10000.0,16.7032,226.8903,INV7300,Delhi,KYC_VERIFIED,FOLIO273763
TXN101626,120178,2020-10-21,SIP,50000.0,39.7126,35.8297,INV1110,Uttar Pradesh,KYC_VERIFIED,FOLIO517344
TXN101627,125497,2024-01-30,Redemption,2000.0,54.232,210.2743,INV9722,Telangana,KYC_VERIFIED,FOLIO313449
TXN101628,125497,2021-08-12,Lumpsum,10000.0,96.1262,465.1685,INV7746,Rajasthan,KYC_VERIFIED,FOLIO311419
TXN101629,118825,2021-05-05,Lumpsum,10000.0,101.2943,104.0365,INV3825,Kerala,KYC_VERIFIED,FOLIO219183
TXN101630,118712,2020-08-26,Lumpsum,1000.0,107.4697,397.1465,INV3569,Tamil Nadu,KYC_VERIFIED,FOLIO855591
TXN101631,125497,2024-06-27,Lumpsum,2000.0,95.7016,328.7724,INV5651,Gujarat,KYC_VERIFIED,FOLIO527657
TXN101632,120503,2021-11-09,SIP,50000.0,172.4378,256.1812,INV7137,Uttar Pradesh,KYC_VERIFIED,FOLIO339725
TXN101633,120465,2023-12-06,Redemption,50000.0,183.7695,417.9217,INV3923,Karnataka,KYC_VERIFIED,FOLIO916376
TXN101634,119203,2021-11-17,Redemption,25000.0,22.6048,428.009,INV6002,Maharashtra,KYC_VERIFIED,FOLIO481016
TXN101635,119203,2024-06-18,SIP,5000.0,91.0259,156.9387,INV2322,Karnataka,KYC_VERIFIED,FOLIO880562
TXN101636,120178,2022-02-01,SIP,1000.0,26.3093,137.2733,INV7595,Uttar Pradesh,KYC_VERIFIED,FOLIO180594
TXN101637,118890,2020-10-22,Redemption,25000.0,6.2372,252.6274,INV3163,Gujarat,KYC_VERIFIED,FOLIO135755
TXN101638,119092,2023-01-10,SIP,1000.0,112.396,291.0261,INV9331,Telangana,KYC_VERIFIED,FOLIO200172
TXN101639,119203,2024-09-10,Lumpsum,2000.0,62.688,13.708,INV1879,Delhi,KYC_VERIFIED,FOLIO516214
TXN101640,120465,2023-12-05,Lumpsum,1000.0,22.023,100.8607,INV9234,Kerala,KYC_VERIFIED,FOLIO404809
TXN101641,119775,2022-05-25,SIP,1000.0,90.2496,52.825,INV8103,Kerala,KYC_VERIFIED,FOLIO525647
TXN101642,118712,2022-05-13,SIP,50000.0,174.4611,262.2554,INV7884,Kerala,KYC_VERIFIED,FOLIO695023
TXN101643,120594,2022-02-16,SIP,500.0,108.2832,265.1043,INV5552,West Bengal,KYC_PENDING,FOLIO823309
TXN101644,119551,2021-08-05,Lumpsum,10000.0,126.0534,444.8737,INV6022,Gujarat,KYC_VERIFIED,FOLIO793667
TXN101645,119092,2020-02-12,SIP,500.0,60.9427,60.2558,INV1906,Rajasthan,KYC_VERIFIED,FOLIO883981
TXN101646,119551,2021-11-03,SIP,25000.0,60.9662,360.4393,INV3797,Uttar Pradesh,KYC_VERIFIED,FOLIO582469
TXN101647,118825,2023-05-05,Lumpsum,2000.0,116.5687,181.3235,INV4808,Uttar Pradesh,KYC_VERIFIED,FOLIO517719
TXN101648,118825,2020-02-13,Redemption,1000.0,108.7335,11.2988,INV6138,Telangana,KYC_PENDING,FOLIO276632
TXN101649,118712,2022-06-23,Lumpsum,2000.0,130.4926,343.4141,INV5048,West Bengal,KYC_VERIFIED,FOLIO979746
TXN101650,120465,2021-03-31,SIP,2000.0,184.5661,320.0277,INV7460,Uttar Pradesh,KYC_VERIFIED,FOLIO921686
TXN101651,120712,2020-11-17,Redemption,2000.0,177.2922,423.1163,INV9548,Maharashtra,KYC_VERIFIED,FOLIO945182
TXN101652,119203,2023-09-19,Lumpsum,5000.0,155.4759,384.2387,INV6545,Telangana,KYC_VERIFIED,FOLIO488975
TXN101653,118712,2023-11-29,Lumpsum,5000.0,91.4759,428.0916,INV6725,Karnataka,KYC_VERIFIED,FOLIO800604
TXN101654,120178,2022-11-24,SIP,10000.0,137.976,162.4082,INV3758,Tamil Nadu,KYC_PENDING,FOLIO413003
TXN101655,118890,2023-10-23,Redemption,25000.0,94.6678,91.9292,INV9219,Uttar Pradesh,KYC_VERIFIED,FOLIO759591
TXN101656,120712,2020-07-27,Redemption,50000.0,104.0067,140.5244,INV1915,Gujarat,KYC_VERIFIED,FOLIO498373
TXN101657,118551,2020-04-03,Lumpsum,50000.0,110.4029,317.0656,INV4486,Gujarat,KYC_VERIFIED,FOLIO929219
TXN101658,119203,2024-05-16,SIP,50000.0,68.4617,23.3694,INV6015,Rajasthan,KYC_PENDING,FOLIO589502
TXN101659,119551,2024-03-15,SIP,10000.0,162.1209,52.4537,INV7084,Delhi,KYC_VERIFIED,FOLIO427363
TXN101660,119092,2024-10-29,Lumpsum,10000.0,95.6521,432.5526,INV4835,West Bengal,KYC_PENDING,FOLIO306914
TXN101661,119092,2021-01-07,SIP,10000.0,41.6512,419.5082,INV4858,Rajasthan,KYC_VERIFIED,FOLIO579630
TXN101662,118712,2023-11-14,Lumpsum,5000.0,101.0561,98.587,INV8621,Kerala,KYC_VERIFIED,FOLIO468278
TXN101663,119644,2020-10-20,SIP,2000.0,2.9366,336.6684,INV5525,Rajasthan,KYC_PENDING,FOLIO190669
TXN101664,120333,2021-03-31,SIP,2000.0,110.7603,256.2811,INV9908,Rajasthan,KYC_VERIFIED,FOLIO432763
TXN101665,118712,2024-08-30,Lumpsum,5000.0,107.3004,438.2978,INV5228,Rajasthan,KYC_VERIFIED,FOLIO354097
TXN101666,118632,2020-01-16,SIP,25000.0,137.8295,145.593,INV3326,Karnataka,KYC_VERIFIED,FOLIO464831
TXN101667,118825,2022-11-21,SIP,5000.0,190.0567,390.6611,INV8139,Karnataka,KYC_REJECTED,FOLIO866435
TXN101668,119203,2023-09-14,SIP,5000.0,162.1922,286.2873,INV2560,Gujarat,KYC_VERIFIED,FOLIO924943
TXN101669,118551,2020-11-30,Lumpsum,10000.0,81.4251,312.2807,INV7237,Uttar Pradesh,KYC_VERIFIED,FOLIO831659
TXN101670,125497,2022-06-15,Lumpsum,2000.0,79.9759,454.8755,INV5095,Karnataka,KYC_PENDING,FOLIO465473
TXN101671,118632,2022-08-09,Lumpsum,5000.0,146.9527,367.3935,INV5034,Kerala,KYC_VERIFIED,FOLIO795277
TXN101672,120333,2020-03-11,Lumpsum,1000.0,46.7122,352.3107,INV2115,Rajasthan,KYC_VERIFIED,FOLIO994654
TXN101673,118712,2023-10-26,Lumpsum,10000.0,80.3713,374.849,INV4086,Delhi,KYC_PENDING,FOLIO110600
TXN101674,120712,2023-06-19,SIP,10000.0,48.229,394.9015,INV9966,Uttar Pradesh,KYC_VERIFIED,FOLIO575372
TXN101675,120841,2022-03-04,Lumpsum,500.0,61.8772,358.9724,INV4745,Maharashtra,KYC_VERIFIED,FOLIO407956
TXN101676,118890,2022-04-27,Lumpsum,10000.0,189.6425,228.5663,INV7676,Karnataka,KYC_VERIFIED,FOLIO281209
TXN101677,118825,2024-04-11,SIP,50000.0,142.8113,486.0128,INV8740,Karnataka,KYC_VERIFIED,FOLIO342274
TXN101678,118551,2021-06-16,Lumpsum,10000.0,47.2757,53.3245,INV1900,Kerala,KYC_VERIFIED,FOLIO209037
TXN101679,119092,2020-05-14,Lumpsum,2000.0,8.1178,159.6379,INV2425,Rajasthan,KYC_VERIFIED,FOLIO404076
TXN101680,120503,2022-03-07,Redemption,25000.0,147.4068,396.6061,INV6538,Kerala,KYC_VERIFIED,FOLIO821845
TXN101681,120503,2024-02-02,SIP,25000.0,166.0131,291.4313,INV2681,Kerala,KYC_VERIFIED,FOLIO226106
TXN101682,119203,2024-06-17,Lumpsum,5000.0,35.2076,449.4063,INV9890,Telangana,KYC_VERIFIED,FOLIO276486
TXN101683,118825,2020-06-30,SIP,2000.0,199.9821,394.4317,INV4044,West Bengal,KYC_VERIFIED,FOLIO676863
TXN101684,118632,2024-12-24,Redemption,500.0,5.5421,394.6637,INV4333,Tamil Nadu,KYC_VERIFIED,FOLIO616396
TXN101685,120465,2022-07-28,Lumpsum,50000.0,155.5724,93.7811,INV3081,West Bengal,KYC_VERIFIED,FOLIO242848
TXN101686,120333,2020-08-05,SIP,10000.0,198.4022,376.4775,INV1521,Rajasthan,KYC_VERIFIED,FOLIO999259
TXN101687,120712,2024-04-12,Lumpsum,5000.0,46.7713,70.5545,INV8384,Uttar Pradesh,KYC_VERIFIED,FOLIO260146
TXN101688,120465,2020-05-28,Lumpsum,50000.0,37.855,121.0387,INV6418,Uttar Pradesh,KYC_PENDING,FOLIO720577
TXN101689,119092,2021-12-28,Lumpsum,500.0,194.0825,328.3413,INV8200,Maharashtra,KYC_VERIFIED,FOLIO498325
TXN101690,119386,2023-11-27,SIP,500.0,87.6244,430.078,INV2085,Telangana,KYC_VERIFIED,FOLIO319858
TXN101691,118712,2020-06-18,SIP,2000.0,69.4566,164.0592,INV3381,West Bengal,KYC_VERIFIED,FOLIO993922
TXN101692,118551,2024-02-23,Redemption,5000.0,176.2238,491.112,INV9037,Kerala,KYC_PENDING,FOLIO173635
TXN101693,119775,2024-05-24,Lumpsum,25000.0,130.9745,177.5117,INV3875,Telangana,KYC_VERIFIED,FOLIO491399
TXN101694,119551,2023-11-09,SIP,500.0,68.0683,299.3126,INV8397,West Bengal,KYC_PENDING,FOLIO905063
TXN101695,120178,2020-05-04,SIP,25000.0,27.3192,374.2317,INV3730,Kerala,KYC_VERIFIED,FOLIO238220
TXN101696,119551,2024-09-18,SIP,1000.0,152.44,224.2958,INV5918,Tamil Nadu,KYC_VERIFIED,FOLIO816360
TXN101697,118551,2023-05-17,Lumpsum,5000.0,141.4827,174.0864,INV3700,Kerala,KYC_VERIFIED,FOLIO326254
TXN101698,119551,2023-10-23,Lumpsum,25000.0,188.5746,62.6109,INV3736,West Bengal,KYC_VERIFIED,FOLIO923959
TXN101699,120333,2021-02-25,SIP,10000.0,154.6337,183.7742,INV2582,Kerala,KYC_REJECTED,FOLIO713619
TXN101700,118712,2022-04-20,SIP,5000.0,195.0903,375.7328,INV4689,Karnataka,KYC_VERIFIED,FOLIO568992
TXN101701,120465,2020-08-10,SIP,1000.0,46.239,409.0754,INV6386,Maharashtra,KYC_PENDING,FOLIO101823
TXN101702,119203,2024-02-05,Lumpsum,50000.0,8.072,224.4409,INV3619,Karnataka,KYC_VERIFIED,FOLIO641241
TXN101703,120594,2021-03-22,Redemption,10000.0,193.1491,146.1091,INV4936,Telangana,KYC_VERIFIED,FOLIO476874
TXN101704,119551,2021-05-19,SIP,25000.0,142.0338,358.9967,INV7763,Rajasthan,KYC_VERIFIED,FOLIO611380
TXN101705,120712,2023-03-22,SIP,1000.0,162.8031,10.0231,INV5473,Gujarat,KYC_VERIFIED,FOLIO590637
TXN101706,118632,2020-12-16,Lumpsum,2000.0,158.1008,42.6745,INV2145,Karnataka,KYC_VERIFIED,FOLIO948271
TXN101707,120333,2023-06-06,Redemption,2000.0,22.0247,407.6043,INV4745,Maharashtra,KYC_PENDING,FOLIO317570
TXN101708,119775,2023-11-17,SIP,500.0,127.4631,461.1067,INV6286,Uttar Pradesh,KYC_VERIFIED,FOLIO619766
TXN101709,118632,2022-09-12,SIP,2000.0,118.1582,140.214,INV6994,Rajasthan,KYC_VERIFIED,FOLIO910266
TXN101710,118890,2021-06-25,Lumpsum,1000.0,56.9225,235.9361,INV4183,Tamil Nadu,KYC_VERIFIED,FOLIO276218
TXN101711,118632,2024-01-18,Lumpsum,2000.0,72.1215,208.9251,INV2076,Uttar Pradesh,KYC_VERIFIED,FOLIO463345
TXN101712,118825,2022-06-01,SIP,10000.0,7.5949,223.9284,INV5832,Maharashtra,KYC_VERIFIED,FOLIO502331
TXN101713,118551,2020-05-06,SIP,2000.0,76.521,139.5866,INV5951,Rajasthan,KYC_VERIFIED,FOLIO961697
TXN101714,118890,2020-03-18,Redemption,500.0,199.5035,453.9988,INV5904,Delhi,KYC_VERIFIED,FOLIO721308
TXN101715,118712,2021-10-26,Lumpsum,500.0,91.8643,217.8364,INV1199,Telangana,KYC_VERIFIED,FOLIO425582
TXN101716,118890,2023-08-18,SIP,5000.0,3.7834,20.9838,INV2542,Uttar Pradesh,KYC_VERIFIED,FOLIO501504
TXN101717,120594,2024-12-19,SIP,25000.0,97.5854,125.4178,INV3063,Delhi,KYC_VERIFIED,FOLIO693173
TXN101718,120503,2023-12-11,Lumpsum,10000.0,51.539,406.1077,INV9120,Kerala,KYC_VERIFIED,FOLIO774108
TXN101719,120178,2023-03-29,SIP,500.0,7.206,23.7817,INV7026,Tamil Nadu,KYC_VERIFIED,FOLIO365330
TXN101720,120594,2021-10-29,Redemption,50000.0,71.5328,202.4947,INV9585,Tamil Nadu,KYC_VERIFIED,FOLIO175219
TXN101721,118712,2024-06-18,Lumpsum,25000.0,79.9753,105.5821,INV4789,Karnataka,KYC_VERIFIED,FOLIO978040
TXN101722,120178,2021-09-17,SIP,5000.0,17.0063,170.9834,INV4806,Kerala,KYC_VERIFIED,FOLIO512553
TXN101723,119092,2022-05-17,Lumpsum,10000.0,190.9685,357.1922,INV3115,Telangana,KYC_PENDING,FOLIO927811
TXN101724,118989,2023-02-15,Lumpsum,5000.0,102.3109,347.8712,INV8735,Telangana,KYC_VERIFIED,FOLIO584675
TXN101725,119775,2021-02-18,SIP,2000.0,110.7552,264.4569,INV2410,Maharashtra,KYC_VERIFIED,FOLIO581206
TXN101726,125497,2023-10-03,SIP,25000.0,66.587,181.8689,INV5078,Maharashtra,KYC_VERIFIED,FOLIO481156
TXN101727,120841,2021-08-30,SIP,10000.0,50.355,436.1801,INV8180,Delhi,KYC_VERIFIED,FOLIO438127
TXN101728,120503,2022-05-03,Lumpsum,10000.0,71.9063,44.5972,INV7012,Tamil Nadu,KYC_VERIFIED,FOLIO808183
TXN101729,118890,2020-08-18,SIP,2000.0,3.8106,382.4309,INV7919,Delhi,KYC_VERIFIED,FOLIO851982
TXN101730,120841,2022-06-21,Lumpsum,500.0,35.7525,37.6738,INV3458,Telangana,KYC_VERIFIED,FOLIO230822
TXN101731,120503,2024-11-28,Lumpsum,10000.0,115.6807,489.3612,INV8554,Rajasthan,KYC_VERIFIED,FOLIO894219
TXN101732,118551,2024-10-09,SIP,5000.0,31.8183,108.044,INV7320,Rajasthan,KYC_REJECTED,FOLIO454273
TXN101733,119775,2022-08-18,Redemption,1000.0,169.246,66.4264,INV3701,Uttar Pradesh,KYC_VERIFIED,FOLIO624022
TXN101734,120333,2020-01-02,Lumpsum,50000.0,194.8941,239.062,INV1629,Telangana,KYC_VERIFIED,FOLIO216807
TXN101735,120503,2022-05-06,SIP,2000.0,112.339,342.9029,INV7203,Maharashtra,KYC_VERIFIED,FOLIO614796
TXN101736,120594,2020-10-09,Lumpsum,1000.0,48.1676,214.0948,INV5952,Telangana,KYC_VERIFIED,FOLIO832538
TXN101737,119775,2021-09-15,SIP,5000.0,95.6796,471.0462,INV3656,Uttar Pradesh,KYC_VERIFIED,FOLIO342357
TXN101738,118825,2020-03-18,SIP,2000.0,132.0975,390.2405,INV3468,West Bengal,KYC_PENDING,FOLIO270762
TXN101739,120333,2021-09-23,SIP,5000.0,73.3784,311.3975,INV4132,Rajasthan,KYC_VERIFIED,FOLIO690895
TXN101740,118989,2021-12-27,Lumpsum,1000.0,1.0572,236.1308,INV7330,Uttar Pradesh,KYC_VERIFIED,FOLIO346473
TXN101741,120712,2020-06-08,SIP,1000.0,135.7924,415.9546,INV3104,Tamil Nadu,KYC_VERIFIED,FOLIO676896
TXN101742,119775,2023-02-03,SIP,500.0,53.7574,87.2913,INV9920,Gujarat,KYC_PENDING,FOLIO257689
TXN101743,118632,2021-11-25,SIP,10000.0,173.7127,270.3835,INV7991,Telangana,KYC_VERIFIED,FOLIO438909
TXN101744,118890,2023-04-18,Lumpsum,25000.0,38.6986,452.1066,INV4492,Rajasthan,KYC_VERIFIED,FOLIO915107
TXN101745,119551,2020-12-17,Lumpsum,5000.0,73.0593,205.4793,INV5753,Maharashtra,KYC_VERIFIED,FOLIO363730
TXN101746,119203,2020-03-04,SIP,1000.0,99.8257,336.7127,INV6022,Telangana,KYC_VERIFIED,FOLIO256484
TXN101747,120503,2022-09-27,Redemption,10000.0,148.892,169.0083,INV7005,Kerala,KYC_VERIFIED,FOLIO935596
TXN101748,118890,2024-04-04,Lumpsum,10000.0,83.3383,467.7426,INV1234,Kerala,KYC_VERIFIED,FOLIO197053
TXN101749,119644,2022-03-29,Lumpsum,2000.0,40.8669,273.8882,INV7716,Gujarat,KYC_VERIFIED,FOLIO654393
TXN101750,119551,2022-06-23,SIP,5000.0,199.1174,231.5806,INV5602,Karnataka,KYC_VERIFIED,FOLIO370557
TXN101751,120594,2024-12-17,Lumpsum,50000.0,190.9192,163.2763,INV6655,Gujarat,KYC_VERIFIED,FOLIO435043
TXN101752,125497,2023-06-09,SIP,2000.0,85.5929,353.4436,INV2149,Kerala,KYC_VERIFIED,FOLIO173557
TXN101753,119386,2022-12-07,SIP,1000.0,163.8455,183.916,INV2908,Maharashtra,KYC_VERIFIED,FOLIO199920
TXN101754,119203,2020-03-02,Redemption,25000.0,135.3128,398.8102,INV4839,Telangana,KYC_VERIFIED,FOLIO308772
TXN101755,118890,2023-05-29,Lumpsum,2000.0,154.8153,411.6325,INV4134,Tamil Nadu,KYC_VERIFIED,FOLIO539617
TXN101756,125497,2021-09-01,Redemption,50000.0,143.4711,389.6083,INV5735,Kerala,KYC_VERIFIED,FOLIO354375
TXN101757,120712,2020-01-10,Redemption,2000.0,64.3239,171.4094,INV7701,Telangana,KYC_VERIFIED,FOLIO423639
TXN101758,119203,2020-04-23,Lumpsum,2000.0,129.8288,451.9667,INV8165,Maharashtra,KYC_VERIFIED,FOLIO472218
TXN101759,119386,2021-08-05,SIP,25000.0,194.6356,122.1455,INV6473,Rajasthan,KYC_PENDING,FOLIO533119
TXN101760,118712,2023-02-01,SIP,10000.0,186.6355,176.0624,INV7162,Karnataka,KYC_VERIFIED,FOLIO176566
TXN101761,120333,2022-03-09,Lumpsum,10000.0,91.9572,296.5774,INV3104,Gujarat,KYC_VERIFIED,FOLIO225130
TXN101762,118890,2022-02-03,SIP,50000.0,152.2553,154.5276,INV3570,Telangana,KYC_VERIFIED,FOLIO457435
TXN101763,118989,2020-12-10,Lumpsum,1000.0,135.9087,372.3909,INV8410,Delhi,KYC_VERIFIED,FOLIO381749
TXN101764,119644,2023-07-28,Redemption,2000.0,54.8216,221.3835,INV3130,Telangana,KYC_VERIFIED,FOLIO105432
TXN101765,119644,2021-06-21,Lumpsum,25000.0,32.0061,372.3259,INV8555,Gujarat,KYC_VERIFIED,FOLIO605254
TXN101766,120465,2024-11-14,SIP,500.0,30.6763,48.7516,INV2720,West Bengal,KYC_VERIFIED,FOLIO295061
TXN101767,119551,2023-09-12,SIP,50000.0,188.3443,197.5211,INV4897,Gujarat,KYC_VERIFIED,FOLIO986137
TXN101768,120465,2024-12-12,Lumpsum,10000.0,69.9208,403.6703,INV7765,Gujarat,KYC_VERIFIED,FOLIO672348
TXN101769,118825,2023-06-02,Lumpsum,25000.0,35.58,420.9129,INV7590,West Bengal,KYC_VERIFIED,FOLIO488276
TXN101770,118632,2020-09-25,Redemption,500.0,135.641,136.2067,INV7218,Maharashtra,KYC_VERIFIED,FOLIO411777
TXN101771,119644,2020-05-22,SIP,1000.0,146.9057,47.1886,INV5375,Delhi,KYC_VERIFIED,FOLIO894493
TXN101772,118825,2020-02-07,Redemption,2000.0,12.631,91.8686,INV7636,Telangana,KYC_VERIFIED,FOLIO733494
TXN101773,125497,2020-07-02,SIP,5000.0,180.4907,85.7553,INV7363,Rajasthan,KYC_VERIFIED,FOLIO871448
TXN101774,120712,2022-10-26,Lumpsum,1000.0,92.1107,107.1526,INV8675,Telangana,KYC_VERIFIED,FOLIO330101
TXN101775,118632,2023-03-29,Lumpsum,10000.0,94.8653,280.0474,INV9109,Gujarat,KYC_VERIFIED,FOLIO962761
TXN101776,120503,2023-02-20,Redemption,25000.0,64.5685,161.3202,INV9641,Uttar Pradesh,KYC_VERIFIED,FOLIO995418
TXN101777,118632,2020-07-02,Redemption,50000.0,91.5433,142.5773,INV8184,Rajasthan,KYC_VERIFIED,FOLIO478265
TXN101778,120333,2023-08-21,Redemption,50000.0,64.929,357.1844,INV1244,Telangana,KYC_VERIFIED,FOLIO217021
TXN101779,119386,2022-09-06,SIP,5000.0,122.8472,309.6445,INV6902,Tamil Nadu,KYC_VERIFIED,FOLIO353168
TXN101780,120503,2020-12-11,SIP,1000.0,35.5483,129.8231,INV3959,Maharashtra,KYC_VERIFIED,FOLIO686095
TXN101781,120712,2022-06-06,Redemption,25000.0,144.377,240.0356,INV4099,Delhi,KYC_VERIFIED,FOLIO126548
TXN101782,120465,2021-07-08,SIP,5000.0,35.4704,246.4494,INV1431,Karnataka,KYC_VERIFIED,FOLIO514422
TXN101783,120178,2020-11-18,Lumpsum,2000.0,15.5546,346.7095,INV4753,Uttar Pradesh,KYC_VERIFIED,FOLIO585048
TXN101784,119203,2022-09-05,Redemption,50000.0,48.9852,373.6322,INV5698,Gujarat,KYC_VERIFIED,FOLIO710372
TXN101785,119203,2024-06-27,Lumpsum,10000.0,66.6944,259.8469,INV7799,Uttar Pradesh,KYC_VERIFIED,FOLIO295425
TXN101786,119386,2022-01-05,Lumpsum,1000.0,5.1974,463.4089,INV9811,Maharashtra,KYC_VERIFIED,FOLIO627354
TXN101787,118632,2024-11-28,Redemption,5000.0,147.506,120.1615,INV2754,Gujarat,KYC_VERIFIED,FOLIO266910
TXN101788,120712,2021-06-28,Redemption,10000.0,42.716,351.4566,INV3177,Gujarat,KYC_VERIFIED,FOLIO369014
TXN101789,119092,2023-04-28,Redemption,5000.0,103.2309,408.164,INV4407,Telangana,KYC_VERIFIED,FOLIO141248
TXN101790,118890,2022-01-28,Lumpsum,1000.0,88.934,287.6502,INV3077,West Bengal,KYC_VERIFIED,FOLIO894273
TXN101791,119551,2020-04-07,Redemption,5000.0,91.554,331.6782,INV7817,West Bengal,KYC_VERIFIED,FOLIO631403
TXN101792,120465,2020-05-25,Lumpsum,10000.0,107.3681,12.7854,INV9621,Tamil Nadu,KYC_VERIFIED,FOLIO381551
TXN101793,119386,2023-04-17,SIP,2000.0,189.5433,488.0337,INV8580,Kerala,KYC_VERIFIED,FOLIO303925
TXN101794,120841,2024-06-14,Redemption,10000.0,60.4505,418.6364,INV5762,West Bengal,KYC_VERIFIED,FOLIO918829
TXN101795,120712,2022-10-19,Lumpsum,25000.0,32.1659,313.584,INV5542,Gujarat,KYC_VERIFIED,FOLIO679467
TXN101796,120594,2022-02-09,Redemption,10000.0,107.274,472.8994,INV5810,Uttar Pradesh,KYC_VERIFIED,FOLIO359629
TXN101797,119386,2023-01-31,Redemption,25000.0,12.555,359.1713,INV5595,Delhi,KYC_VERIFIED,FOLIO758142
TXN101798,119386,2024-07-04,SIP,50000.0,162.7696,464.6529,INV5851,Gujarat,KYC_PENDING,FOLIO880082
TXN101799,118890,2024-11-05,SIP,1000.0,31.3092,241.4299,INV2356,Telangana,KYC_VERIFIED,FOLIO762021
TXN101800,119644,2024-01-01,Lumpsum,25000.0,41.518,75.0546,INV8725,Telangana,KYC_VERIFIED,FOLIO981840
TXN101801,118890,2020-07-13,Lumpsum,500.0,116.5207,425.0809,INV5060,Gujarat,KYC_VERIFIED,FOLIO884231
TXN101802,119203,2024-11-11,Lumpsum,5000.0,9.1804,285.7206,INV4351,Telangana,KYC_REJECTED,FOLIO493145
TXN101803,120503,2022-06-06,Redemption,1000.0,176.4113,360.7861,INV6279,Rajasthan,KYC_PENDING,FOLIO308121
TXN101804,120594,2023-04-27,Redemption,50000.0,167.0404,73.3386,INV8502,Kerala,KYC_VERIFIED,FOLIO329373
TXN101805,120712,2021-10-05,SIP,500.0,61.6734,31.9546,INV8139,Karnataka,KYC_VERIFIED,FOLIO994635
TXN101806,119644,2020-05-27,Lumpsum,50000.0,86.972,292.4617,INV7707,Kerala,KYC_VERIFIED,FOLIO697279
TXN101807,119551,2022-02-22,SIP,2000.0,39.6474,277.2518,INV7394,Karnataka,KYC_VERIFIED,FOLIO432298
TXN101808,119775,2021-07-22,Lumpsum,50000.0,60.7492,119.3009,INV4121,Kerala,KYC_VERIFIED,FOLIO824513
TXN101809,118890,2024-09-27,Lumpsum,50000.0,77.6074,77.4818,INV5233,Kerala,KYC_VERIFIED,FOLIO271554
TXN101810,120178,2022-05-09,SIP,2000.0,160.2765,155.3712,INV7565,Gujarat,KYC_VERIFIED,FOLIO436319
TXN101811,120841,2020-08-05,SIP,5000.0,81.0419,292.9619,INV7363,Kerala,KYC_PENDING,FOLIO512499
TXN101812,120594,2021-12-22,SIP,25000.0,44.4873,222.7076,INV1347,West Bengal,KYC_VERIFIED,FOLIO544237
TXN101813,119386,2021-08-13,Redemption,2000.0,199.7313,55.3217,INV2428,Karnataka,KYC_VERIFIED,FOLIO905772
TXN101814,119644,2021-02-10,Redemption,500.0,140.1846,379.6807,INV6983,Rajasthan,KYC_VERIFIED,FOLIO550027
TXN101815,118632,2020-02-06,SIP,5000.0,78.9823,422.1966,INV8840,Delhi,KYC_VERIFIED,FOLIO672039
TXN101816,119775,2023-01-19,Redemption,500.0,25.9544,366.0849,INV3422,Kerala,KYC_VERIFIED,FOLIO744226
TXN101817,119551,2022-07-27,SIP,25000.0,131.8752,85.8896,INV5205,Karnataka,KYC_VERIFIED,FOLIO129731
TXN101818,120594,2020-09-23,SIP,5000.0,147.0931,71.3945,INV3454,Gujarat,KYC_VERIFIED,FOLIO964872
TXN101819,118989,2023-09-28,Lumpsum,500.0,5.5955,75.8936,INV7174,Maharashtra,KYC_PENDING,FOLIO364438
TXN101820,119092,2023-09-26,SIP,10000.0,31.3664,465.1486,INV6526,Uttar Pradesh,KYC_VERIFIED,FOLIO522871
TXN101821,119775,2024-11-29,Redemption,10000.0,75.5873,112.913,INV6286,Gujarat,KYC_VERIFIED,FOLIO700289
TXN101822,120333,2022-03-18,Redemption,5000.0,11.0834,233.4884,INV1321,Uttar Pradesh,KYC_VERIFIED,FOLIO865215
TXN101823,118890,2023-02-21,SIP,10000.0,92.2247,94.9902,INV7997,Kerala,KYC_VERIFIED,FOLIO920965
TXN101824,119092,2024-07-18,SIP,10000.0,91.4417,76.0222,INV4392,Delhi,KYC_VERIFIED,FOLIO128160
TXN101825,118890,2023-01-19,Lumpsum,50000.0,90.1502,26.304,INV5617,Kerala,KYC_REJECTED,FOLIO416069
TXN101826,119644,2023-09-15,Lumpsum,5000.0,172.5976,21.2974,INV2063,Kerala,KYC_VERIFIED,FOLIO185061
TXN101827,125497,2023-04-03,SIP,2000.0,128.2799,157.434,INV1748,Telangana,KYC_VERIFIED,FOLIO290882
TXN101828,125497,2022-03-03,Redemption,500.0,164.6462,140.4001,INV3944,Rajasthan,KYC_VERIFIED,FOLIO383192
TXN101829,119551,2020-02-14,Lumpsum,2000.0,41.866,224.0064,INV5028,Maharashtra,KYC_VERIFIED,FOLIO642755
TXN101830,118551,2021-07-01,SIP,5000.0,139.2009,163.5199,INV7173,Gujarat,KYC_VERIFIED,FOLIO499511
TXN101831,120841,2024-09-24,SIP,50000.0,56.6443,156.2944,INV4035,West Bengal,KYC_VERIFIED,FOLIO651378
TXN101832,120712,2022-01-13,SIP,10000.0,128.9161,16.4237,INV8234,Delhi,KYC_VERIFIED,FOLIO493539
TXN101833,120333,2020-10-05,Lumpsum,25000.0,108.0197,278.2257,INV3855,Maharashtra,KYC_VERIFIED,FOLIO829875
TXN101834,119203,2021-05-27,Redemption,10000.0,145.9279,496.3728,INV6472,Rajasthan,KYC_VERIFIED,FOLIO127300
TXN101835,120503,2024-09-26,Lumpsum,500.0,33.8385,235.2419,INV7164,Tamil Nadu,KYC_VERIFIED,FOLIO604271
TXN101836,118551,2023-08-30,SIP,10000.0,47.5157,494.9806,INV3876,Kerala,KYC_VERIFIED,FOLIO122437
TXN101837,119775,2024-09-23,Lumpsum,2000.0,191.0093,108.1997,INV4656,Delhi,KYC_VERIFIED,FOLIO751619
TXN101838,118712,2021-09-23,Redemption,25000.0,5.8179,123.1262,INV7658,Tamil Nadu,KYC_VERIFIED,FOLIO901546
TXN101839,125497,2023-06-01,Lumpsum,1000.0,27.4405,87.0823,INV2964,Kerala,KYC_VERIFIED,FOLIO843638
TXN101840,120712,2023-08-16,SIP,500.0,9.0858,226.6991,INV8923,Delhi,KYC_VERIFIED,FOLIO984827
TXN101841,119203,2023-05-08,Lumpsum,5000.0,164.6012,91.0004,INV2749,West Bengal,KYC_VERIFIED,FOLIO818606
TXN101842,120178,2021-06-11,Redemption,2000.0,74.7553,299.6291,INV7782,Kerala,KYC_VERIFIED,FOLIO944726
TXN101843,118890,2022-07-08,Lumpsum,25000.0,106.8906,488.4756,INV2016,Uttar Pradesh,KYC_VERIFIED,FOLIO536376
TXN101844,119644,2022-05-12,Redemption,25000.0,162.7354,346.2343,INV2715,Rajasthan,KYC_VERIFIED,FOLIO572436
TXN101845,120712,2023-05-09,Redemption,2000.0,176.5612,333.4171,INV4033,Delhi,KYC_VERIFIED,FOLIO602355
TXN101846,118989,2021-09-29,Lumpsum,2000.0,39.9234,428.9602,INV1285,Rajasthan,KYC_VERIFIED,FOLIO867400
TXN101847,118989,2020-07-02,Lumpsum,10000.0,71.3889,480.7114,INV4214,Telangana,KYC_PENDING,FOLIO689557
TXN101848,119775,2023-02-13,SIP,1000.0,78.7566,430.8671,INV7497,Gujarat,KYC_VERIFIED,FOLIO764376
TXN101849,118632,2023-10-13,Lumpsum,25000.0,188.2611,168.9073,INV8554,Maharashtra,KYC_VERIFIED,FOLIO255315
TXN101850,120594,2020-08-20,SIP,25000.0,91.6811,152.8945,INV5370,Telangana,KYC_VERIFIED,FOLIO536273
TXN101851,120594,2024-06-21,Lumpsum,1000.0,52.985,450.8804,INV5167,Tamil Nadu,KYC_REJECTED,FOLIO237656
TXN101852,119644,2023-01-25,SIP,50000.0,36.5883,200.6645,INV8808,Uttar Pradesh,KYC_VERIFIED,FOLIO591307
TXN101853,119644,2024-07-30,Lumpsum,2000.0,78.5301,167.1795,INV6557,Telangana,KYC_VERIFIED,FOLIO568114
TXN101854,120178,2022-08-04,SIP,1000.0,161.691,489.1165,INV9449,Delhi,KYC_VERIFIED,FOLIO103008
TXN101855,119644,2020-11-02,Lumpsum,5000.0,187.745,372.5294,INV7347,Telangana,KYC_VERIFIED,FOLIO127019
TXN101856,118632,2023-11-22,SIP,10000.0,6.7192,68.8829,INV9518,Uttar Pradesh,KYC_VERIFIED,FOLIO395886
TXN101857,120712,2021-07-14,Redemption,500.0,8.063,422.0972,INV8394,Uttar Pradesh,KYC_VERIFIED,FOLIO873151
TXN101858,118712,2021-07-19,SIP,50000.0,155.7632,302.9949,INV1702,Gujarat,KYC_PENDING,FOLIO314763
TXN101859,119203,2021-07-14,Redemption,10000.0,20.5879,407.265,INV5469,Rajasthan,KYC_VERIFIED,FOLIO857531
TXN101860,120841,2021-07-20,Redemption,1000.0,35.5183,474.4147,INV4814,Telangana,KYC_VERIFIED,FOLIO692607
TXN101861,120503,2021-10-11,SIP,1000.0,41.4131,180.4582,INV7387,Karnataka,KYC_VERIFIED,FOLIO961307
TXN101862,120465,2024-01-16,Lumpsum,500.0,66.7469,448.8475,INV5573,Uttar Pradesh,KYC_VERIFIED,FOLIO960932
TXN101863,119386,2023-11-20,Lumpsum,1000.0,11.1012,109.1242,INV6268,Uttar Pradesh,KYC_VERIFIED,FOLIO566438
TXN101864,118551,2021-03-01,SIP,1000.0,69.757,430.5931,INV5789,Kerala,KYC_VERIFIED,FOLIO761933
TXN101865,119092,2024-10-25,Lumpsum,500.0,148.522,51.8844,INV2553,Rajasthan,KYC_VERIFIED,FOLIO683473
TXN101866,125497,2023-10-02,SIP,5000.0,36.6001,207.0922,INV9046,West Bengal,KYC_REJECTED,FOLIO372442
TXN101867,118825,2023-06-06,SIP,2000.0,44.8223,440.9872,INV5996,Gujarat,KYC_VERIFIED,FOLIO850660
TXN101868,118890,2022-12-09,Redemption,10000.0,51.0812,316.9238,INV4504,Gujarat,KYC_VERIFIED,FOLIO511644
TXN101869,119386,2021-05-28,Redemption,10000.0,91.0331,364.0914,INV7387,Delhi,KYC_VERIFIED,FOLIO537341
TXN101870,118825,2021-04-26,Lumpsum,5000.0,94.1312,158.0762,INV9434,Maharashtra,KYC_VERIFIED,FOLIO873338
TXN101871,125497,2023-05-24,Lumpsum,500.0,127.1169,493.8402,INV4335,Maharashtra,KYC_REJECTED,FOLIO872200
TXN101872,118712,2024-10-02,SIP,500.0,57.1075,155.5239,INV2410,Maharashtra,KYC_VERIFIED,FOLIO124290
TXN101873,119644,2021-02-05,SIP,1000.0,143.1595,225.8714,INV9018,Gujarat,KYC_PENDING,FOLIO234877
TXN101874,118825,2023-06-19,SIP,2000.0,26.5915,401.4952,INV1853,Uttar Pradesh,KYC_VERIFIED,FOLIO506147
TXN101875,120712,2024-05-10,Lumpsum,5000.0,126.4222,370.847,INV9477,Tamil Nadu,KYC_VERIFIED,FOLIO925368
TXN101876,120333,2021-06-10,Lumpsum,50000.0,108.402,31.9661,INV5864,Rajasthan,KYC_VERIFIED,FOLIO551170
TXN101877,120465,2024-08-23,Redemption,1000.0,36.8625,380.6628,INV1576,Karnataka,KYC_VERIFIED,FOLIO310805
TXN101878,119092,2022-09-16,SIP,1000.0,56.8337,197.9481,INV8701,Uttar Pradesh,KYC_PENDING,FOLIO144206
TXN101879,120594,2020-10-16,SIP,5000.0,84.0976,251.2345,INV6407,West Bengal,KYC_VERIFIED,FOLIO497754
TXN101880,120333,2021-07-09,Redemption,50000.0,84.8286,177.4141,INV5132,Kerala,KYC_VERIFIED,FOLIO879297
TXN101881,119551,2022-07-13,SIP,5000.0,112.9028,271.9624,INV7427,Rajasthan,KYC_VERIFIED,FOLIO173791
TXN101882,120465,2021-12-24,Lumpsum,5000.0,75.9399,256.3447,INV7967,Telangana,KYC_VERIFIED,FOLIO958480
TXN101883,118551,2022-09-09,Redemption,5000.0,121.3227,87.6435,INV2808,Uttar Pradesh,KYC_VERIFIED,FOLIO741622
TXN101884,119386,2022-11-28,Redemption,50000.0,75.2464,58.8836,INV1801,Uttar Pradesh,KYC_VERIFIED,FOLIO339486
TXN101885,119775,2023-07-11,Lumpsum,500.0,104.6732,423.2225,INV4781,Rajasthan,KYC_VERIFIED,FOLIO748143
TXN101886,119386,2023-10-26,SIP,25000.0,12.5716,300.1921,INV5003,Maharashtra,KYC_VERIFIED,FOLIO132512
TXN101887,118712,2021-11-22,SIP,50000.0,100.1493,51.2274,INV8953,Rajasthan,KYC_VERIFIED,FOLIO214106
TXN101888,120841,2021-11-10,Lumpsum,5000.0,129.5415,89.6267,INV2027,Karnataka,KYC_VERIFIED,FOLIO985503
TXN101889,118712,2024-02-22,Lumpsum,1000.0,86.8438,131.283,INV2500,Delhi,KYC_VERIFIED,FOLIO432368
TXN101890,118825,2021-09-01,Redemption,1000.0,47.2581,26.8351,INV3146,Kerala,KYC_VERIFIED,FOLIO232433
TXN101891,118825,2023-01-13,Redemption,25000.0,81.3339,166.7195,INV3286,Kerala,KYC_VERIFIED,FOLIO842088
TXN101892,118890,2021-06-02,Lumpsum,25000.0,19.6928,109.2591,INV6279,Karnataka,KYC_VERIFIED,FOLIO575794
TXN101893,119092,2021-04-02,Lumpsum,50000.0,71.6884,58.8778,INV3946,Uttar Pradesh,KYC_VERIFIED,FOLIO159384
TXN101894,118712,2020-09-02,Redemption,2000.0,38.0228,97.3039,INV6187,Rajasthan,KYC_PENDING,FOLIO777335
TXN101895,125497,2023-07-10,SIP,10000.0,117.4258,349.2261,INV6932,Maharashtra,KYC_PENDING,FOLIO557829
TXN101896,120712,2020-10-15,Lumpsum,5000.0,130.9546,455.2624,INV6765,Gujarat,KYC_REJECTED,FOLIO682639
TXN101897,120178,2024-05-20,SIP,1000.0,147.0497,266.0872,INV8363,Maharashtra,KYC_VERIFIED,FOLIO795354
TXN101898,120503,2024-08-30,SIP,25000.0,127.8946,43.6897,INV3553,Tamil Nadu,KYC_VERIFIED,FOLIO407744
TXN101899,120841,2020-04-27,SIP,10000.0,136.6444,200.4923,INV8884,Gujarat,KYC_PENDING,FOLIO972311
TXN101900,118989,2023-06-06,Lumpsum,2000.0,137.0817,209.9176,INV8196,Karnataka,KYC_VERIFIED,FOLIO396078
TXN101901,120178,2024-12-16,Lumpsum,2000.0,170.9977,295.5977,INV9362,Maharashtra,KYC_VERIFIED,FOLIO154212
TXN101902,118712,2023-03-15,Redemption,25000.0,100.5702,21.5091,INV5305,Karnataka,KYC_VERIFIED,FOLIO275265
TXN101903,118551,2023-12-19,Redemption,10000.0,100.8332,436.0515,INV1919,Delhi,KYC_VERIFIED,FOLIO495203
TXN101904,120465,2022-11-22,SIP,50000.0,24.0662,86.6398,INV7550,West Bengal,KYC_VERIFIED,FOLIO959136
TXN101905,119644,2024-07-31,SIP,1000.0,174.273,324.7231,INV2323,Uttar Pradesh,KYC_VERIFIED,FOLIO544270
TXN101906,119644,2023-03-31,Lumpsum,50000.0,8.6568,193.8235,INV1321,Kerala,KYC_VERIFIED,FOLIO707074
TXN101907,125497,2023-03-08,SIP,50000.0,140.324,66.3721,INV7216,Maharashtra,KYC_VERIFIED,FOLIO297294
TXN101908,120841,2023-06-07,Lumpsum,1000.0,91.8201,285.3972,INV1911,Maharashtra,KYC_VERIFIED,FOLIO301691
TXN101909,118890,2023-12-01,Lumpsum,5000.0,173.7274,319.9505,INV3902,Karnataka,KYC_PENDING,FOLIO983458
TXN101910,120841,2023-02-01,Lumpsum,5000.0,29.3139,269.8718,INV2413,Delhi,KYC_VERIFIED,FOLIO381604
TXN101911,119551,2022-07-26,Lumpsum,50000.0,42.6632,320.064,INV9703,West Bengal,KYC_VERIFIED,FOLIO821743
TXN101912,119386,2024-09-04,Redemption,5000.0,54.8389,241.0841,INV6494,Gujarat,KYC_VERIFIED,FOLIO112833
TXN101913,118712,2024-04-03,SIP,2000.0,84.9096,192.1335,INV4332,Tamil Nadu,KYC_VERIFIED,FOLIO503108
TXN101914,120333,2021-08-26,SIP,25000.0,185.7451,266.1721,INV4679,Telangana,KYC_PENDING,FOLIO114896
TXN101915,118632,2021-05-21,SIP,50000.0,88.9785,172.2623,INV1653,Rajasthan,KYC_VERIFIED,FOLIO604480
TXN101916,118890,2020-12-14,SIP,2000.0,6.7505,273.3185,INV3499,Tamil Nadu,KYC_VERIFIED,FOLIO894919
TXN101917,119551,2023-07-06,SIP,1000.0,132.1006,409.5992,INV3225,Delhi,KYC_VERIFIED,FOLIO549986
TXN101918,118890,2023-01-26,Redemption,500.0,163.6116,383.1547,INV8498,Gujarat,KYC_VERIFIED,FOLIO672978
TXN101919,119203,2021-09-30,Redemption,5000.0,152.0782,173.6478,INV2305,Tamil Nadu,KYC_VERIFIED,FOLIO904461
TXN101920,118989,2021-05-18,SIP,1000.0,80.18,404.1968,INV4195,Karnataka,KYC_VERIFIED,FOLIO689744
TXN101921,120178,2020-06-01,SIP,25000.0,152.672,265.948,INV1503,Karnataka,KYC_VERIFIED,FOLIO601841
TXN101922,120841,2022-08-29,SIP,5000.0,83.3405,482.5674,INV8166,Maharashtra,KYC_VERIFIED,FOLIO173387
TXN101923,119644,2020-11-11,Lumpsum,2000.0,85.6727,86.7335,INV9414,Maharashtra,KYC_VERIFIED,FOLIO183789
TXN101924,118890,2024-08-07,Redemption,50000.0,113.0896,67.9133,INV5977,Gujarat,KYC_VERIFIED,FOLIO486222
TXN101925,119092,2022-05-12,SIP,5000.0,74.9992,354.9501,INV4433,Uttar Pradesh,KYC_VERIFIED,FOLIO454803
TXN101926,120178,2020-02-06,Lumpsum,10000.0,132.4964,88.5727,INV7712,Uttar Pradesh,KYC_VERIFIED,FOLIO555415
TXN101927,118632,2024-11-27,Lumpsum,2000.0,82.1415,126.0183,INV9761,Rajasthan,KYC_VERIFIED,FOLIO571716
TXN101928,120841,2023-12-18,Redemption,25000.0,160.3678,312.462,INV4242,Rajasthan,KYC_VERIFIED,FOLIO538858
TXN101929,119644,2022-12-27,SIP,2000.0,198.5447,480.5944,INV3290,Telangana,KYC_VERIFIED,FOLIO556858
TXN101930,125497,2020-07-31,Redemption,10000.0,7.1755,164.0298,INV8749,Gujarat,KYC_PENDING,FOLIO872477
TXN101931,120712,2021-03-17,Lumpsum,50000.0,58.7094,32.2219,INV8188,Uttar Pradesh,KYC_VERIFIED,FOLIO483055
TXN101932,120594,2023-04-12,SIP,2000.0,178.2604,193.2762,INV1914,Delhi,KYC_VERIFIED,FOLIO201761
TXN101933,119386,2023-11-10,Lumpsum,500.0,113.0357,60.9891,INV7089,Karnataka,KYC_PENDING,FOLIO520536
TXN101934,118551,2021-01-21,Lumpsum,2000.0,55.914,273.0909,INV6000,Kerala,KYC_VERIFIED,FOLIO264725
TXN101935,120333,2024-04-02,Lumpsum,1000.0,154.7487,494.1798,INV3334,Telangana,KYC_VERIFIED,FOLIO958618
TXN101936,120465,2020-10-05,Lumpsum,500.0,54.0974,304.6434,INV5206,Delhi,KYC_VERIFIED,FOLIO648002
TXN101937,118712,2024-01-08,SIP,5000.0,13.054,139.8148,INV9146,West Bengal,KYC_VERIFIED,FOLIO833319
TXN101938,119386,2021-02-05,SIP,50000.0,182.5605,408.2521,INV9459,Karnataka,KYC_VERIFIED,FOLIO176208
TXN101939,119092,2020-09-17,SIP,500.0,34.0396,375.8895,INV9733,Rajasthan,KYC_VERIFIED,FOLIO145913
TXN101940,120712,2020-05-08,Lumpsum,500.0,46.8163,463.5457,INV2941,Rajasthan,KYC_VERIFIED,FOLIO149398
TXN101941,120841,2024-10-15,SIP,50000.0,92.8754,344.4766,INV7133,West Bengal,KYC_PENDING,FOLIO880421
TXN101942,120503,2024-12-25,Lumpsum,5000.0,7.5179,122.2973,INV7360,Karnataka,KYC_VERIFIED,FOLIO865256
TXN101943,120594,2023-10-06,SIP,50000.0,130.2992,486.2014,INV5730,Rajasthan,KYC_VERIFIED,FOLIO144164
TXN101944,120178,2023-05-01,SIP,5000.0,97.0671,428.1305,INV9229,Karnataka,KYC_VERIFIED,FOLIO262956
TXN101945,118890,2021-11-05,Redemption,50000.0,14.9299,181.0997,INV6218,Maharashtra,KYC_VERIFIED,FOLIO137258
TXN101946,120465,2022-12-14,Redemption,50000.0,128.0428,11.4617,INV3870,Uttar Pradesh,KYC_VERIFIED,FOLIO247107
TXN101947,119203,2024-03-21,Lumpsum,10000.0,185.5706,48.8663,INV7841,Telangana,KYC_VERIFIED,FOLIO589925
TXN101948,118551,2021-06-07,Lumpsum,2000.0,135.556,153.3794,INV7552,Maharashtra,KYC_VERIFIED,FOLIO387166
TXN101949,118551,2022-06-14,Lumpsum,1000.0,179.7872,482.5442,INV9652,Rajasthan,KYC_VERIFIED,FOLIO561012
TXN101950,118989,2020-11-12,SIP,50000.0,178.2749,373.0593,INV8719,West Bengal,KYC_VERIFIED,FOLIO840216
TXN101951,119203,2023-02-22,SIP,50000.0,136.0533,379.3424,INV5717,Tamil Nadu,KYC_VERIFIED,FOLIO505972
TXN101952,118989,2020-06-24,SIP,1000.0,29.7779,176.5206,INV6135,Delhi,KYC_VERIFIED,FOLIO813523
TXN101953,118825,2020-01-28,Redemption,1000.0,150.7667,79.5882,INV5413,Kerala,KYC_VERIFIED,FOLIO415635
TXN101954,119092,2020-02-20,Redemption,10000.0,175.3243,159.8958,INV6738,Gujarat,KYC_VERIFIED,FOLIO569396
TXN101955,120503,2023-05-12,Lumpsum,2000.0,141.2701,442.1268,INV6148,Maharashtra,KYC_VERIFIED,FOLIO629553
TXN101956,120465,2023-07-26,SIP,25000.0,83.3758,312.2389,INV8234,Gujarat,KYC_VERIFIED,FOLIO685072
TXN101957,120178,2022-05-19,Lumpsum,2000.0,81.7321,311.1639,INV3946,Karnataka,KYC_VERIFIED,FOLIO866982
TXN101958,119386,2023-08-18,SIP,2000.0,117.8956,60.8874,INV6115,Gujarat,KYC_VERIFIED,FOLIO737982
TXN101959,118632,2021-06-24,Lumpsum,10000.0,134.5572,240.2483,INV4754,Karnataka,KYC_VERIFIED,FOLIO759031
TXN101960,119775,2020-08-11,Lumpsum,50000.0,132.3521,241.3155,INV9969,Rajasthan,KYC_VERIFIED,FOLIO766667
TXN101961,118712,2024-08-06,Redemption,2000.0,55.5366,397.2372,INV8244,West Bengal,KYC_REJECTED,FOLIO916021
TXN101962,118989,2023-11-20,SIP,10000.0,104.4685,61.8098,INV3012,West Bengal,KYC_VERIFIED,FOLIO487513
TXN101963,119551,2024-09-06,SIP,10000.0,119.7258,241.5903,INV2340,Uttar Pradesh,KYC_VERIFIED,FOLIO887547
TXN101964,119551,2020-11-09,Lumpsum,5000.0,92.5883,89.0358,INV4810,Rajasthan,KYC_PENDING,FOLIO995606
TXN101965,119203,2023-07-07,Lumpsum,1000.0,111.9547,341.9834,INV3145,Uttar Pradesh,KYC_VERIFIED,FOLIO981094
TXN101966,118890,2022-09-23,Redemption,50000.0,23.0685,486.5586,INV3137,Gujarat,KYC_VERIFIED,FOLIO228626
TXN101967,119775,2023-04-04,Lumpsum,2000.0,34.1664,376.1488,INV9175,Delhi,KYC_VERIFIED,FOLIO118665
TXN101968,120178,2022-10-05,SIP,10000.0,73.688,142.5147,INV3546,Karnataka,KYC_VERIFIED,FOLIO684705
TXN101969,120503,2022-09-21,Lumpsum,1000.0,58.2169,454.7676,INV8390,Tamil Nadu,KYC_VERIFIED,FOLIO320705
TXN101970,120178,2020-11-02,Lumpsum,500.0,125.4825,175.5052,INV9790,Delhi,KYC_VERIFIED,FOLIO496417
TXN101971,118712,2021-10-08,Lumpsum,25000.0,56.472,292.3033,INV1777,Gujarat,KYC_VERIFIED,FOLIO994137
TXN101972,118551,2021-08-13,SIP,5000.0,188.9841,63.1268,INV1205,Telangana,KYC_VERIFIED,FOLIO399068
TXN101973,118989,2023-01-09,SIP,5000.0,35.1007,150.0125,INV6173,Karnataka,KYC_VERIFIED,FOLIO395505
TXN101974,125497,2023-09-26,Lumpsum,10000.0,164.1512,260.29,INV4750,Delhi,KYC_VERIFIED,FOLIO379122
TXN101975,118712,2021-12-22,SIP,1000.0,134.1078,384.4435,INV3712,Delhi,KYC_VERIFIED,FOLIO161661
TXN101976,119203,2020-09-07,Lumpsum,25000.0,146.2407,376.5482,INV3672,Maharashtra,KYC_VERIFIED,FOLIO822923
TXN101977,119092,2024-06-12,Redemption,5000.0,19.0041,301.0855,INV9903,Tamil Nadu,KYC_VERIFIED,FOLIO248499
TXN101978,119551,2022-08-09,SIP,5000.0,128.2835,487.3545,INV6504,Uttar Pradesh,KYC_PENDING,FOLIO488054
TXN101979,118632,2020-11-26,Lumpsum,25000.0,7.799,223.7557,INV3746,Delhi,KYC_VERIFIED,FOLIO321577
TXN101980,119092,2020-06-08,Lumpsum,5000.0,58.5899,111.2992,INV9909,Uttar Pradesh,KYC_VERIFIED,FOLIO989494
TXN101981,118989,2022-10-11,SIP,5000.0,88.9755,99.2408,INV8677,Delhi,KYC_VERIFIED,FOLIO994902
TXN101982,120594,2021-01-11,SIP,500.0,25.6469,472.0909,INV1784,Kerala,KYC_VERIFIED,FOLIO133333
TXN101983,120178,2022-08-16,Lumpsum,2000.0,133.7293,483.8172,INV6016,Gujarat,KYC_VERIFIED,FOLIO255282
TXN101984,119386,2023-10-06,SIP,10000.0,38.0045,158.1833,INV9747,Rajasthan,KYC_VERIFIED,FOLIO400734
TXN101985,119644,2022-04-07,Lumpsum,500.0,133.706,325.2959,INV5383,Uttar Pradesh,KYC_VERIFIED,FOLIO182870
TXN101986,120841,2022-03-15,Lumpsum,50000.0,177.1709,38.2414,INV4482,Uttar Pradesh,KYC_VERIFIED,FOLIO470836
TXN101987,125497,2022-10-28,Lumpsum,25000.0,72.2885,341.4588,INV8991,Delhi,KYC_VERIFIED,FOLIO609096
TXN101988,119551,2022-05-27,Lumpsum,5000.0,180.6264,212.7699,INV2665,Karnataka,KYC_VERIFIED,FOLIO415384
TXN101989,119203,2020-10-05,Redemption,50000.0,48.717,295.553,INV7588,Uttar Pradesh,KYC_VERIFIED,FOLIO877892
TXN101990,120594,2023-03-09,SIP,10000.0,148.1962,181.6419,INV6129,Rajasthan,KYC_VERIFIED,FOLIO839549
TXN101991,120594,2020-09-23,Redemption,1000.0,6.1479,373.5776,INV4669,Karnataka,KYC_VERIFIED,FOLIO625904
TXN101992,118551,2021-04-22,Lumpsum,10000.0,104.0854,364.4765,INV3676,Gujarat,KYC_VERIFIED,FOLIO561050
TXN101993,119551,2021-04-16,SIP,500.0,62.0617,472.3845,INV4343,Uttar Pradesh,KYC_VERIFIED,FOLIO877425
TXN101994,120594,2020-04-14,SIP,50000.0,34.6901,464.8425,INV8112,Tamil Nadu,KYC_VERIFIED,FOLIO625989
TXN101995,125497,2022-05-05,Redemption,50000.0,86.7841,460.5088,INV2698,Telangana,KYC_VERIFIED,FOLIO327315
TXN101996,119644,2021-01-04,Lumpsum,10000.0,58.5417,343.9662,INV4827,Telangana,KYC_PENDING,FOLIO646653
TXN101997,118890,2024-04-18,Lumpsum,50000.0,10.6549,362.9754,INV2160,Karnataka,KYC_VERIFIED,FOLIO268202
TXN101998,120333,2024-10-29,SIP,1000.0,57.3828,266.7917,INV5218,Gujarat,KYC_VERIFIED,FOLIO512361
TXN101999,119092,2023-12-22,Lumpsum,50000.0,31.6198,12.1751,INV7133,West Bengal,KYC_VERIFIED,FOLIO786413
