scheme_code,date,nav
125497,01-01-2015,10.0635
125497,08-01-2015,10.1112
125497,15-01-2015,10.0614
125497,22-01-2015,10.0841
125497,29-01-2015,10.0976
125497,05-02-2015,10.1193
125497,12-02-2015,10.1939
125497,19-02-2015,10.2162
125497,26-02-2015,10.2758
125497,05-03-2015,10.2854
125497,12-03-2015,10.3133
125497,19-03-2015,10.3695
125497,26-03-2015,10.2528
125497,02-04-2015,10.2307
125497,09-04-2015,10.1963
125497,16-04-2015,10.1483
125497,23-04-2015,10.13
125497,30-04-2015,10.2552
125497,07-05-2015,10.1882
125497,14-05-2015,10.2712
125497,21-05-2015,10.1371
125497,28-05-2015,10.114
125497,04-06-2015,10.1312
125497,11-06-2015,10.1827
125497,18-06-2015,10.2448
125497,25-06-2015,10.3139
125497,02-07-2015,10.2892
125497,09-07-2015,10.2553
125497,16-07-2015,10.3298
125497,23-07-2015,10.3181
125497,30-07-2015,10.2169
125497,06-08-2015,10.1284
125497,13-08-2015,10.0579
125497,20-08-2015,10.102
125497,27-08-2015,10.1175
125497,03-09-2015,10.1774
125497,10-09-2015,10.1467
125497,17-09-2015,10.1637
125497,24-09-2015,10.2186
125497,01-10-2015,10.1974
125497,08-10-2015,10.2387
125497,15-10-2015,10.1886
125497,22-10-2015,10.1631
125497,29-10-2015,10.1361
125497,05-11-2015,10.0432
125497,12-11-2015,10.0864
125497,19-11-2015,10.0525
125497,26-11-2015,10.0575
125497,03-12-2015,10.1002
125497,10-12-2015,10.1404
125497,17-12-2015,10.1984
125497,24-12-2015,10.1944
125497,31-12-2015,10.164
125497,07-01-2016,10.1616
125497,14-01-2016,10.0285
125497,21-01-2016,9.9164
125497,28-01-2016,9.8154
125497,04-02-2016,9.741
125497,11-02-2016,9.7761
125497,18-02-2016,9.7092
125497,25-02-2016,9.6837
125497,03-03-2016,9.7882
125497,10-03-2016,9.7642
125497,17-03-2016,9.8258
125497,24-03-2016,9.7563
125497,31-03-2016,9.7442
125497,07-04-2016,9.674
125497,14-04-2016,9.6516
125497,21-04-2016,9.7204
125497,28-04-2016,9.5899
125497,05-05-2016,9.6271
125497,12-05-2016,9.6493
125497,19-05-2016,9.6073
125497,26-05-2016,9.5
125497,02-06-2016,9.5092
125497,09-06-2016,9.4728
125497,16-06-2016,9.4942
125497,23-06-2016,9.4997
125497,30-06-2016,9.6252
125497,07-07-2016,9.6106
125497,14-07-2016,9.5358
125497,21-07-2016,9.5532
125497,28-07-2016,9.5739
125497,04-08-2016,9.6818
125497,11-08-2016,9.7504
125497,18-08-2016,9.7821
125497,25-08-2016,9.9005
125497,01-09-2016,9.8103
125497,08-09-2016,9.764
125497,15-09-2016,9.6956
125497,22-09-2016,9.6692
125497,29-09-2016,9.5666
125497,06-10-2016,9.619
125497,13-10-2016,9.6058
125497,20-10-2016,9.4966
125497,27-10-2016,9.4232
125497,03-11-2016,9.4506
125497,10-11-2016,9.5178
125497,17-11-2016,9.6736
125497,24-11-2016,9.903
125497,01-12-2016,9.9398
125497,08-12-2016,9.8651
125497,15-12-2016,9.7008
125497,22-12-2016,9.7254
125497,29-12-2016,9.6661
125497,05-01-2017,9.6378
125497,12-01-2017,9.5945
125497,19-01-2017,9.5875
125497,26-01-2017,9.6731
125497,02-02-2017,9.6891
125497,09-02-2017,9.6807
125497,16-02-2017,9.6044
125497,23-02-2017,9.4795
125497,02-03-2017,9.4464
125497,09-03-2017,9.4462
125497,16-03-2017,9.5835
125497,23-03-2017,9.5974
125497,30-03-2017,9.6767
125497,06-04-2017,9.6419
125497,13-04-2017,9.5543
125497,20-04-2017,9.4844
125497,27-04-2017,9.4332
125497,04-05-2017,9.5975
125497,11-05-2017,9.5383
125497,18-05-2017,9.6061
125497,25-05-2017,9.5406
125497,01-06-2017,9.6155
125497,08-06-2017,9.6489
125497,15-06-2017,9.6407
125497,22-06-2017,9.6414
125497,29-06-2017,9.5948
125497,06-07-2017,9.6329
125497,13-07-2017,9.6016
125497,20-07-2017,9.5113
125497,27-07-2017,9.4179
125497,03-08-2017,9.4347
125497,10-08-2017,9.5576
125497,17-08-2017,9.5737
125497,24-08-2017,9.5684
125497,31-08-2017,9.5941
125497,07-09-2017,9.6982
125497,14-09-2017,9.7191
125497,21-09-2017,9.6911
125497,28-09-2017,9.7807
125497,05-10-2017,9.8182
125497,12-10-2017,9.9427
125497,19-10-2017,9.9613
125497,26-10-2017,9.8677
125497,02-11-2017,9.7636
125497,09-11-2017,9.8965
125497,16-11-2017,10.0369
125497,23-11-2017,10.0265
125497,30-11-2017,9.9998
125497,07-12-2017,10.1207
125497,14-12-2017,10.0351
125497,21-12-2017,9.9673
125497,28-12-2017,10.0226
125497,04-01-2018,9.9949
125497,11-01-2018,9.9985
125497,18-01-2018,9.9895
125497,25-01-2018,10.0204
125497,01-02-2018,10.1373
125497,08-02-2018,10.1487
125497,15-02-2018,10.205
125497,22-02-2018,10.0417
125497,01-03-2018,10.0418
125497,08-03-2018,9.9781
125497,15-03-2018,9.8848
125497,22-03-2018,9.8193
125497,29-03-2018,9.797
125497,05-04-2018,9.8727
125497,12-04-2018,9.7719
125497,19-04-2018,9.7782
125497,26-04-2018,9.7442
125497,03-05-2018,9.7226
125497,10-05-2018,9.8045
125497,17-05-2018,9.8506
125497,24-05-2018,9.9599
125497,31-05-2018,9.9516
125497,07-06-2018,9.9002
125497,14-06-2018,9.8864
125497,21-06-2018,9.9095
125497,28-06-2018,9.9275
125497,05-07-2018,9.8453
125497,12-07-2018,9.8564
125497,19-07-2018,9.8784
125497,26-07-2018,10.0813
125497,02-08-2018,10.2367
125497,09-08-2018,10.1709
125497,16-08-2018,10.1516
125497,23-08-2018,10.0368
125497,30-08-2018,9.9934
125497,06-09-2018,10.0226
125497,13-09-2018,10.1233
125497,20-09-2018,10.0683
125497,27-09-2018,10.0196
125497,04-10-2018,9.8515
125497,11-10-2018,9.8426
125497,18-10-2018,9.7629
125497,25-10-2018,9.7255
125497,01-11-2018,9.6611
125497,08-11-2018,9.6577
125497,15-11-2018,9.5258
125497,22-11-2018,9.4178
125497,29-11-2018,9.582
125497,06-12-2018,9.4871
125497,13-12-2018,9.4077
125497,20-12-2018,9.5497
125497,27-12-2018,9.7754
125497,03-01-2019,9.6877
125497,10-01-2019,9.6631
125497,17-01-2019,9.6933
125497,24-01-2019,9.8313
125497,31-01-2019,9.7576
125497,07-02-2019,9.7423
125497,14-02-2019,9.8068
125497,21-02-2019,9.8448
125497,28-02-2019,9.8192
125497,07-03-2019,9.8126
125497,14-03-2019,9.7086
125497,21-03-2019,9.694
125497,28-03-2019,9.6772
125497,04-04-2019,9.699
125497,11-04-2019,9.6598
125497,18-04-2019,9.7001
125497,25-04-2019,9.7826
125497,02-05-2019,9.7987
125497,09-05-2019,9.8301
125497,16-05-2019,9.8383
125497,23-05-2019,9.8422
125497,30-05-2019,9.7893
125497,06-06-2019,9.818
125497,13-06-2019,9.8143
125497,20-06-2019,9.9826
125497,27-06-2019,10.1122
125497,04-07-2019,10.1475
125497,11-07-2019,10.0896
125497,18-07-2019,10.0038
125497,25-07-2019,10.1032
125497,01-08-2019,10.1285
125497,08-08-2019,10.1714
125497,15-08-2019,10.0335
125497,22-08-2019,10.112
125497,29-08-2019,10.1528
125497,05-09-2019,10.0667
125497,12-09-2019,10.0327
125497,19-09-2019,10.0579
125497,26-09-2019,10.0661
125497,03-10-2019,10.0466
125497,10-10-2019,10.0423
125497,17-10-2019,10.0261
125497,24-10-2019,10.0423
125497,31-10-2019,10.1646
125497,07-11-2019,9.9599
125497,14-11-2019,9.945
125497,21-11-2019,9.9631
125497,28-11-2019,9.9906
125497,05-12-2019,9.9649
125497,12-12-2019,9.8289
125497,19-12-2019,9.8586
125497,26-12-2019,9.9988
125497,02-01-2020,9.8801
125497,09-01-2020,9.9523
125497,16-01-2020,9.9301
125497,23-01-2020,9.9292
125497,30-01-2020,9.8496
125497,06-02-2020,9.8271
125497,13-02-2020,9.9333
125497,20-02-2020,9.9836
125497,27-02-2020,10.1259
125497,05-03-2020,10.2253
125497,12-03-2020,10.2653
125497,19-03-2020,10.4127
125497,26-03-2020,10.4534
125497,02-04-2020,10.5268
125497,09-04-2020,10.5061
125497,16-04-2020,10.5159
125497,23-04-2020,10.4614
125497,30-04-2020,10.5484
125497,07-05-2020,10.4532
125497,14-05-2020,10.5228
125497,21-05-2020,10.5109
125497,28-05-2020,10.6136
125497,04-06-2020,10.6816
125497,11-06-2020,10.8415
125497,18-06-2020,10.9092
125497,25-06-2020,10.7764
125497,02-07-2020,10.7749
125497,09-07-2020,10.6782
125497,16-07-2020,10.6382
125497,23-07-2020,10.7711
125497,30-07-2020,10.8303
125497,06-08-2020,10.7741
125497,13-08-2020,10.691
125497,20-08-2020,10.6981
125497,27-08-2020,10.5983
125497,03-09-2020,10.5456
125497,10-09-2020,10.5761
125497,17-09-2020,10.6781
125497,24-09-2020,10.7344
125497,01-10-2020,10.5419
125497,08-10-2020,10.5718
125497,15-10-2020,10.5821
125497,22-10-2020,10.6214
125497,29-10-2020,10.763
125497,05-11-2020,10.5896
125497,12-11-2020,10.5438
125497,19-11-2020,10.5978
125497,26-11-2020,10.468
125497,03-12-2020,10.5958
125497,10-12-2020,10.6312
125497,17-12-2020,10.7075
125497,24-12-2020,10.6629
125497,31-12-2020,10.7366
125497,07-01-2021,10.8326
125497,14-01-2021,10.8571
125497,21-01-2021,10.8818
125497,28-01-2021,10.9097
125497,04-02-2021,10.8387
125497,11-02-2021,10.8303
125497,18-02-2021,10.8214
125497,25-02-2021,10.8589
125497,04-03-2021,10.9501
125497,11-03-2021,10.8618
125497,18-03-2021,10.8553
125497,25-03-2021,10.9882
125497,01-04-2021,10.9273
125497,08-04-2021,10.8598
125497,15-04-2021,10.8817
125497,22-04-2021,10.9595
125497,29-04-2021,10.9649
125497,06-05-2021,11.0859
125497,13-05-2021,11.1663
125497,20-05-2021,11.246
125497,27-05-2021,11.3003
125497,03-06-2021,11.5153
125497,10-06-2021,11.501
125497,17-06-2021,11.3212
125497,24-06-2021,11.4711
125497,01-07-2021,11.4337
125497,08-07-2021,11.4481
125497,15-07-2021,11.5726
125497,22-07-2021,11.4289
125497,29-07-2021,11.319
125497,05-08-2021,11.1786
125497,12-08-2021,11.112
125497,19-08-2021,11.1555
125497,26-08-2021,11.2068
125497,02-09-2021,11.236
125497,09-09-2021,11.1135
125497,16-09-2021,10.9126
125497,23-09-2021,10.9217
125497,30-09-2021,10.8849
125497,07-10-2021,10.9292
125497,14-10-2021,10.995
125497,21-10-2021,11.0115
125497,28-10-2021,11.0829
125497,04-11-2021,11.1076
125497,11-11-2021,11.1592
125497,18-11-2021,11.1007
125497,25-11-2021,11.0892
125497,02-12-2021,11.1111
125497,09-12-2021,11.1885
125497,16-12-2021,11.1577
125497,23-12-2021,11.2087
125497,30-12-2021,11.1894
125497,06-01-2022,11.1833
125497,13-01-2022,11.262
125497,20-01-2022,11.0869
125497,27-01-2022,10.9764
125497,03-02-2022,10.8506
125497,10-02-2022,10.6524
125497,17-02-2022,10.5989
125497,24-02-2022,10.6666
125497,03-03-2022,10.6466
125497,10-03-2022,10.6677
125497,17-03-2022,10.7649
125497,24-03-2022,10.8836
125497,31-03-2022,10.8819
125497,07-04-2022,11.0041
125497,14-04-2022,11.0166
125497,21-04-2022,10.9472
125497,28-04-2022,10.8995
125497,05-05-2022,10.7748
125497,12-05-2022,10.7025
125497,19-05-2022,10.6762
125497,26-05-2022,10.7491
125497,02-06-2022,10.9014
125497,09-06-2022,10.7852
125497,16-06-2022,10.8234
125497,23-06-2022,10.7376
125497,30-06-2022,10.7827
125497,07-07-2022,10.7757
125497,14-07-2022,10.6222
125497,21-07-2022,10.7053
125497,28-07-2022,10.6578
125497,04-08-2022,10.6165
125497,11-08-2022,10.5299
125497,18-08-2022,10.479
125497,25-08-2022,10.5191
125497,01-09-2022,10.5073
125497,08-09-2022,10.5392
125497,15-09-2022,10.5739
125497,22-09-2022,10.6898
125497,29-09-2022,10.6648
125497,06-10-2022,10.5431
125497,13-10-2022,10.6373
125497,20-10-2022,10.6133
125497,27-10-2022,10.7122
125497,03-11-2022,10.7494
125497,10-11-2022,10.7424
125497,17-11-2022,10.7767
125497,24-11-2022,10.9492
125497,01-12-2022,11.1355
125497,08-12-2022,11.1461
125497,15-12-2022,11.1649
125497,22-12-2022,11.2655
125497,29-12-2022,11.1937
125497,05-01-2023,11.2281
125497,12-01-2023,11.2302
125497,19-01-2023,11.2629
125497,26-01-2023,11.1923
125497,02-02-2023,11.0545
125497,09-02-2023,10.8756
125497,16-02-2023,10.7827
125497,23-02-2023,10.7475
125497,02-03-2023,10.7265
125497,09-03-2023,10.8971
125497,16-03-2023,10.9979
125497,23-03-2023,10.9176
125497,30-03-2023,10.9523
125497,06-04-2023,10.9211
125497,13-04-2023,10.9006
125497,20-04-2023,10.9211
125497,27-04-2023,10.9796
125497,04-05-2023,10.9542
125497,11-05-2023,11.0518
125497,18-05-2023,10.9552
125497,25-05-2023,10.9602
125497,01-06-2023,11.1923
125497,08-06-2023,11.2168
125497,15-06-2023,11.3499
125497,22-06-2023,11.3627
125497,29-06-2023,11.42
125497,06-07-2023,11.4194
125497,13-07-2023,11.4084
125497,20-07-2023,11.3418
125497,27-07-2023,11.3854
125497,03-08-2023,11.3124
125497,10-08-2023,11.3772
125497,17-08-2023,11.4805
125497,24-08-2023,11.5188
125497,31-08-2023,11.497
125497,07-09-2023,11.5434
125497,14-09-2023,11.5195
125497,21-09-2023,11.6103
125497,28-09-2023,11.4448
125497,05-10-2023,11.4187
125497,12-10-2023,11.2414
125497,19-10-2023,11.1114
125497,26-10-2023,11.2371
125497,02-11-2023,11.3221
125497,09-11-2023,11.2614
125497,16-11-2023,11.1306
125497,23-11-2023,10.8711
125497,30-11-2023,10.8281
125497,07-12-2023,11.0421
125497,14-12-2023,11.085
125497,21-12-2023,11.0398
125497,28-12-2023,11.0853
125497,04-01-2024,10.9513
125497,11-01-2024,10.9296
125497,18-01-2024,10.9427
125497,25-01-2024,10.9395
125497,01-02-2024,11.0131
125497,08-02-2024,11.0479
125497,15-02-2024,11.1114
125497,22-02-2024,11.0546
125497,29-02-2024,11.1384
125497,07-03-2024,11.288
125497,14-03-2024,11.205
125497,21-03-2024,11.1299
125497,28-03-2024,11.2532
125497,04-04-2024,11.2405
125497,11-04-2024,11.3713
125497,18-04-2024,11.3355
125497,25-04-2024,11.472
125497,02-05-2024,11.4887
125497,09-05-2024,11.517
125497,16-05-2024,11.6658
125497,23-05-2024,11.6367
125497,30-05-2024,11.5537
125497,06-06-2024,11.5169
125497,13-06-2024,11.5632
125497,20-06-2024,11.423
125497,27-06-2024,11.4858
125497,04-07-2024,11.4409
125497,11-07-2024,11.5505
125497,18-07-2024,11.3339
125497,25-07-2024,11.2671
119551,01-01-2015,9.8691
119551,08-01-2015,9.8078
119551,15-01-2015,9.8312
119551,22-01-2015,9.821
119551,29-01-2015,9.805
119551,05-02-2015,9.7964
119551,12-02-2015,9.8163
119551,19-02-2015,9.741
119551,26-02-2015,9.8
119551,05-03-2015,9.8559
119551,12-03-2015,9.8902
119551,19-03-2015,9.9382
119551,26-03-2015,9.9657
119551,02-04-2015,10.132
119551,09-04-2015,10.1289
119551,16-04-2015,10.1081
119551,23-04-2015,10.0512
119551,30-04-2015,9.9722
119551,07-05-2015,9.8769
119551,14-05-2015,9.8107
119551,21-05-2015,9.809
119551,28-05-2015,9.8392
119551,04-06-2015,9.8472
119551,11-06-2015,9.7908
119551,18-06-2015,9.8652
119551,25-06-2015,9.9275
119551,02-07-2015,9.9188
119551,09-07-2015,9.871
119551,16-07-2015,9.9182
119551,23-07-2015,9.9371
119551,30-07-2015,9.826
119551,06-08-2015,9.8245
119551,13-08-2015,9.8491
119551,20-08-2015,9.7821
119551,27-08-2015,9.8009
119551,03-09-2015,9.6907
119551,10-09-2015,9.7982
119551,17-09-2015,9.9
119551,24-09-2015,9.8839
119551,01-10-2015,9.9166
119551,08-10-2015,9.7294
119551,15-10-2015,9.6433
119551,22-10-2015,9.6245
119551,29-10-2015,9.5458
119551,05-11-2015,9.6041
119551,12-11-2015,9.7614
119551,19-11-2015,9.6735
119551,26-11-2015,9.6125
119551,03-12-2015,9.6345
119551,10-12-2015,9.7625
119551,17-12-2015,9.6709
119551,24-12-2015,9.6941
119551,31-12-2015,9.8392
119551,07-01-2016,9.7131
119551,14-01-2016,9.6175
119551,21-01-2016,9.5887
119551,28-01-2016,9.5526
119551,04-02-2016,9.6185
119551,11-02-2016,9.641
119551,18-02-2016,9.5079
119551,25-02-2016,9.5509
119551,03-03-2016,9.5106
119551,10-03-2016,9.6114
119551,17-03-2016,9.567
119551,24-03-2016,9.5221
119551,31-03-2016,9.5671
119551,07-04-2016,9.6293
119551,14-04-2016,9.6677
119551,21-04-2016,9.5412
119551,28-04-2016,9.5861
119551,05-05-2016,9.5106
119551,12-05-2016,9.5323
119551,19-05-2016,9.4276
119551,26-05-2016,9.465
119551,02-06-2016,9.4077
119551,09-06-2016,9.3149
119551,16-06-2016,9.3719
119551,23-06-2016,9.3937
119551,30-06-2016,9.3513
119551,07-07-2016,9.4636
119551,14-07-2016,9.4341
119551,21-07-2016,9.4403
119551,28-07-2016,9.4644
119551,04-08-2016,9.4212
119551,11-08-2016,9.4605
119551,18-08-2016,9.4239
119551,25-08-2016,9.3966
119551,01-09-2016,9.5028
119551,08-09-2016,9.4275
119551,15-09-2016,9.2493
119551,22-09-2016,9.3722
119551,29-09-2016,9.5671
119551,06-10-2016,9.5399
119551,13-10-2016,9.3959
119551,20-10-2016,9.3763
119551,27-10-2016,9.3586
119551,03-11-2016,9.3482
119551,10-11-2016,9.2686
119551,17-11-2016,9.3153
119551,24-11-2016,9.3581
119551,01-12-2016,9.25
119551,08-12-2016,9.3054
119551,15-12-2016,9.462
119551,22-12-2016,9.4788
119551,29-12-2016,9.457
119551,05-01-2017,9.45
119551,12-01-2017,9.5003
119551,19-01-2017,9.3726
119551,26-01-2017,9.3886
119551,02-02-2017,9.3631
119551,09-02-2017,9.5052
119551,16-02-2017,9.4958
119551,23-02-2017,9.6263
119551,02-03-2017,9.5451
119551,09-03-2017,9.5938
119551,16-03-2017,9.6222
119551,23-03-2017,9.5591
119551,30-03-2017,9.5765
119551,06-04-2017,9.6732
119551,13-04-2017,9.652
119551,20-04-2017,9.5252
119551,27-04-2017,9.5277
119551,04-05-2017,9.4627
119551,11-05-2017,9.4406
119551,18-05-2017,9.4382
119551,25-05-2017,9.3132
119551,01-06-2017,9.1966
119551,08-06-2017,9.2357
119551,15-06-2017,9.2008
119551,22-06-2017,9.0157
119551,29-06-2017,9.0759
119551,06-07-2017,9.0993
119551,13-07-2017,9.051
119551,20-07-2017,8.9592
119551,27-07-2017,9.0227
119551,03-08-2017,9.0516
119551,10-08-2017,9.2277
119551,17-08-2017,9.2624
119551,24-08-2017,9.2949
119551,31-08-2017,9.2862
119551,07-09-2017,9.3506
119551,14-09-2017,9.4011
119551,21-09-2017,9.499
119551,28-09-2017,9.4631
119551,05-10-2017,9.434
119551,12-10-2017,9.4016
119551,19-10-2017,9.4648
119551,26-10-2017,9.5821
119551,02-11-2017,9.5507
119551,09-11-2017,9.5221
119551,16-11-2017,9.5498
119551,23-11-2017,9.5349
119551,30-11-2017,9.6113
119551,07-12-2017,9.442
119551,14-12-2017,9.3833
119551,21-12-2017,9.3283
119551,28-12-2017,9.1589
119551,04-01-2018,9.092
119551,11-01-2018,9.029
119551,18-01-2018,9.0181
119551,25-01-2018,9.102
119551,01-02-2018,9.0878
119551,08-02-2018,9.0165
119551,15-02-2018,9.016
119551,22-02-2018,9.0953
119551,01-03-2018,9.0279
119551,08-03-2018,8.9658
119551,15-03-2018,9.0094
119551,22-03-2018,8.9971
119551,29-03-2018,9.0473
119551,05-04-2018,9.0499
119551,12-04-2018,9.1043
119551,19-04-2018,9.0326
119551,26-04-2018,9.0353
119551,03-05-2018,9.0237
119551,10-05-2018,8.9395
119551,17-05-2018,8.8313
119551,24-05-2018,8.8833
119551,31-05-2018,8.8619
119551,07-06-2018,8.7929
119551,14-06-2018,8.7897
119551,21-06-2018,8.8725
119551,28-06-2018,8.7142
119551,05-07-2018,8.6133
119551,12-07-2018,8.5532
119551,19-07-2018,8.6566
119551,26-07-2018,8.6796
119551,02-08-2018,8.7364
119551,09-08-2018,8.6602
119551,16-08-2018,8.5861
119551,23-08-2018,8.6203
119551,30-08-2018,8.6278
119551,06-09-2018,8.6691
119551,13-09-2018,8.6595
119551,20-09-2018,8.6823
119551,27-09-2018,8.6967
119551,04-10-2018,8.7543
119551,11-10-2018,8.8143
119551,18-10-2018,8.7036
119551,25-10-2018,8.5506
119551,01-11-2018,8.6226
119551,08-11-2018,8.708
119551,15-11-2018,8.6403
119551,22-11-2018,8.5152
119551,29-11-2018,8.5254
119551,06-12-2018,8.5923
119551,13-12-2018,8.7193
119551,20-12-2018,8.7588
119551,27-12-2018,8.7363
119551,03-01-2019,8.6773
119551,10-01-2019,8.6816
119551,17-01-2019,8.6643
119551,24-01-2019,8.5974
119551,31-01-2019,8.7417
119551,07-02-2019,8.8701
119551,14-02-2019,8.9542
119551,21-02-2019,8.8919
119551,28-02-2019,8.9562
119551,07-03-2019,9.0057
119551,14-03-2019,9.0411
119551,21-03-2019,9.1351
119551,28-03-2019,9.1852
119551,04-04-2019,9.2433
119551,11-04-2019,9.2941
119551,18-04-2019,9.3231
119551,25-04-2019,9.1938
119551,02-05-2019,9.2037
119551,09-05-2019,9.1664
119551,16-05-2019,9.0762
119551,23-05-2019,9.2019
119551,30-05-2019,9.3329
119551,06-06-2019,9.4381
119551,13-06-2019,9.4612
119551,20-06-2019,9.5672
119551,27-06-2019,9.5719
119551,04-07-2019,9.5913
119551,11-07-2019,9.5112
119551,18-07-2019,9.5452
119551,25-07-2019,9.5537
119551,01-08-2019,9.4579
119551,08-08-2019,9.4578
119551,15-08-2019,9.4556
119551,22-08-2019,9.5953
119551,29-08-2019,9.6678
119551,05-09-2019,9.6726
119551,12-09-2019,9.6957
119551,19-09-2019,9.703
119551,26-09-2019,9.6911
119551,03-10-2019,9.6111
119551,10-10-2019,9.6033
119551,17-10-2019,9.5498
119551,24-10-2019,9.4581
119551,31-10-2019,9.5006
119551,07-11-2019,9.5341
119551,14-11-2019,9.4017
119551,21-11-2019,9.3962
119551,28-11-2019,9.4748
119551,05-12-2019,9.5589
119551,12-12-2019,9.6412
119551,19-12-2019,9.648
119551,26-12-2019,9.5867
119551,02-01-2020,9.5074
119551,09-01-2020,9.5374
119551,16-01-2020,9.5701
119551,23-01-2020,9.6725
119551,30-01-2020,9.7615
119551,06-02-2020,9.7551
119551,13-02-2020,9.6619
119551,20-02-2020,9.6411
119551,27-02-2020,9.6617
119551,05-03-2020,9.65
119551,12-03-2020,9.6092
119551,19-03-2020,9.6325
119551,26-03-2020,9.5975
119551,02-04-2020,9.5531
119551,09-04-2020,9.5807
119551,16-04-2020,9.5538
119551,23-04-2020,9.5762
119551,30-04-2020,9.601
119551,07-05-2020,9.5173
119551,14-05-2020,9.4845
119551,21-05-2020,9.5974
119551,28-05-2020,9.512
119551,04-06-2020,9.3547
119551,11-06-2020,9.2191
119551,18-06-2020,9.225
119551,25-06-2020,9.2309
119551,02-07-2020,9.226
119551,09-07-2020,9.3193
119551,16-07-2020,9.1237
119551,23-07-2020,9.1563
119551,30-07-2020,9.2743
119551,06-08-2020,9.1943
119551,13-08-2020,9.1701
119551,20-08-2020,9.1185
119551,27-08-2020,9.0569
119551,03-09-2020,9.0369
119551,10-09-2020,9.1437
119551,17-09-2020,9.2818
119551,24-09-2020,9.2606
119551,01-10-2020,9.4054
119551,08-10-2020,9.4118
119551,15-10-2020,9.5476
119551,22-10-2020,9.5443
119551,29-10-2020,9.5582
119551,05-11-2020,9.5899
119551,12-11-2020,9.8376
119551,19-11-2020,9.9086
119551,26-11-2020,9.8565
119551,03-12-2020,9.9368
119551,10-12-2020,9.912
119551,17-12-2020,9.8772
119551,24-12-2020,9.9529
119551,31-12-2020,9.9594
119551,07-01-2021,9.9855
119551,14-01-2021,9.9907
119551,21-01-2021,10.0216
119551,28-01-2021,10.0596
119551,04-02-2021,9.9078
119551,11-02-2021,9.9646
119551,18-02-2021,9.8903
119551,25-02-2021,9.7801
119551,04-03-2021,9.7795
119551,11-03-2021,9.7899
119551,18-03-2021,9.7395
119551,25-03-2021,9.8082
119551,01-04-2021,9.7068
119551,08-04-2021,9.6791
119551,15-04-2021,9.6377
119551,22-04-2021,9.6379
119551,29-04-2021,9.6633
119551,06-05-2021,9.5892
119551,13-05-2021,9.6486
119551,20-05-2021,9.6573
119551,27-05-2021,9.515
119551,03-06-2021,9.3698
119551,10-06-2021,9.3726
119551,17-06-2021,9.3598
119551,24-06-2021,9.3558
119551,01-07-2021,9.3574
119551,08-07-2021,9.378
119551,15-07-2021,9.4529
119551,22-07-2021,9.3726
119551,29-07-2021,9.2885
119551,05-08-2021,9.211
119551,12-08-2021,9.236
119551,19-08-2021,9.3316
119551,26-08-2021,9.3032
119551,02-09-2021,9.1207
119551,09-09-2021,9.0
119551,16-09-2021,8.9436
119551,23-09-2021,8.9073
119551,30-09-2021,8.8818
119551,07-10-2021,8.8881
119551,14-10-2021,8.8695
119551,21-10-2021,8.9475
119551,28-10-2021,8.9027
119551,04-11-2021,8.8448
119551,11-11-2021,8.8822
119551,18-11-2021,8.7767
119551,25-11-2021,8.8075
119551,02-12-2021,8.8183
119551,09-12-2021,8.8114
119551,16-12-2021,8.9269
119551,23-12-2021,8.886
119551,30-12-2021,9.036
119551,06-01-2022,9.0234
119551,13-01-2022,8.9348
119551,20-01-2022,8.9434
119551,27-01-2022,8.8699
119551,03-02-2022,8.8201
119551,10-02-2022,8.8517
119551,17-02-2022,8.8946
119551,24-02-2022,8.8538
119551,03-03-2022,8.9273
119551,10-03-2022,9.0136
119551,17-03-2022,9.1207
119551,24-03-2022,9.163
119551,31-03-2022,9.2666
119551,07-04-2022,9.1309
119551,14-04-2022,9.1113
119551,21-04-2022,9.0518
119551,28-04-2022,9.064
119551,05-05-2022,9.0262
119551,12-05-2022,9.0178
119551,19-05-2022,9.1572
119551,26-05-2022,9.1485
119551,02-06-2022,9.1824
119551,09-06-2022,9.169
119551,16-06-2022,9.1782
119551,23-06-2022,9.1824
119551,30-06-2022,9.219
119551,07-07-2022,9.3086
119551,14-07-2022,9.435
119551,21-07-2022,9.4621
119551,28-07-2022,9.5105
119551,04-08-2022,9.4268
119551,11-08-2022,9.4239
119551,18-08-2022,9.4986
119551,25-08-2022,9.5682
119551,01-09-2022,9.5882
119551,08-09-2022,9.66
119551,15-09-2022,9.7018
119551,22-09-2022,9.7989
119551,29-09-2022,9.8255
119551,06-10-2022,9.8015
119551,13-10-2022,9.8317
119551,20-10-2022,9.6051
119551,27-10-2022,9.6384
119551,03-11-2022,9.3609
119551,10-11-2022,9.2356
119551,17-11-2022,9.2727
119551,24-11-2022,9.3118
119551,01-12-2022,9.229
119551,08-12-2022,9.1801
119551,15-12-2022,9.2844
119551,22-12-2022,9.2522
119551,29-12-2022,9.4219
119551,05-01-2023,9.4255
119551,12-01-2023,9.46
119551,19-01-2023,9.5862
119551,26-01-2023,9.6001
119551,02-02-2023,9.5269
119551,09-02-2023,9.5224
119551,16-02-2023,9.5235
119551,23-02-2023,9.4233
119551,02-03-2023,9.4078
119551,09-03-2023,9.3557
119551,16-03-2023,9.4286
119551,23-03-2023,9.435
119551,30-03-2023,9.4174
119551,06-04-2023,9.4132
119551,13-04-2023,9.4338
119551,20-04-2023,9.4841
119551,27-04-2023,9.412
119551,04-05-2023,9.3374
119551,11-05-2023,9.4236
119551,18-05-2023,9.3963
119551,25-05-2023,9.2936
119551,01-06-2023,9.3303
119551,08-06-2023,9.3686
119551,15-06-2023,9.2576
119551,22-06-2023,9.2783
119551,29-06-2023,9.3366
119551,06-07-2023,9.3683
119551,13-07-2023,9.4194
119551,20-07-2023,9.3174
119551,27-07-2023,9.3458
119551,03-08-2023,9.3269
119551,10-08-2023,9.2946
119551,17-08-2023,9.3631
119551,24-08-2023,9.4776
119551,31-08-2023,9.6174
119551,07-09-2023,9.7225
119551,14-09-2023,9.7178
119551,21-09-2023,9.7491
119551,28-09-2023,9.8128
119551,05-10-2023,9.8263
119551,12-10-2023,9.8405
119551,19-10-2023,9.9093
119551,26-10-2023,9.9085
119551,02-11-2023,9.8547
119551,09-11-2023,9.8259
119551,16-11-2023,9.8797
119551,23-11-2023,9.8839
119551,30-11-2023,9.9147
119551,07-12-2023,9.9719
119551,14-12-2023,9.9459
119551,21-12-2023,10.0101
119551,28-12-2023,10.0444
119551,04-01-2024,9.9492
119551,11-01-2024,10.068
119551,18-01-2024,10.0317
119551,25-01-2024,9.9029
119551,01-02-2024,9.8241
119551,08-02-2024,9.7477
119551,15-02-2024,9.7557
119551,22-02-2024,9.7382
119551,29-02-2024,9.7159
119551,07-03-2024,9.7679
119551,14-03-2024,9.7984
119551,21-03-2024,9.8271
119551,28-03-2024,9.8633
119551,04-04-2024,9.9158
119551,11-04-2024,9.7526
119551,18-04-2024,9.728
119551,25-04-2024,9.5623
119551,02-05-2024,9.5688
119551,09-05-2024,9.5723
119551,16-05-2024,9.6562
119551,23-05-2024,9.7518
119551,30-05-2024,9.7715
119551,06-06-2024,9.7363
119551,13-06-2024,9.778
119551,20-06-2024,9.7406
119551,27-06-2024,9.7444
119551,04-07-2024,9.8252
119551,11-07-2024,9.7853
119551,18-07-2024,9.8523
119551,25-07-2024,9.9096
120503,01-01-2015,9.9276
120503,08-01-2015,10.0089
120503,15-01-2015,10.0689
120503,22-01-2015,10.0811
120503,29-01-2015,10.0237
120503,05-02-2015,9.9588
120503,12-02-2015,9.9199
120503,19-02-2015,9.9669
120503,26-02-2015,9.8947
120503,05-03-2015,9.9333
120503,12-03-2015,9.8386
120503,19-03-2015,9.8265
120503,26-03-2015,9.839
120503,02-04-2015,10.0354
120503,09-04-2015,9.9289
120503,16-04-2015,10.0498
120503,23-04-2015,10.0658
120503,30-04-2015,10.103
120503,07-05-2015,10.1166
120503,14-05-2015,10.1566
120503,21-05-2015,10.1482
120503,28-05-2015,10.2703
120503,04-06-2015,10.2369
120503,11-06-2015,10.3337
120503,18-06-2015,10.2846
120503,25-06-2015,10.2838
120503,02-07-2015,10.1997
120503,09-07-2015,10.2409
120503,16-07-2015,10.3634
120503,23-07-2015,10.3611
120503,30-07-2015,10.3489
120503,06-08-2015,10.2608
120503,13-08-2015,10.2461
120503,20-08-2015,10.1196
120503,27-08-2015,10.0498
120503,03-09-2015,10.072
120503,10-09-2015,10.1823
120503,17-09-2015,10.4152
120503,24-09-2015,10.3705
120503,01-10-2015,10.4937
120503,08-10-2015,10.5184
120503,15-10-2015,10.5099
120503,22-10-2015,10.5505
120503,29-10-2015,10.5599
120503,05-11-2015,10.5735
120503,12-11-2015,10.5431
120503,19-11-2015,10.4294
120503,26-11-2015,10.3048
120503,03-12-2015,10.3628
120503,10-12-2015,10.344
120503,17-12-2015,10.2988
120503,24-12-2015,10.3036
120503,31-12-2015,10.3733
120503,07-01-2016,10.3924
120503,14-01-2016,10.342
120503,21-01-2016,10.4476
120503,28-01-2016,10.5838
120503,04-02-2016,10.6299
120503,11-02-2016,10.7169
120503,18-02-2016,10.8277
120503,25-02-2016,10.9299
120503,03-03-2016,10.988
120503,10-03-2016,11.045
120503,17-03-2016,11.0953
120503,24-03-2016,11.0024
120503,31-03-2016,11.0684
120503,07-04-2016,10.9528
120503,14-04-2016,10.8876
120503,21-04-2016,11.0055
120503,28-04-2016,11.0838
120503,05-05-2016,11.2202
120503,12-05-2016,11.2003
120503,19-05-2016,11.1015
120503,26-05-2016,11.0846
120503,02-06-2016,11.0981
120503,09-06-2016,11.1095
120503,16-06-2016,11.2147
120503,23-06-2016,11.1868
120503,30-06-2016,11.2228
120503,07-07-2016,11.1385
120503,14-07-2016,11.1831
120503,21-07-2016,11.1878
120503,28-07-2016,11.1252
120503,04-08-2016,11.1087
120503,11-08-2016,11.0967
120503,18-08-2016,11.0772
120503,25-08-2016,11.2386
120503,01-09-2016,11.2342
120503,08-09-2016,11.2168
120503,15-09-2016,11.0331
120503,22-09-2016,10.9586
120503,29-09-2016,10.9399
120503,06-10-2016,10.8842
120503,13-10-2016,11.0089
120503,20-10-2016,10.9988
120503,27-10-2016,11.1166
120503,03-11-2016,11.1265
120503,10-11-2016,11.1343
120503,17-11-2016,11.1308
120503,24-11-2016,11.1356
120503,01-12-2016,11.2932
120503,08-12-2016,11.0881
120503,15-12-2016,10.915
120503,22-12-2016,10.8719
120503,29-12-2016,10.8775
120503,05-01-2017,10.942
120503,12-01-2017,10.9877
120503,19-01-2017,10.9584
120503,26-01-2017,11.0521
120503,02-02-2017,11.1476
120503,09-02-2017,11.1685
120503,16-02-2017,11.2589
120503,23-02-2017,11.288
120503,02-03-2017,11.2418
120503,09-03-2017,11.3091
120503,16-03-2017,11.3236
120503,23-03-2017,11.3282
120503,30-03-2017,11.4663
120503,06-04-2017,11.246
120503,13-04-2017,11.123
120503,20-04-2017,11.0218
120503,27-04-2017,10.9942
120503,04-05-2017,10.9762
120503,11-05-2017,10.8482
120503,18-05-2017,10.7671
120503,25-05-2017,10.6972
120503,01-06-2017,10.9118
120503,08-06-2017,11.0734
120503,15-06-2017,11.0414
120503,22-06-2017,11.0137
120503,29-06-2017,10.9168
120503,06-07-2017,10.7546
120503,13-07-2017,10.7488
120503,20-07-2017,10.6673
120503,27-07-2017,10.6643
120503,03-08-2017,10.5321
120503,10-08-2017,10.4721
120503,17-08-2017,10.4887
120503,24-08-2017,10.5237
120503,31-08-2017,10.563
120503,07-09-2017,10.4557
120503,14-09-2017,10.5313
120503,21-09-2017,10.4681
120503,28-09-2017,10.5253
120503,05-10-2017,10.5286
120503,12-10-2017,10.4169
120503,19-10-2017,10.3947
120503,26-10-2017,10.4293
120503,02-11-2017,10.4846
120503,09-11-2017,10.4769
120503,16-11-2017,10.6095
120503,23-11-2017,10.6993
120503,30-11-2017,10.6816
120503,07-12-2017,10.75
120503,14-12-2017,10.9206
120503,21-12-2017,11.0962
120503,28-12-2017,10.9916
120503,04-01-2018,10.9146
120503,11-01-2018,11.0486
120503,18-01-2018,10.9595
120503,25-01-2018,10.8479
120503,01-02-2018,10.81
120503,08-02-2018,10.8507
120503,15-02-2018,10.8462
120503,22-02-2018,10.794
120503,01-03-2018,10.7401
120503,08-03-2018,10.6832
120503,15-03-2018,10.6123
120503,22-03-2018,10.8103
120503,29-03-2018,10.8403
120503,05-04-2018,10.9216
120503,12-04-2018,10.8832
120503,19-04-2018,10.8714
120503,26-04-2018,10.8137
120503,03-05-2018,10.5886
120503,10-05-2018,10.4761
120503,17-05-2018,10.3285
120503,24-05-2018,10.1468
120503,31-05-2018,10.0538
120503,07-06-2018,10.1644
120503,14-06-2018,10.1649
120503,21-06-2018,10.2739
120503,28-06-2018,10.3118
120503,05-07-2018,10.3804
120503,12-07-2018,10.3098
120503,19-07-2018,10.3571
120503,26-07-2018,10.4216
120503,02-08-2018,10.3777
120503,09-08-2018,10.4283
120503,16-08-2018,10.4797
120503,23-08-2018,10.4379
120503,30-08-2018,10.3483
120503,06-09-2018,10.2544
120503,13-09-2018,10.2656
120503,20-09-2018,10.2965
120503,27-09-2018,10.2354
120503,04-10-2018,10.2417
120503,11-10-2018,10.2925
120503,18-10-2018,10.3475
120503,25-10-2018,10.4801
120503,01-11-2018,10.5914
120503,08-11-2018,10.5108
120503,15-11-2018,10.6565
120503,22-11-2018,10.6155
120503,29-11-2018,10.7085
120503,06-12-2018,10.7186
120503,13-12-2018,10.6876
120503,20-12-2018,10.5373
120503,27-12-2018,10.527
120503,03-01-2019,10.3999
120503,10-01-2019,10.4846
120503,17-01-2019,10.616
120503,24-01-2019,10.5525
120503,31-01-2019,10.5823
120503,07-02-2019,10.5251
120503,14-02-2019,10.4764
120503,21-02-2019,10.5455
120503,28-02-2019,10.5464
120503,07-03-2019,10.6974
120503,14-03-2019,10.6604
120503,21-03-2019,10.7499
120503,28-03-2019,10.7626
120503,04-04-2019,10.8354
120503,11-04-2019,10.801
120503,18-04-2019,10.8011
120503,25-04-2019,10.7954
120503,02-05-2019,10.7275
120503,09-05-2019,10.7886
120503,16-05-2019,10.8491
120503,23-05-2019,10.9049
120503,30-05-2019,11.0434
120503,06-06-2019,11.1758
120503,13-06-2019,11.1468
120503,20-06-2019,11.1845
120503,27-06-2019,11.1332
120503,04-07-2019,11.1397
120503,11-07-2019,11.0907
120503,18-07-2019,11.2389
120503,25-07-2019,11.2761
120503,01-08-2019,11.2609
120503,08-08-2019,11.373
120503,15-08-2019,11.18
120503,22-08-2019,11.0043
120503,29-08-2019,11.0788
120503,05-09-2019,11.0886
120503,12-09-2019,11.1153
120503,19-09-2019,11.0018
120503,26-09-2019,11.0041
120503,03-10-2019,11.1849
120503,10-10-2019,11.2631
120503,17-10-2019,11.2829
120503,24-10-2019,11.2478
120503,31-10-2019,11.2168
120503,07-11-2019,11.0302
120503,14-11-2019,11.0574
120503,21-11-2019,11.1366
120503,28-11-2019,11.0006
120503,05-12-2019,10.9468
120503,12-12-2019,10.8499
120503,19-12-2019,10.7704
120503,26-12-2019,10.7793
120503,02-01-2020,10.6039
120503,09-01-2020,10.6602
120503,16-01-2020,10.7288
120503,23-01-2020,10.7115
120503,30-01-2020,10.5032
120503,06-02-2020,10.4237
120503,13-02-2020,10.5307
120503,20-02-2020,10.3009
120503,27-02-2020,10.2764
120503,05-03-2020,10.1835
120503,12-03-2020,10.2531
120503,19-03-2020,10.2018
120503,26-03-2020,10.2388
120503,02-04-2020,10.2893
120503,09-04-2020,10.4445
120503,16-04-2020,10.4317
120503,23-04-2020,10.4673
120503,30-04-2020,10.3471
120503,07-05-2020,10.4498
120503,14-05-2020,10.3904
120503,21-05-2020,10.348
120503,28-05-2020,10.3503
120503,04-06-2020,10.225
120503,11-06-2020,10.2478
120503,18-06-2020,10.3312
120503,25-06-2020,10.3595
120503,02-07-2020,10.232
120503,09-07-2020,10.226
120503,16-07-2020,10.2908
120503,23-07-2020,10.1403
120503,30-07-2020,10.0571
120503,06-08-2020,10.1317
120503,13-08-2020,10.1576
120503,20-08-2020,10.1952
120503,27-08-2020,10.3509
120503,03-09-2020,10.3938
120503,10-09-2020,10.4527
120503,17-09-2020,10.6836
120503,24-09-2020,10.6696
120503,01-10-2020,10.6057
120503,08-10-2020,10.6463
120503,15-10-2020,10.6879
120503,22-10-2020,10.6472
120503,29-10-2020,10.5635
120503,05-11-2020,10.7629
120503,12-11-2020,10.7954
120503,19-11-2020,10.7364
120503,26-11-2020,10.8194
120503,03-12-2020,10.8143
120503,10-12-2020,10.7967
120503,17-12-2020,10.8496
120503,24-12-2020,10.7418
120503,31-12-2020,10.7764
120503,07-01-2021,10.9456
120503,14-01-2021,10.9908
120503,21-01-2021,10.9622
120503,28-01-2021,10.9221
120503,04-02-2021,10.8906
120503,11-02-2021,10.8728
120503,18-02-2021,10.8443
120503,25-02-2021,10.9281
120503,04-03-2021,10.781
120503,11-03-2021,10.8596
120503,18-03-2021,10.831
120503,25-03-2021,10.868
120503,01-04-2021,10.7744
120503,08-04-2021,10.8932
120503,15-04-2021,11.0061
120503,22-04-2021,11.095
120503,29-04-2021,10.965
120503,06-05-2021,11.0421
120503,13-05-2021,11.0823
120503,20-05-2021,10.9444
120503,27-05-2021,10.9466
120503,03-06-2021,10.9829
120503,10-06-2021,11.0362
120503,17-06-2021,11.0563
120503,24-06-2021,11.0864
120503,01-07-2021,11.2216
120503,08-07-2021,11.3361
120503,15-07-2021,11.0806
120503,22-07-2021,11.0569
120503,29-07-2021,11.0468
120503,05-08-2021,10.8964
120503,12-08-2021,10.9089
120503,19-08-2021,11.0223
120503,26-08-2021,10.9309
120503,02-09-2021,10.9647
120503,09-09-2021,10.8887
120503,16-09-2021,10.8345
120503,23-09-2021,10.9669
120503,30-09-2021,10.9237
120503,07-10-2021,10.9685
120503,14-10-2021,10.8087
120503,21-10-2021,10.974
120503,28-10-2021,11.0313
120503,04-11-2021,11.0196
120503,11-11-2021,11.0748
120503,18-11-2021,10.9543
120503,25-11-2021,11.0623
120503,02-12-2021,11.0381
120503,09-12-2021,11.0245
120503,16-12-2021,10.9855
120503,23-12-2021,10.9389
120503,30-12-2021,11.004
120503,06-01-2022,11.031
120503,13-01-2022,11.0929
120503,20-01-2022,11.0966
120503,27-01-2022,11.1466
120503,03-02-2022,11.1137
120503,10-02-2022,11.3164
120503,17-02-2022,11.1789
120503,24-02-2022,11.2962
120503,03-03-2022,11.4243
120503,10-03-2022,11.351
120503,17-03-2022,11.558
120503,24-03-2022,11.6546
120503,31-03-2022,11.7499
120503,07-04-2022,11.7572
120503,14-04-2022,11.7415
120503,21-04-2022,11.7265
120503,28-04-2022,11.7678
120503,05-05-2022,11.9044
120503,12-05-2022,11.9265
120503,19-05-2022,11.8443
120503,26-05-2022,11.9271
120503,02-06-2022,12.0198
120503,09-06-2022,12.0875
120503,16-06-2022,12.1645
120503,23-06-2022,12.143
120503,30-06-2022,12.0576
120503,07-07-2022,11.9787
120503,14-07-2022,11.8267
120503,21-07-2022,11.8539
120503,28-07-2022,11.8507
120503,04-08-2022,11.8137
120503,11-08-2022,11.5391
120503,18-08-2022,11.4286
120503,25-08-2022,11.5356
120503,01-09-2022,11.4789
120503,08-09-2022,11.5166
120503,15-09-2022,11.3931
120503,22-09-2022,11.5288
120503,29-09-2022,11.5201
120503,06-10-2022,11.5515
120503,13-10-2022,11.771
120503,20-10-2022,11.9185
120503,27-10-2022,11.8941
120503,03-11-2022,11.8424
120503,10-11-2022,11.8163
120503,17-11-2022,11.8692
120503,24-11-2022,11.8639
120503,01-12-2022,11.8312
120503,08-12-2022,11.9748
120503,15-12-2022,11.9686
120503,22-12-2022,12.1936
120503,29-12-2022,12.2073
120503,05-01-2023,12.3866
120503,12-01-2023,12.4269
120503,19-01-2023,12.5276
120503,26-01-2023,12.46
120503,02-02-2023,12.3799
120503,09-02-2023,12.4304
120503,16-02-2023,12.5337
120503,23-02-2023,12.5427
120503,02-03-2023,12.4186
120503,09-03-2023,12.2885
120503,16-03-2023,12.1531
120503,23-03-2023,11.9861
120503,30-03-2023,12.0014
120503,06-04-2023,12.1142
120503,13-04-2023,12.1177
120503,20-04-2023,11.9035
120503,27-04-2023,11.8901
120503,04-05-2023,11.8793
120503,11-05-2023,12.0833
120503,18-05-2023,11.9473
120503,25-05-2023,11.9147
120503,01-06-2023,12.0821
120503,08-06-2023,12.1304
120503,15-06-2023,12.1899
120503,22-06-2023,12.2059
120503,29-06-2023,12.243
120503,06-07-2023,12.3241
120503,13-07-2023,12.2492
120503,20-07-2023,12.3402
120503,27-07-2023,12.2096
120503,03-08-2023,12.2465
120503,10-08-2023,12.2689
120503,17-08-2023,12.2133
120503,24-08-2023,12.216
120503,31-08-2023,12.1601
120503,07-09-2023,12.0607
120503,14-09-2023,12.0314
120503,21-09-2023,11.9299
120503,28-09-2023,11.9655
120503,05-10-2023,11.8602
120503,12-10-2023,11.9325
120503,19-10-2023,11.8245
120503,26-10-2023,11.7757
120503,02-11-2023,11.7215
120503,09-11-2023,11.8505
120503,16-11-2023,11.8865
120503,23-11-2023,11.8711
120503,30-11-2023,11.9233
120503,07-12-2023,11.727
120503,14-12-2023,11.7277
120503,21-12-2023,11.9198
120503,28-12-2023,11.9372
120503,04-01-2024,11.9484
120503,11-01-2024,12.0056
120503,18-01-2024,12.0964
120503,25-01-2024,11.908
120503,01-02-2024,11.7525
120503,08-02-2024,11.7769
120503,15-02-2024,11.7143
120503,22-02-2024,11.8419
120503,29-02-2024,11.8168
120503,07-03-2024,11.6387
120503,14-03-2024,11.5252
120503,21-03-2024,11.2763
120503,28-03-2024,11.2597
120503,04-04-2024,11.2473
120503,11-04-2024,11.2136
120503,18-04-2024,11.3148
120503,25-04-2024,11.4278
120503,02-05-2024,11.4168
120503,09-05-2024,11.2264
120503,16-05-2024,11.2864
120503,23-05-2024,11.341
120503,30-05-2024,11.3736
120503,06-06-2024,11.4675
120503,13-06-2024,11.3652
120503,20-06-2024,11.5524
120503,27-06-2024,11.4683
120503,04-07-2024,11.5417
120503,11-07-2024,11.3905
120503,18-07-2024,11.3103
120503,25-07-2024,11.452
118632,01-01-2015,9.9831
118632,08-01-2015,10.0542
118632,15-01-2015,10.0773
118632,22-01-2015,10.0729
118632,29-01-2015,10.1868
118632,05-02-2015,10.1716
118632,12-02-2015,10.0307
118632,19-02-2015,9.9703
118632,26-02-2015,10.0182
118632,05-03-2015,10.054
118632,12-03-2015,9.9319
118632,19-03-2015,9.8784
118632,26-03-2015,9.8363
118632,02-04-2015,9.8115
118632,09-04-2015,9.7074
118632,16-04-2015,9.6625
118632,23-04-2015,9.6101
118632,30-04-2015,9.6732
118632,07-05-2015,9.7397
118632,14-05-2015,9.7322
118632,21-05-2015,9.7056
118632,28-05-2015,9.7204
118632,04-06-2015,9.6607
118632,11-06-2015,9.576
118632,18-06-2015,9.5078
118632,25-06-2015,9.4633
118632,02-07-2015,9.379
118632,09-07-2015,9.3949
118632,16-07-2015,9.4535
118632,23-07-2015,9.3373
118632,30-07-2015,9.3429
118632,06-08-2015,9.3302
118632,13-08-2015,9.3594
118632,20-08-2015,9.3622
118632,27-08-2015,9.257
118632,03-09-2015,9.1673
118632,10-09-2015,9.1731
118632,17-09-2015,9.2523
118632,24-09-2015,9.0921
118632,01-10-2015,9.1208
118632,08-10-2015,9.2113
118632,15-10-2015,9.2037
118632,22-10-2015,9.2479
118632,29-10-2015,9.1996
118632,05-11-2015,9.1945
118632,12-11-2015,9.0789
118632,19-11-2015,8.9123
118632,26-11-2015,8.9831
118632,03-12-2015,8.9159
118632,10-12-2015,8.887
118632,17-12-2015,8.7919
118632,24-12-2015,8.6963
118632,31-12-2015,8.6877
118632,07-01-2016,8.6404
118632,14-01-2016,8.67
118632,21-01-2016,8.7049
118632,28-01-2016,8.7307
118632,04-02-2016,8.7509
118632,11-02-2016,8.8648
118632,18-02-2016,8.7926
118632,25-02-2016,8.7923
118632,03-03-2016,8.8755
118632,10-03-2016,8.9688
118632,17-03-2016,8.8704
118632,24-03-2016,8.8518
118632,31-03-2016,8.9515
118632,07-04-2016,8.9915
118632,14-04-2016,9.0091
118632,21-04-2016,8.997
118632,28-04-2016,8.973
118632,05-05-2016,8.9973
118632,12-05-2016,8.9827
118632,19-05-2016,8.9832
118632,26-05-2016,8.9925
118632,02-06-2016,8.9473
118632,09-06-2016,8.989
118632,16-06-2016,9.2021
118632,23-06-2016,9.075
118632,30-06-2016,9.1021
118632,07-07-2016,9.0504
118632,14-07-2016,9.0959
118632,21-07-2016,9.1029
118632,28-07-2016,9.162
118632,04-08-2016,9.2518
118632,11-08-2016,9.2698
118632,18-08-2016,9.3574
118632,25-08-2016,9.1857
118632,01-09-2016,9.3062
118632,08-09-2016,9.3379
118632,15-09-2016,9.4221
118632,22-09-2016,9.3339
118632,29-09-2016,9.2756
118632,06-10-2016,9.2902
118632,13-10-2016,9.2926
118632,20-10-2016,9.3174
118632,27-10-2016,9.402
118632,03-11-2016,9.273
118632,10-11-2016,9.3489
118632,17-11-2016,9.3533
118632,24-11-2016,9.3418
118632,01-12-2016,9.2355
118632,08-12-2016,9.2764
118632,15-12-2016,9.101
118632,22-12-2016,9.1518
118632,29-12-2016,9.0462
118632,05-01-2017,9.0537
118632,12-01-2017,9.0487
118632,19-01-2017,9.137
118632,26-01-2017,9.1276
118632,02-02-2017,9.0806
118632,09-02-2017,9.0474
118632,16-02-2017,9.1431
118632,23-02-2017,9.186
118632,02-03-2017,9.1614
118632,09-03-2017,9.1477
118632,16-03-2017,9.0367
118632,23-03-2017,9.0684
118632,30-03-2017,8.9443
118632,06-04-2017,9.0017
118632,13-04-2017,9.0145
118632,20-04-2017,9.1903
118632,27-04-2017,9.1131
118632,04-05-2017,9.1092
118632,11-05-2017,9.2439
118632,18-05-2017,9.3357
118632,25-05-2017,9.2875
118632,01-06-2017,9.3078
118632,08-06-2017,9.3117
118632,15-06-2017,9.3364
118632,22-06-2017,9.288
118632,29-06-2017,9.2851
118632,06-07-2017,9.1701
118632,13-07-2017,9.1837
118632,20-07-2017,9.2204
118632,27-07-2017,9.2073
118632,03-08-2017,9.092
118632,10-08-2017,9.1676
118632,17-08-2017,9.198
118632,24-08-2017,9.1482
118632,31-08-2017,9.1313
118632,07-09-2017,9.0254
118632,14-09-2017,8.9549
118632,21-09-2017,8.92
118632,28-09-2017,9.0112
118632,05-10-2017,8.9687
118632,12-10-2017,9.0182
118632,19-10-2017,8.983
118632,26-10-2017,9.0044
118632,02-11-2017,8.9978
118632,09-11-2017,9.0643
118632,16-11-2017,9.0291
118632,23-11-2017,8.9192
118632,30-11-2017,8.8241
118632,07-12-2017,8.7901
118632,14-12-2017,8.7058
118632,21-12-2017,8.7378
118632,28-12-2017,8.7088
118632,04-01-2018,8.8777
118632,11-01-2018,8.7578
118632,18-01-2018,8.7756
118632,25-01-2018,8.6999
118632,01-02-2018,8.6691
118632,08-02-2018,8.6823
118632,15-02-2018,8.5243
118632,22-02-2018,8.5439
118632,01-03-2018,8.6773
118632,08-03-2018,8.6493
118632,15-03-2018,8.6708
118632,22-03-2018,8.7453
118632,29-03-2018,8.7374
118632,05-04-2018,8.7002
118632,12-04-2018,8.5453
118632,19-04-2018,8.5926
118632,26-04-2018,8.5882
118632,03-05-2018,8.5221
118632,10-05-2018,8.5341
118632,17-05-2018,8.4977
118632,24-05-2018,8.4652
118632,31-05-2018,8.5096
118632,07-06-2018,8.4219
118632,14-06-2018,8.4958
118632,21-06-2018,8.4042
118632,28-06-2018,8.363
118632,05-07-2018,8.495
118632,12-07-2018,8.5751
118632,19-07-2018,8.5852
118632,26-07-2018,8.524
118632,02-08-2018,8.4913
118632,09-08-2018,8.4997
118632,16-08-2018,8.5057
118632,23-08-2018,8.5029
118632,30-08-2018,8.5042
118632,06-09-2018,8.493
118632,13-09-2018,8.3984
118632,20-09-2018,8.3671
118632,27-09-2018,8.4316
118632,04-10-2018,8.3427
118632,11-10-2018,8.3334
118632,18-10-2018,8.2821
118632,25-10-2018,8.2928
118632,01-11-2018,8.2703
118632,08-11-2018,8.3714
118632,15-11-2018,8.4086
118632,22-11-2018,8.3238
118632,29-11-2018,8.3718
118632,06-12-2018,8.3233
118632,13-12-2018,8.2882
118632,20-12-2018,8.3123
118632,27-12-2018,8.2829
118632,03-01-2019,8.3454
118632,10-01-2019,8.297
118632,17-01-2019,8.2593
118632,24-01-2019,8.2192
118632,31-01-2019,8.1853
118632,07-02-2019,8.2605
118632,14-02-2019,8.3054
118632,21-02-2019,8.4223
118632,28-02-2019,8.5785
118632,07-03-2019,8.5112
118632,14-03-2019,8.5194
118632,21-03-2019,8.4426
118632,28-03-2019,8.3935
118632,04-04-2019,8.3545
118632,11-04-2019,8.2872
118632,18-04-2019,8.2208
118632,25-04-2019,8.2146
118632,02-05-2019,8.1379
118632,09-05-2019,8.196
118632,16-05-2019,8.1391
118632,23-05-2019,8.3253
118632,30-05-2019,8.2986
118632,06-06-2019,8.3067
118632,13-06-2019,8.2239
118632,20-06-2019,8.3394
118632,27-06-2019,8.4175
118632,04-07-2019,8.4408
118632,11-07-2019,8.3533
118632,18-07-2019,8.3707
118632,25-07-2019,8.2989
118632,01-08-2019,8.3993
118632,08-08-2019,8.4571
118632,15-08-2019,8.4669
118632,22-08-2019,8.3053
118632,29-08-2019,8.2433
118632,05-09-2019,8.2919
118632,12-09-2019,8.3757
118632,19-09-2019,8.4534
118632,26-09-2019,8.3491
118632,03-10-2019,8.3726
118632,10-10-2019,8.4439
118632,17-10-2019,8.3353
118632,24-10-2019,8.3381
118632,31-10-2019,8.3597
118632,07-11-2019,8.3429
118632,14-11-2019,8.2226
118632,21-11-2019,8.2045
118632,28-11-2019,8.1863
118632,05-12-2019,8.1799
118632,12-12-2019,8.1463
118632,19-12-2019,8.1207
118632,26-12-2019,8.1213
118632,02-01-2020,8.1533
118632,09-01-2020,8.1367
118632,16-01-2020,8.1133
118632,23-01-2020,8.1226
118632,30-01-2020,8.001
118632,06-02-2020,8.0347
118632,13-02-2020,8.0379
118632,20-02-2020,8.0437
118632,27-02-2020,8.1087
118632,05-03-2020,7.9853
118632,12-03-2020,7.8624
118632,19-03-2020,7.8827
118632,26-03-2020,7.8854
118632,02-04-2020,7.8993
118632,09-04-2020,7.8733
118632,16-04-2020,7.9183
118632,23-04-2020,7.9805
118632,30-04-2020,8.0146
118632,07-05-2020,8.0011
118632,14-05-2020,7.8694
118632,21-05-2020,7.921
118632,28-05-2020,8.0016
118632,04-06-2020,8.046
118632,11-06-2020,7.9926
118632,18-06-2020,8.0389
118632,25-06-2020,8.0974
118632,02-07-2020,8.2017
118632,09-07-2020,8.1475
118632,16-07-2020,8.136
118632,23-07-2020,8.1879
118632,30-07-2020,8.1949
118632,06-08-2020,8.1249
118632,13-08-2020,8.1551
118632,20-08-2020,8.1961
118632,27-08-2020,8.2052
118632,03-09-2020,8.2229
118632,10-09-2020,8.2091
118632,17-09-2020,8.3095
118632,24-09-2020,8.253
118632,01-10-2020,8.2175
118632,08-10-2020,8.2215
118632,15-10-2020,8.2826
118632,22-10-2020,8.1867
118632,29-10-2020,8.1041
118632,05-11-2020,7.9753
118632,12-11-2020,7.9806
118632,19-11-2020,7.9123
118632,26-11-2020,7.8912
118632,03-12-2020,7.9361
118632,10-12-2020,7.8985
118632,17-12-2020,7.9163
118632,24-12-2020,7.9005
118632,31-12-2020,7.9461
118632,07-01-2021,7.9795
118632,14-01-2021,7.9385
118632,21-01-2021,7.931
118632,28-01-2021,8.0004
118632,04-02-2021,8.0288
118632,11-02-2021,7.9423
118632,18-02-2021,7.9871
118632,25-02-2021,7.921
118632,04-03-2021,8.0137
118632,11-03-2021,8.0825
118632,18-03-2021,8.1045
118632,25-03-2021,8.1179
118632,01-04-2021,8.1076
118632,08-04-2021,8.1549
118632,15-04-2021,8.1339
118632,22-04-2021,8.1525
118632,29-04-2021,8.2127
118632,06-05-2021,8.179
118632,13-05-2021,8.142
118632,20-05-2021,8.0674
118632,27-05-2021,8.002
118632,03-06-2021,7.8881
118632,10-06-2021,7.9373
118632,17-06-2021,8.0554
118632,24-06-2021,8.1504
118632,01-07-2021,8.0477
118632,08-07-2021,8.0976
118632,15-07-2021,8.1929
118632,22-07-2021,8.1663
118632,29-07-2021,8.1762
118632,05-08-2021,8.0481
118632,12-08-2021,8.0685
118632,19-08-2021,8.0031
118632,26-08-2021,8.019
118632,02-09-2021,7.9221
118632,09-09-2021,7.9597
118632,16-09-2021,8.0281
118632,23-09-2021,7.981
118632,30-09-2021,7.9116
118632,07-10-2021,7.7783
118632,14-10-2021,7.7648
118632,21-10-2021,7.7318
118632,28-10-2021,7.639
118632,04-11-2021,7.6697
118632,11-11-2021,7.6452
118632,18-11-2021,7.5824
118632,25-11-2021,7.5518
118632,02-12-2021,7.6196
118632,09-12-2021,7.6594
118632,16-12-2021,7.6545
118632,23-12-2021,7.6955
118632,30-12-2021,7.6271
118632,06-01-2022,7.6321
118632,13-01-2022,7.6441
118632,20-01-2022,7.6185
118632,27-01-2022,7.648
118632,03-02-2022,7.6034
118632,10-02-2022,7.6374
118632,17-02-2022,7.6742
118632,24-02-2022,7.4982
118632,03-03-2022,7.5726
118632,10-03-2022,7.391
118632,17-03-2022,7.3575
118632,24-03-2022,7.4208
118632,31-03-2022,7.4049
118632,07-04-2022,7.321
118632,14-04-2022,7.2599
118632,21-04-2022,7.3224
118632,28-04-2022,7.2128
118632,05-05-2022,7.2808
118632,12-05-2022,7.2805
118632,19-05-2022,7.214
118632,26-05-2022,7.1832
118632,02-06-2022,7.1277
118632,09-06-2022,7.1799
118632,16-06-2022,7.2248
118632,23-06-2022,7.1284
118632,30-06-2022,7.1082
118632,07-07-2022,7.062
118632,14-07-2022,7.1379
118632,21-07-2022,7.0636
118632,28-07-2022,7.1571
118632,04-08-2022,7.1581
118632,11-08-2022,7.0944
118632,18-08-2022,7.0588
118632,25-08-2022,7.0163
118632,01-09-2022,6.9476
118632,08-09-2022,6.9556
118632,15-09-2022,6.8901
118632,22-09-2022,6.7727
118632,29-09-2022,6.7548
118632,06-10-2022,6.6601
118632,13-10-2022,6.6227
118632,20-10-2022,6.5772
118632,27-10-2022,6.534
118632,03-11-2022,6.6412
118632,10-11-2022,6.6468
118632,17-11-2022,6.6625
118632,24-11-2022,6.5705
118632,01-12-2022,6.5388
118632,08-12-2022,6.5526
118632,15-12-2022,6.5015
118632,22-12-2022,6.5514
118632,29-12-2022,6.491
118632,05-01-2023,6.4787
118632,12-01-2023,6.4509
118632,19-01-2023,6.462
118632,26-01-2023,6.4314
118632,02-02-2023,6.4201
118632,09-02-2023,6.4105
118632,16-02-2023,6.3754
118632,23-02-2023,6.4027
118632,02-03-2023,6.4175
118632,09-03-2023,6.4155
118632,16-03-2023,6.396
118632,23-03-2023,6.4393
118632,30-03-2023,6.4297
118632,06-04-2023,6.4165
118632,13-04-2023,6.4245
118632,20-04-2023,6.5142
118632,27-04-2023,6.447
118632,04-05-2023,6.4893
118632,11-05-2023,6.3936
118632,18-05-2023,6.4072
118632,25-05-2023,6.4905
118632,01-06-2023,6.5185
118632,08-06-2023,6.53
118632,15-06-2023,6.5033
118632,22-06-2023,6.5076
118632,29-06-2023,6.497
118632,06-07-2023,6.4588
118632,13-07-2023,6.4464
118632,20-07-2023,6.4592
118632,27-07-2023,6.4221
118632,03-08-2023,6.3833
118632,10-08-2023,6.3164
118632,17-08-2023,6.3387
118632,24-08-2023,6.3688
118632,31-08-2023,6.3832
118632,07-09-2023,6.435
118632,14-09-2023,6.4421
118632,21-09-2023,6.4649
118632,28-09-2023,6.4832
118632,05-10-2023,6.4811
118632,12-10-2023,6.4561
118632,19-10-2023,6.5731
118632,26-10-2023,6.5519
118632,02-11-2023,6.5196
118632,09-11-2023,6.5449
118632,16-11-2023,6.5607
118632,23-11-2023,6.4896
118632,30-11-2023,6.5505
118632,07-12-2023,6.5482
118632,14-12-2023,6.4926
118632,21-12-2023,6.5569
118632,28-12-2023,6.5924
118632,04-01-2024,6.5283
118632,11-01-2024,6.6237
118632,18-01-2024,6.6613
118632,25-01-2024,6.6634
118632,01-02-2024,6.7509
118632,08-02-2024,6.7622
118632,15-02-2024,6.7633
118632,22-02-2024,6.7303
118632,29-02-2024,6.7643
118632,07-03-2024,6.7928
118632,14-03-2024,6.7964
118632,21-03-2024,6.7561
118632,28-03-2024,6.7658
118632,04-04-2024,6.7648
118632,11-04-2024,6.6953
118632,18-04-2024,6.6192
118632,25-04-2024,6.6517
118632,02-05-2024,6.5159
118632,09-05-2024,6.5293
118632,16-05-2024,6.5069
118632,23-05-2024,6.5776
118632,30-05-2024,6.5543
118632,06-06-2024,6.5915
118632,13-06-2024,6.5732
118632,20-06-2024,6.5818
118632,27-06-2024,6.6232
118632,04-07-2024,6.6013
118632,11-07-2024,6.6566
118632,18-07-2024,6.6064
118632,25-07-2024,6.6246
119092,01-01-2015,10.0778
119092,08-01-2015,10.1351
119092,15-01-2015,10.2945
119092,22-01-2015,10.2357
119092,29-01-2015,10.1269
119092,05-02-2015,10.0504
119092,12-02-2015,10.1075
119092,19-02-2015,10.1518
119092,26-02-2015,10.1642
119092,05-03-2015,10.0769
119092,12-03-2015,10.1428
119092,19-03-2015,10.0475
119092,26-03-2015,10.1447
119092,02-04-2015,10.3806
119092,09-04-2015,10.4152
119092,16-04-2015,10.4679
119092,23-04-2015,10.4309
119092,30-04-2015,10.284
119092,07-05-2015,10.2385
119092,14-05-2015,10.1531
119092,21-05-2015,10.0396
119092,28-05-2015,10.182
119092,04-06-2015,10.2083
119092,11-06-2015,10.2434
119092,18-06-2015,10.2221
119092,25-06-2015,10.2121
119092,02-07-2015,10.295
119092,09-07-2015,10.2964
119092,16-07-2015,10.3442
119092,23-07-2015,10.3322
119092,30-07-2015,10.308
119092,06-08-2015,10.1961
119092,13-08-2015,10.0389
119092,20-08-2015,10.0219
119092,27-08-2015,10.0304
119092,03-09-2015,9.9312
119092,10-09-2015,9.9325
119092,17-09-2015,9.9407
119092,24-09-2015,9.7732
119092,01-10-2015,9.7056
119092,08-10-2015,9.7411
119092,15-10-2015,9.7752
119092,22-10-2015,9.6888
119092,29-10-2015,9.705
119092,05-11-2015,9.7883
119092,12-11-2015,9.853
119092,19-11-2015,9.8495
119092,26-11-2015,9.8165
119092,03-12-2015,9.771
119092,10-12-2015,9.8115
119092,17-12-2015,9.8307
119092,24-12-2015,9.8842
119092,31-12-2015,9.8986
119092,07-01-2016,9.9674
119092,14-01-2016,9.9789
119092,21-01-2016,10.0455
119092,28-01-2016,10.1195
119092,04-02-2016,10.0584
119092,11-02-2016,9.917
119092,18-02-2016,10.0434
119092,25-02-2016,10.068
119092,03-03-2016,9.934
119092,10-03-2016,9.8812
119092,17-03-2016,9.9462
119092,24-03-2016,9.9279
119092,31-03-2016,9.8912
119092,07-04-2016,10.006
119092,14-04-2016,9.9262
119092,21-04-2016,9.8668
119092,28-04-2016,9.8874
119092,05-05-2016,9.9222
119092,12-05-2016,9.9656
119092,19-05-2016,10.0422
119092,26-05-2016,10.0622
119092,02-06-2016,10.1056
119092,09-06-2016,10.0887
119092,16-06-2016,10.0978
119092,23-06-2016,10.1105
119092,30-06-2016,10.132
119092,07-07-2016,10.1986
119092,14-07-2016,10.248
119092,21-07-2016,10.2557
119092,28-07-2016,10.1935
119092,04-08-2016,10.2031
119092,11-08-2016,10.2049
119092,18-08-2016,10.2247
119092,25-08-2016,10.4093
119092,01-09-2016,10.3698
119092,08-09-2016,10.409
119092,15-09-2016,10.5021
119092,22-09-2016,10.5146
119092,29-09-2016,10.7154
119092,06-10-2016,10.6873
119092,13-10-2016,10.7193
119092,20-10-2016,10.6551
119092,27-10-2016,10.6294
119092,03-11-2016,10.6548
119092,10-11-2016,10.7312
119092,17-11-2016,10.7629
119092,24-11-2016,10.8756
119092,01-12-2016,10.8717
119092,08-12-2016,10.8472
119092,15-12-2016,11.0861
119092,22-12-2016,11.1255
119092,29-12-2016,11.066
119092,05-01-2017,11.0089
119092,12-01-2017,10.9303
119092,19-01-2017,11.0166
119092,26-01-2017,10.9889
119092,02-02-2017,11.0045
119092,09-02-2017,11.0033
119092,16-02-2017,11.0721
119092,23-02-2017,11.0015
119092,02-03-2017,10.9112
119092,09-03-2017,10.9352
119092,16-03-2017,10.9921
119092,23-03-2017,11.0257
119092,30-03-2017,10.9588
119092,06-04-2017,11.0225
119092,13-04-2017,10.9614
119092,20-04-2017,10.92
119092,27-04-2017,10.8419
119092,04-05-2017,10.9591
119092,11-05-2017,11.019
119092,18-05-2017,11.0768
119092,25-05-2017,11.1917
119092,01-06-2017,11.448
119092,08-06-2017,11.2961
119092,15-06-2017,11.2338
119092,22-06-2017,11.183
119092,29-06-2017,11.1113
119092,06-07-2017,11.02
119092,13-07-2017,10.998
119092,20-07-2017,10.8953
119092,27-07-2017,10.9289
119092,03-08-2017,10.9378
119092,10-08-2017,10.9842
119092,17-08-2017,11.0333
119092,24-08-2017,11.0909
119092,31-08-2017,11.0622
119092,07-09-2017,11.2543
119092,14-09-2017,11.2799
119092,21-09-2017,11.1164
119092,28-09-2017,11.0317
119092,05-10-2017,10.8825
119092,12-10-2017,10.8884
119092,19-10-2017,10.8821
119092,26-10-2017,10.8457
119092,02-11-2017,11.0245
119092,09-11-2017,11.0773
119092,16-11-2017,11.1461
119092,23-11-2017,11.0675
119092,30-11-2017,10.9835
119092,07-12-2017,10.9911
119092,14-12-2017,11.0107
119092,21-12-2017,10.8516
119092,28-12-2017,10.8403
119092,04-01-2018,10.8459
119092,11-01-2018,10.8315
119092,18-01-2018,10.7654
119092,25-01-2018,10.7232
119092,01-02-2018,10.7123
119092,08-02-2018,10.7244
119092,15-02-2018,10.7806
119092,22-02-2018,10.8781
119092,01-03-2018,10.8569
119092,08-03-2018,10.8216
119092,15-03-2018,10.8638
119092,22-03-2018,10.9212
119092,29-03-2018,10.8877
119092,05-04-2018,10.9609
119092,12-04-2018,11.0511
119092,19-04-2018,11.1698
119092,26-04-2018,11.3331
119092,03-05-2018,11.2591
119092,10-05-2018,11.2649
119092,17-05-2018,11.2704
119092,24-05-2018,11.2661
119092,31-05-2018,11.2121
119092,07-06-2018,11.0833
119092,14-06-2018,11.0959
119092,21-06-2018,11.0322
119092,28-06-2018,11.0442
119092,05-07-2018,10.9784
119092,12-07-2018,10.8862
119092,19-07-2018,10.911
119092,26-07-2018,10.9285
119092,02-08-2018,10.9836
119092,09-08-2018,11.18
119092,16-08-2018,11.2093
119092,23-08-2018,11.2573
119092,30-08-2018,11.1647
119092,06-09-2018,11.0543
119092,13-09-2018,11.1987
119092,20-09-2018,11.1204
119092,27-09-2018,11.032
119092,04-10-2018,11.0329
119092,11-10-2018,11.0294
119092,18-10-2018,10.9542
119092,25-10-2018,10.9318
119092,01-11-2018,11.0437
119092,08-11-2018,10.9769
119092,15-11-2018,10.8589
119092,22-11-2018,10.9452
119092,29-11-2018,10.9926
119092,06-12-2018,10.9425
119092,13-12-2018,10.8083
119092,20-12-2018,10.7483
119092,27-12-2018,10.7479
119092,03-01-2019,10.8524
119092,10-01-2019,10.7668
119092,17-01-2019,10.7638
119092,24-01-2019,10.8262
119092,31-01-2019,10.6243
119092,07-02-2019,10.7164
119092,14-02-2019,10.6193
119092,21-02-2019,10.6518
119092,28-02-2019,10.6771
119092,07-03-2019,10.774
119092,14-03-2019,10.8258
119092,21-03-2019,10.6242
119092,28-03-2019,10.5618
119092,04-04-2019,10.5777
119092,11-04-2019,10.5654
119092,18-04-2019,10.61
119092,25-04-2019,10.6812
119092,02-05-2019,10.7375
119092,09-05-2019,10.7234
119092,16-05-2019,10.5693
119092,23-05-2019,10.535
119092,30-05-2019,10.5743
119092,06-06-2019,10.4863
119092,13-06-2019,10.5435
119092,20-06-2019,10.6243
119092,27-06-2019,10.6393
119092,04-07-2019,10.3828
119092,11-07-2019,10.2808
119092,18-07-2019,10.44
119092,25-07-2019,10.3986
119092,01-08-2019,10.2377
119092,08-08-2019,10.3429
119092,15-08-2019,10.3482
119092,22-08-2019,10.4438
119092,29-08-2019,10.4711
119092,05-09-2019,10.5137
119092,12-09-2019,10.5484
119092,19-09-2019,10.6115
119092,26-09-2019,10.8091
119092,03-10-2019,10.8974
119092,10-10-2019,10.764
119092,17-10-2019,10.8068
119092,24-10-2019,10.9098
119092,31-10-2019,11.0191
119092,07-11-2019,10.9859
119092,14-11-2019,11.0927
119092,21-11-2019,11.1794
119092,28-11-2019,11.414
119092,05-12-2019,11.3501
119092,12-12-2019,11.3085
119092,19-12-2019,11.2854
119092,26-12-2019,11.2456
119092,02-01-2020,11.17
119092,09-01-2020,10.9276
119092,16-01-2020,10.894
119092,23-01-2020,10.9306
119092,30-01-2020,10.8918
119092,06-02-2020,11.0648
119092,13-02-2020,11.0704
119092,20-02-2020,11.1892
119092,27-02-2020,11.217
119092,05-03-2020,11.2957
119092,12-03-2020,11.3254
119092,19-03-2020,11.454
119092,26-03-2020,11.4637
119092,02-04-2020,11.5138
119092,09-04-2020,11.5521
119092,16-04-2020,11.5301
119092,23-04-2020,11.5721
119092,30-04-2020,11.7836
119092,07-05-2020,11.7628
119092,14-05-2020,11.807
119092,21-05-2020,11.9305
119092,28-05-2020,12.0441
119092,04-06-2020,12.05
119092,11-06-2020,11.8251
119092,18-06-2020,11.8787
119092,25-06-2020,11.6725
119092,02-07-2020,11.8145
119092,09-07-2020,11.8352
119092,16-07-2020,11.9346
119092,23-07-2020,11.8532
119092,30-07-2020,11.7108
119092,06-08-2020,11.7399
119092,13-08-2020,11.7414
119092,20-08-2020,11.7
119092,27-08-2020,11.7126
119092,03-09-2020,11.9766
119092,10-09-2020,12.0613
119092,17-09-2020,12.1674
119092,24-09-2020,12.2544
119092,01-10-2020,12.4043
119092,08-10-2020,12.3904
119092,15-10-2020,12.1917
119092,22-10-2020,12.1782
119092,29-10-2020,12.2622
119092,05-11-2020,12.1719
119092,12-11-2020,12.1596
119092,19-11-2020,12.0972
119092,26-11-2020,12.2474
119092,03-12-2020,12.3257
119092,10-12-2020,12.3949
119092,17-12-2020,12.4615
119092,24-12-2020,12.4628
119092,31-12-2020,12.4875
119092,07-01-2021,12.3741
119092,14-01-2021,12.1626
119092,21-01-2021,12.182
119092,28-01-2021,12.2185
119092,04-02-2021,12.3416
119092,11-02-2021,12.5016
119092,18-02-2021,12.6637
119092,25-02-2021,12.5676
119092,04-03-2021,12.5372
119092,11-03-2021,12.5904
119092,18-03-2021,12.8505
119092,25-03-2021,13.0078
119092,01-04-2021,13.1295
119092,08-04-2021,13.094
119092,15-04-2021,13.0067
119092,22-04-2021,13.094
119092,29-04-2021,12.9839
119092,06-05-2021,12.9644
119092,13-05-2021,12.9577
119092,20-05-2021,13.128
119092,27-05-2021,13.096
119092,03-06-2021,12.8456
119092,10-06-2021,12.9026
119092,17-06-2021,12.8356
119092,24-06-2021,12.8451
119092,01-07-2021,12.8414
119092,08-07-2021,12.8184
119092,15-07-2021,12.9046
119092,22-07-2021,12.7515
119092,29-07-2021,12.7038
119092,05-08-2021,12.7784
119092,12-08-2021,12.7208
119092,19-08-2021,12.5621
119092,26-08-2021,12.6344
119092,02-09-2021,12.7529
119092,09-09-2021,12.7534
119092,16-09-2021,12.5585
119092,23-09-2021,12.6344
119092,30-09-2021,12.4717
119092,07-10-2021,12.5075
119092,14-10-2021,12.4237
119092,21-10-2021,12.3134
119092,28-10-2021,12.2748
119092,04-11-2021,12.2617
119092,11-11-2021,12.2034
119092,18-11-2021,12.2658
119092,25-11-2021,12.2269
119092,02-12-2021,12.3277
119092,09-12-2021,12.3603
119092,16-12-2021,12.2963
119092,23-12-2021,12.216
119092,30-12-2021,12.0599
119092,06-01-2022,12.0928
119092,13-01-2022,12.0633
119092,20-01-2022,11.8392
119092,27-01-2022,11.7932
119092,03-02-2022,11.7129
119092,10-02-2022,11.8653
119092,17-02-2022,11.7084
119092,24-02-2022,11.578
119092,03-03-2022,11.6855
119092,10-03-2022,11.817
119092,17-03-2022,11.7513
119092,24-03-2022,11.6966
119092,31-03-2022,11.7589
119092,07-04-2022,11.5447
119092,14-04-2022,11.3774
119092,21-04-2022,11.3564
119092,28-04-2022,11.5018
119092,05-05-2022,11.4663
119092,12-05-2022,11.4801
119092,19-05-2022,11.5889
119092,26-05-2022,11.7888
119092,02-06-2022,11.7391
119092,09-06-2022,11.7422
119092,16-06-2022,11.9181
119092,23-06-2022,11.7777
119092,30-06-2022,11.8793
119092,07-07-2022,11.7872
119092,14-07-2022,11.8016
119092,21-07-2022,11.7834
119092,28-07-2022,11.6978
119092,04-08-2022,11.6105
119092,11-08-2022,11.6408
119092,18-08-2022,11.7382
119092,25-08-2022,11.7307
119092,01-09-2022,11.742
119092,08-09-2022,11.8003
119092,15-09-2022,11.7133
119092,22-09-2022,11.7873
119092,29-09-2022,11.8693
119092,06-10-2022,12.1213
119092,13-10-2022,12.0897
119092,20-10-2022,12.0502
119092,27-10-2022,12.1291
119092,03-11-2022,12.2135
119092,10-11-2022,12.1661
119092,17-11-2022,12.1317
119092,24-11-2022,12.1891
119092,01-12-2022,12.1133
119092,08-12-2022,12.0783
119092,15-12-2022,12.0918
119092,22-12-2022,12.193
119092,29-12-2022,12.1389
119092,05-01-2023,11.9648
119092,12-01-2023,11.7862
119092,19-01-2023,11.6721
119092,26-01-2023,11.5542
119092,02-02-2023,11.5445
119092,09-02-2023,11.4393
119092,16-02-2023,11.3796
119092,23-02-2023,11.3137
119092,02-03-2023,11.2783
119092,09-03-2023,11.4022
119092,16-03-2023,11.4671
119092,23-03-2023,11.4732
119092,30-03-2023,11.4354
119092,06-04-2023,11.4004
119092,13-04-2023,11.4348
119092,20-04-2023,11.4928
119092,27-04-2023,11.414
119092,04-05-2023,11.4219
119092,11-05-2023,11.2408
119092,18-05-2023,11.2644
119092,25-05-2023,11.3375
119092,01-06-2023,11.3167
119092,08-06-2023,11.4857
119092,15-06-2023,11.4093
119092,22-06-2023,11.4337
119092,29-06-2023,11.435
119092,06-07-2023,11.4304
119092,13-07-2023,11.4245
119092,20-07-2023,11.4389
119092,27-07-2023,11.521
119092,03-08-2023,11.6526
119092,10-08-2023,11.6571
119092,17-08-2023,11.7378
119092,24-08-2023,11.6766
119092,31-08-2023,11.7528
119092,07-09-2023,11.6858
119092,14-09-2023,11.7925
119092,21-09-2023,12.0058
119092,28-09-2023,11.9988
119092,05-10-2023,11.7932
119092,12-10-2023,11.7462
119092,19-10-2023,11.8666
119092,26-10-2023,11.9239
119092,02-11-2023,11.9524
119092,09-11-2023,12.0536
119092,16-11-2023,12.1052
119092,23-11-2023,12.2279
119092,30-11-2023,12.3228
119092,07-12-2023,12.4777
119092,14-12-2023,12.5185
119092,21-12-2023,12.6142
119092,28-12-2023,12.5882
119092,04-01-2024,12.5327
119092,11-01-2024,12.7088
119092,18-01-2024,12.7359
119092,25-01-2024,12.823
119092,01-02-2024,12.8408
119092,08-02-2024,12.7857
119092,15-02-2024,12.7919
119092,22-02-2024,12.944
119092,29-02-2024,13.0067
119092,07-03-2024,12.8338
119092,14-03-2024,12.8168
119092,21-03-2024,13.0047
119092,28-03-2024,12.9877
119092,04-04-2024,12.8058
119092,11-04-2024,13.0049
119092,18-04-2024,13.0811
119092,25-04-2024,13.079
119092,02-05-2024,13.0453
119092,09-05-2024,13.1635
119092,16-05-2024,13.1117
119092,23-05-2024,13.2374
119092,30-05-2024,13.3001
119092,06-06-2024,13.3315
119092,13-06-2024,13.3523
119092,20-06-2024,13.339
119092,27-06-2024,13.4559
119092,04-07-2024,13.3681
119092,11-07-2024,13.2
119092,18-07-2024,13.2702
119092,25-07-2024,13.3425
120841,01-01-2015,10.0424
120841,08-01-2015,10.0792
120841,15-01-2015,10.0574
120841,22-01-2015,10.1248
120841,29-01-2015,10.1251
120841,05-02-2015,10.0897
120841,12-02-2015,10.0686
120841,19-02-2015,10.2354
120841,26-02-2015,10.0974
120841,05-03-2015,10.1418
120841,12-03-2015,10.0096
120841,19-03-2015,10.005
120841,26-03-2015,9.9743
120841,02-04-2015,9.8119
120841,09-04-2015,9.8463
120841,16-04-2015,9.8203
120841,23-04-2015,9.6593
120841,30-04-2015,9.7281
120841,07-05-2015,9.8437
120841,14-05-2015,9.9649
120841,21-05-2015,9.9975
120841,28-05-2015,10.0052
120841,04-06-2015,10.1155
120841,11-06-2015,10.2557
120841,18-06-2015,10.3528
120841,25-06-2015,10.279
120841,02-07-2015,10.2997
120841,09-07-2015,10.34
120841,16-07-2015,10.1944
120841,23-07-2015,10.2368
120841,30-07-2015,10.427
120841,06-08-2015,10.4846
120841,13-08-2015,10.6124
120841,20-08-2015,10.6321
120841,27-08-2015,10.6302
120841,03-09-2015,10.6668
120841,10-09-2015,10.6015
120841,17-09-2015,10.524
120841,24-09-2015,10.6348
120841,01-10-2015,10.7558
120841,08-10-2015,10.6749
120841,15-10-2015,10.7618
120841,22-10-2015,10.7586
120841,29-10-2015,10.7922
120841,05-11-2015,10.8362
120841,12-11-2015,10.9267
120841,19-11-2015,10.9383
120841,26-11-2015,11.0661
120841,03-12-2015,11.0979
120841,10-12-2015,11.1578
120841,17-12-2015,11.0879
120841,24-12-2015,11.2838
120841,31-12-2015,11.3307
120841,07-01-2016,11.3999
120841,14-01-2016,11.2578
120841,21-01-2016,11.1882
120841,28-01-2016,11.3035
120841,04-02-2016,11.3339
120841,11-02-2016,11.1649
120841,18-02-2016,11.2621
120841,25-02-2016,11.2176
120841,03-03-2016,11.3488
120841,10-03-2016,11.3453
120841,17-03-2016,11.3685
120841,24-03-2016,11.4802
120841,31-03-2016,11.4024
120841,07-04-2016,11.3164
120841,14-04-2016,11.3031
120841,21-04-2016,11.3825
120841,28-04-2016,11.2658
120841,05-05-2016,11.12
120841,12-05-2016,11.1977
120841,19-05-2016,11.1482
120841,26-05-2016,11.1177
120841,02-06-2016,10.957
120841,09-06-2016,10.9018
120841,16-06-2016,10.9055
120841,23-06-2016,10.9911
120841,30-06-2016,10.9276
120841,07-07-2016,11.0769
120841,14-07-2016,11.0207
120841,21-07-2016,10.9649
120841,28-07-2016,11.1041
120841,04-08-2016,11.1273
120841,11-08-2016,11.0826
120841,18-08-2016,11.0733
120841,25-08-2016,11.1976
120841,01-09-2016,11.3334
120841,08-09-2016,11.2639
120841,15-09-2016,11.2646
120841,22-09-2016,11.2772
120841,29-09-2016,11.1927
120841,06-10-2016,11.1922
120841,13-10-2016,11.1972
120841,20-10-2016,11.3038
120841,27-10-2016,11.4175
120841,03-11-2016,11.392
120841,10-11-2016,11.3771
120841,17-11-2016,11.4421
120841,24-11-2016,11.3931
120841,01-12-2016,11.4513
120841,08-12-2016,11.4478
120841,15-12-2016,11.3636
120841,22-12-2016,11.2812
120841,29-12-2016,11.4163
120841,05-01-2017,11.4066
120841,12-01-2017,11.5608
120841,19-01-2017,11.5179
120841,26-01-2017,11.5494
120841,02-02-2017,11.7751
120841,09-02-2017,11.6802
120841,16-02-2017,11.5075
120841,23-02-2017,11.6306
120841,02-03-2017,11.5583
120841,09-03-2017,11.561
120841,16-03-2017,11.5114
120841,23-03-2017,11.5407
120841,30-03-2017,11.4576
120841,06-04-2017,11.4457
120841,13-04-2017,11.4914
120841,20-04-2017,11.4033
120841,27-04-2017,11.344
120841,04-05-2017,11.3171
120841,11-05-2017,11.1922
120841,18-05-2017,11.1589
120841,25-05-2017,11.1739
120841,01-06-2017,11.1427
120841,08-06-2017,11.123
120841,15-06-2017,11.1256
120841,22-06-2017,11.0717
120841,29-06-2017,11.1374
120841,06-07-2017,11.2698
120841,13-07-2017,11.2324
120841,20-07-2017,11.2805
120841,27-07-2017,11.2634
120841,03-08-2017,11.3008
120841,10-08-2017,11.4469
120841,17-08-2017,11.498
120841,24-08-2017,11.3395
120841,31-08-2017,11.3852
120841,07-09-2017,11.5021
120841,14-09-2017,11.4863
120841,21-09-2017,11.5824
120841,28-09-2017,11.5231
120841,05-10-2017,11.3907
120841,12-10-2017,11.4082
120841,19-10-2017,11.2524
120841,26-10-2017,11.2353
120841,02-11-2017,11.3555
120841,09-11-2017,11.1865
120841,16-11-2017,11.0765
120841,23-11-2017,10.9895
120841,30-11-2017,10.9883
120841,07-12-2017,10.9606
120841,14-12-2017,11.0876
120841,21-12-2017,11.1767
120841,28-12-2017,11.2255
120841,04-01-2018,11.243
120841,11-01-2018,11.2829
120841,18-01-2018,11.2096
120841,25-01-2018,11.291
120841,01-02-2018,11.195
120841,08-02-2018,11.2743
120841,15-02-2018,11.3858
120841,22-02-2018,11.4096
120841,01-03-2018,11.3981
120841,08-03-2018,11.4391
120841,15-03-2018,11.1818
120841,22-03-2018,11.2134
120841,29-03-2018,11.2077
120841,05-04-2018,11.2076
120841,12-04-2018,11.2754
120841,19-04-2018,11.2732
120841,26-04-2018,11.1749
120841,03-05-2018,11.1667
120841,10-05-2018,11.1772
120841,17-05-2018,11.192
120841,24-05-2018,11.2109
120841,31-05-2018,11.3086
120841,07-06-2018,11.2149
120841,14-06-2018,11.2352
120841,21-06-2018,11.3556
120841,28-06-2018,11.2026
120841,05-07-2018,11.2231
120841,12-07-2018,11.1751
120841,19-07-2018,11.1464
120841,26-07-2018,11.0702
120841,02-08-2018,11.0596
120841,09-08-2018,11.2269
120841,16-08-2018,11.1178
120841,23-08-2018,11.0183
120841,30-08-2018,10.9079
120841,06-09-2018,11.063
120841,13-09-2018,11.0265
120841,20-09-2018,11.0287
120841,27-09-2018,10.9975
120841,04-10-2018,10.9189
120841,11-10-2018,10.9027
120841,18-10-2018,11.1215
120841,25-10-2018,11.2498
120841,01-11-2018,11.1775
120841,08-11-2018,11.2399
120841,15-11-2018,11.1696
120841,22-11-2018,11.0153
120841,29-11-2018,11.1096
120841,06-12-2018,11.2171
120841,13-12-2018,11.3155
120841,20-12-2018,11.2775
120841,27-12-2018,11.2669
120841,03-01-2019,11.339
120841,10-01-2019,11.3791
120841,17-01-2019,11.3478
120841,24-01-2019,11.2054
120841,31-01-2019,11.22
120841,07-02-2019,11.3214
120841,14-02-2019,11.2174
120841,21-02-2019,11.2793
120841,28-02-2019,11.3137
120841,07-03-2019,11.3861
120841,14-03-2019,11.4701
120841,21-03-2019,11.4109
120841,28-03-2019,11.2679
120841,04-04-2019,11.2243
120841,11-04-2019,11.3086
120841,18-04-2019,11.2641
120841,25-04-2019,11.2061
120841,02-05-2019,11.0473
120841,09-05-2019,11.2066
120841,16-05-2019,11.2851
120841,23-05-2019,11.3591
120841,30-05-2019,11.4516
120841,06-06-2019,11.509
120841,13-06-2019,11.4912
120841,20-06-2019,11.4807
120841,27-06-2019,11.446
120841,04-07-2019,11.6919
120841,11-07-2019,11.7485
120841,18-07-2019,11.7096
120841,25-07-2019,11.7579
120841,01-08-2019,11.6675
120841,08-08-2019,11.8126
120841,15-08-2019,11.7549
120841,22-08-2019,11.8067
120841,29-08-2019,11.9121
120841,05-09-2019,11.9536
120841,12-09-2019,11.9674
120841,19-09-2019,11.9732
120841,26-09-2019,11.9726
120841,03-10-2019,11.9221
120841,10-10-2019,11.884
120841,17-10-2019,12.0294
120841,24-10-2019,12.0238
120841,31-10-2019,11.953
120841,07-11-2019,11.9085
120841,14-11-2019,12.018
120841,21-11-2019,12.0878
120841,28-11-2019,12.1468
120841,05-12-2019,12.1267
120841,12-12-2019,12.1871
120841,19-12-2019,12.1293
120841,26-12-2019,12.1089
120841,02-01-2020,12.2077
120841,09-01-2020,12.298
120841,16-01-2020,12.2063
120841,23-01-2020,12.1276
120841,30-01-2020,12.143
120841,06-02-2020,12.3156
120841,13-02-2020,12.1318
120841,20-02-2020,12.1636
120841,27-02-2020,12.0346
120841,05-03-2020,11.9783
120841,12-03-2020,11.9482
120841,19-03-2020,11.9128
120841,26-03-2020,11.8667
120841,02-04-2020,11.8721
120841,09-04-2020,11.826
120841,16-04-2020,11.6924
120841,23-04-2020,11.77
120841,30-04-2020,11.8456
120841,07-05-2020,11.9303
120841,14-05-2020,11.788
120841,21-05-2020,11.8209
120841,28-05-2020,11.8895
120841,04-06-2020,11.7962
120841,11-06-2020,11.8018
120841,18-06-2020,11.7955
120841,25-06-2020,11.9741
120841,02-07-2020,12.1632
120841,09-07-2020,12.0062
120841,16-07-2020,12.2505
120841,23-07-2020,12.1657
120841,30-07-2020,12.266
120841,06-08-2020,12.3662
120841,13-08-2020,12.2726
120841,20-08-2020,12.3259
120841,27-08-2020,12.3203
120841,03-09-2020,12.3798
120841,10-09-2020,12.4076
120841,17-09-2020,12.5313
120841,24-09-2020,12.5439
120841,01-10-2020,12.5321
120841,08-10-2020,12.647
120841,15-10-2020,12.7108
120841,22-10-2020,12.7903
120841,29-10-2020,12.7274
120841,05-11-2020,12.626
120841,12-11-2020,12.5737
120841,19-11-2020,12.5163
120841,26-11-2020,12.6001
120841,03-12-2020,12.7035
120841,10-12-2020,12.6928
120841,17-12-2020,12.8432
120841,24-12-2020,12.9889
120841,31-12-2020,13.0194
120841,07-01-2021,12.939
120841,14-01-2021,13.1072
120841,21-01-2021,13.1061
120841,28-01-2021,13.1246
120841,04-02-2021,13.0942
120841,11-02-2021,13.0062
120841,18-02-2021,12.8586
120841,25-02-2021,12.9288
120841,04-03-2021,12.853
120841,11-03-2021,13.1727
120841,18-03-2021,13.0635
120841,25-03-2021,12.9373
120841,01-04-2021,12.9953
120841,08-04-2021,13.1595
120841,15-04-2021,13.1716
120841,22-04-2021,13.2371
120841,29-04-2021,13.0472
120841,06-05-2021,12.9817
120841,13-05-2021,12.8754
120841,20-05-2021,12.6853
120841,27-05-2021,12.7023
120841,03-06-2021,12.4795
120841,10-06-2021,12.3524
120841,17-06-2021,12.3043
120841,24-06-2021,12.2274
120841,01-07-2021,12.2711
120841,08-07-2021,12.306
120841,15-07-2021,12.3989
120841,22-07-2021,12.4785
120841,29-07-2021,12.5974
120841,05-08-2021,12.6022
120841,12-08-2021,12.6378
120841,19-08-2021,12.6946
120841,26-08-2021,12.7141
120841,02-09-2021,12.6788
120841,09-09-2021,12.6501
120841,16-09-2021,12.5724
120841,23-09-2021,12.6199
120841,30-09-2021,12.6154
120841,07-10-2021,12.5535
120841,14-10-2021,12.492
120841,21-10-2021,12.3761
120841,28-10-2021,12.4779
120841,04-11-2021,12.4908
120841,11-11-2021,12.4096
120841,18-11-2021,12.4948
120841,25-11-2021,12.4438
120841,02-12-2021,12.3087
120841,09-12-2021,12.4142
120841,16-12-2021,12.3658
120841,23-12-2021,12.3303
120841,30-12-2021,12.3393
120841,06-01-2022,12.4571
120841,13-01-2022,12.464
120841,20-01-2022,12.3495
120841,27-01-2022,12.4081
120841,03-02-2022,12.3649
120841,10-02-2022,12.5566
120841,17-02-2022,12.5616
120841,24-02-2022,12.342
120841,03-03-2022,12.3822
120841,10-03-2022,12.5798
120841,17-03-2022,12.7434
120841,24-03-2022,12.9352
120841,31-03-2022,12.8348
120841,07-04-2022,12.9336
120841,14-04-2022,12.8641
120841,21-04-2022,12.8923
120841,28-04-2022,12.7662
120841,05-05-2022,12.7055
120841,12-05-2022,12.6418
120841,19-05-2022,12.7377
120841,26-05-2022,12.8244
120841,02-06-2022,12.858
120841,09-06-2022,12.7242
120841,16-06-2022,12.6976
120841,23-06-2022,12.6268
120841,30-06-2022,12.7197
120841,07-07-2022,12.8447
120841,14-07-2022,12.9584
120841,21-07-2022,12.8853
120841,28-07-2022,12.6081
120841,04-08-2022,12.4349
120841,11-08-2022,12.5813
120841,18-08-2022,12.5459
120841,25-08-2022,12.4756
120841,01-09-2022,12.6445
120841,08-09-2022,12.7776
120841,15-09-2022,12.7852
120841,22-09-2022,12.7603
120841,29-09-2022,12.7519
120841,06-10-2022,12.7802
120841,13-10-2022,12.9489
120841,20-10-2022,12.9978
120841,27-10-2022,13.0785
120841,03-11-2022,13.2061
120841,10-11-2022,13.0878
120841,17-11-2022,13.1721
120841,24-11-2022,13.1463
120841,01-12-2022,12.8869
120841,08-12-2022,12.6727
120841,15-12-2022,12.5745
120841,22-12-2022,12.633
120841,29-12-2022,12.6496
120841,05-01-2023,12.6733
120841,12-01-2023,12.8761
120841,19-01-2023,12.7506
120841,26-01-2023,12.7529
120841,02-02-2023,12.789
120841,09-02-2023,12.7188
120841,16-02-2023,12.7268
120841,23-02-2023,12.569
120841,02-03-2023,12.7158
120841,09-03-2023,12.6515
120841,16-03-2023,12.8622
120841,23-03-2023,12.864
120841,30-03-2023,12.9749
120841,06-04-2023,12.9746
120841,13-04-2023,12.9766
120841,20-04-2023,12.9211
120841,27-04-2023,12.9386
120841,04-05-2023,12.9767
120841,11-05-2023,12.9005
120841,18-05-2023,12.8928
120841,25-05-2023,12.835
120841,01-06-2023,13.0762
120841,08-06-2023,13.0721
120841,15-06-2023,13.2389
120841,22-06-2023,13.2235
120841,29-06-2023,13.2562
120841,06-07-2023,13.1214
120841,13-07-2023,13.0797
120841,20-07-2023,13.107
120841,27-07-2023,13.2785
120841,03-08-2023,13.3074
120841,10-08-2023,13.46
120841,17-08-2023,13.5344
120841,24-08-2023,13.716
120841,31-08-2023,13.715
120841,07-09-2023,13.9828
120841,14-09-2023,13.9341
120841,21-09-2023,13.8542
120841,28-09-2023,13.7256
120841,05-10-2023,13.9871
120841,12-10-2023,14.0844
120841,19-10-2023,14.0524
120841,26-10-2023,14.1984
120841,02-11-2023,14.2822
120841,09-11-2023,14.5125
120841,16-11-2023,14.3386
120841,23-11-2023,14.3139
120841,30-11-2023,14.2667
120841,07-12-2023,14.0471
120841,14-12-2023,14.1719
120841,21-12-2023,14.1469
120841,28-12-2023,14.2363
120841,04-01-2024,14.5108
120841,11-01-2024,14.4755
120841,18-01-2024,14.4326
120841,25-01-2024,14.452
120841,01-02-2024,14.572
120841,08-02-2024,14.5117
120841,15-02-2024,14.4443
120841,22-02-2024,14.5722
120841,29-02-2024,14.6222
120841,07-03-2024,14.3889
120841,14-03-2024,14.2536
120841,21-03-2024,14.4304
120841,28-03-2024,14.4826
120841,04-04-2024,14.4001
120841,11-04-2024,14.3862
120841,18-04-2024,14.3935
120841,25-04-2024,14.484
120841,02-05-2024,14.3324
120841,09-05-2024,14.2417
120841,16-05-2024,14.2785
120841,23-05-2024,14.2728
120841,30-05-2024,14.3438
120841,06-06-2024,14.2085
120841,13-06-2024,14.2547
120841,20-06-2024,14.3849
120841,27-06-2024,14.4467
120841,04-07-2024,14.4686
120841,11-07-2024,14.4632
120841,18-07-2024,14.3724
120841,25-07-2024,14.3699
118989,01-01-2015,10.1048
118989,08-01-2015,10.0992
118989,15-01-2015,10.0313
118989,22-01-2015,9.9959
118989,29-01-2015,10.0159
118989,05-02-2015,9.99
118989,12-02-2015,10.0328
118989,19-02-2015,10.0788
118989,26-02-2015,10.1545
118989,05-03-2015,10.2742
118989,12-03-2015,10.3601
118989,19-03-2015,10.2868
118989,26-03-2015,10.2166
118989,02-04-2015,10.2145
118989,09-04-2015,10.1817
118989,16-04-2015,10.0931
118989,23-04-2015,10.0614
118989,30-04-2015,10.0273
118989,07-05-2015,9.9774
118989,14-05-2015,9.9562
118989,21-05-2015,10.054
118989,28-05-2015,10.0741
118989,04-06-2015,10.2773
118989,11-06-2015,10.2954
118989,18-06-2015,10.2757
118989,25-06-2015,10.2801
118989,02-07-2015,10.3053
118989,09-07-2015,10.3453
118989,16-07-2015,10.5213
118989,23-07-2015,10.4544
118989,30-07-2015,10.5304
118989,06-08-2015,10.5521
118989,13-08-2015,10.4237
118989,20-08-2015,10.4922
118989,27-08-2015,10.6028
118989,03-09-2015,10.5343
118989,10-09-2015,10.5378
118989,17-09-2015,10.3965
118989,24-09-2015,10.296
118989,01-10-2015,10.3864
118989,08-10-2015,10.3518
118989,15-10-2015,10.2641
118989,22-10-2015,10.2871
118989,29-10-2015,10.2482
118989,05-11-2015,10.2137
118989,12-11-2015,10.2782
118989,19-11-2015,10.1868
118989,26-11-2015,10.1171
118989,03-12-2015,10.1336
118989,10-12-2015,10.2162
118989,17-12-2015,10.3215
118989,24-12-2015,10.2707
118989,31-12-2015,10.3519
118989,07-01-2016,10.2911
118989,14-01-2016,10.4455
118989,21-01-2016,10.355
118989,28-01-2016,10.4692
118989,04-02-2016,10.4184
118989,11-02-2016,10.5903
118989,18-02-2016,10.6447
118989,25-02-2016,10.5624
118989,03-03-2016,10.5225
118989,10-03-2016,10.5925
118989,17-03-2016,10.6859
118989,24-03-2016,10.6841
118989,31-03-2016,10.6922
118989,07-04-2016,10.7614
118989,14-04-2016,10.777
118989,21-04-2016,10.6698
118989,28-04-2016,10.6047
118989,05-05-2016,10.6289
118989,12-05-2016,10.7365
118989,19-05-2016,10.8796
118989,26-05-2016,10.9518
118989,02-06-2016,10.9813
118989,09-06-2016,11.0515
118989,16-06-2016,10.997
118989,23-06-2016,10.9879
118989,30-06-2016,10.9198
118989,07-07-2016,10.8151
118989,14-07-2016,10.8483
118989,21-07-2016,10.8687
118989,28-07-2016,10.9329
118989,04-08-2016,10.985
118989,11-08-2016,11.0107
118989,18-08-2016,11.0642
118989,25-08-2016,11.0648
118989,01-09-2016,11.1058
118989,08-09-2016,11.0457
118989,15-09-2016,11.0828
118989,22-09-2016,11.1465
118989,29-09-2016,11.0912
118989,06-10-2016,11.1003
118989,13-10-2016,11.0493
118989,20-10-2016,11.0072
118989,27-10-2016,10.9126
118989,03-11-2016,11.0274
118989,10-11-2016,11.1259
118989,17-11-2016,11.1781
118989,24-11-2016,11.359
118989,01-12-2016,11.3463
118989,08-12-2016,11.6261
118989,15-12-2016,11.6096
118989,22-12-2016,11.6379
118989,29-12-2016,11.6055
118989,05-01-2017,11.6447
118989,12-01-2017,11.7272
118989,19-01-2017,11.7212
118989,26-01-2017,11.8925
118989,02-02-2017,11.92
118989,09-02-2017,11.9506
118989,16-02-2017,11.8685
118989,23-02-2017,11.913
118989,02-03-2017,11.9049
118989,09-03-2017,11.8518
118989,16-03-2017,11.7829
118989,23-03-2017,12.0395
118989,30-03-2017,12.0189
118989,06-04-2017,11.8836
118989,13-04-2017,11.822
118989,20-04-2017,11.8218
118989,27-04-2017,11.8783
118989,04-05-2017,11.9357
118989,11-05-2017,12.0051
118989,18-05-2017,11.948
118989,25-05-2017,11.9853
118989,01-06-2017,11.9061
118989,08-06-2017,11.8519
118989,15-06-2017,11.7696
118989,22-06-2017,11.6624
118989,29-06-2017,11.7663
118989,06-07-2017,11.8359
118989,13-07-2017,11.9331
118989,20-07-2017,11.9416
118989,27-07-2017,12.0206
118989,03-08-2017,11.856
118989,10-08-2017,11.9426
118989,17-08-2017,11.9643
118989,24-08-2017,12.0291
118989,31-08-2017,12.0705
118989,07-09-2017,11.98
118989,14-09-2017,11.8413
118989,21-09-2017,11.7785
118989,28-09-2017,11.8365
118989,05-10-2017,11.9066
118989,12-10-2017,11.781
118989,19-10-2017,11.6933
118989,26-10-2017,11.6303
118989,02-11-2017,11.6017
118989,09-11-2017,11.4799
118989,16-11-2017,11.3539
118989,23-11-2017,11.2838
118989,30-11-2017,11.2961
118989,07-12-2017,11.1939
118989,14-12-2017,11.1881
118989,21-12-2017,11.2873
118989,28-12-2017,11.1742
118989,04-01-2018,11.1603
118989,11-01-2018,11.2562
118989,18-01-2018,11.223
118989,25-01-2018,11.176
118989,01-02-2018,11.2845
118989,08-02-2018,11.2614
118989,15-02-2018,11.3654
118989,22-02-2018,11.409
118989,01-03-2018,11.3822
118989,08-03-2018,11.4305
118989,15-03-2018,11.4643
118989,22-03-2018,11.5626
118989,29-03-2018,11.5165
118989,05-04-2018,11.5249
118989,12-04-2018,11.5238
118989,19-04-2018,11.5933
118989,26-04-2018,11.5029
118989,03-05-2018,11.6011
118989,10-05-2018,11.649
118989,17-05-2018,11.5309
118989,24-05-2018,11.647
118989,31-05-2018,11.8598
118989,07-06-2018,11.9596
118989,14-06-2018,12.1009
118989,21-06-2018,12.114
118989,28-06-2018,11.9578
118989,05-07-2018,11.7862
118989,12-07-2018,11.815
118989,19-07-2018,11.7638
118989,26-07-2018,11.6824
118989,02-08-2018,11.6812
118989,09-08-2018,11.7434
118989,16-08-2018,11.6116
118989,23-08-2018,11.5746
118989,30-08-2018,11.719
118989,06-09-2018,11.6229
118989,13-09-2018,11.7084
118989,20-09-2018,11.6677
118989,27-09-2018,11.7233
118989,04-10-2018,11.8309
118989,11-10-2018,11.9058
118989,18-10-2018,11.9971
118989,25-10-2018,11.8914
118989,01-11-2018,12.0021
118989,08-11-2018,11.925
118989,15-11-2018,11.9546
118989,22-11-2018,11.9841
118989,29-11-2018,12.0354
118989,06-12-2018,12.0726
118989,13-12-2018,11.9959
118989,20-12-2018,11.8712
118989,27-12-2018,11.9588
118989,03-01-2019,11.9814
118989,10-01-2019,12.0963
118989,17-01-2019,12.0968
118989,24-01-2019,11.9657
118989,31-01-2019,12.063
118989,07-02-2019,12.032
118989,14-02-2019,12.0698
118989,21-02-2019,12.0121
118989,28-02-2019,12.1749
118989,07-03-2019,12.0944
118989,14-03-2019,12.0666
118989,21-03-2019,12.0818
118989,28-03-2019,11.981
118989,04-04-2019,12.0175
118989,11-04-2019,12.1773
118989,18-04-2019,12.1344
118989,25-04-2019,12.1776
118989,02-05-2019,11.9146
118989,09-05-2019,11.9157
118989,16-05-2019,11.8906
118989,23-05-2019,11.8175
118989,30-05-2019,11.9245
118989,06-06-2019,11.8981
118989,13-06-2019,11.886
118989,20-06-2019,11.8549
118989,27-06-2019,11.6778
118989,04-07-2019,11.5767
118989,11-07-2019,11.6704
118989,18-07-2019,11.4781
118989,25-07-2019,11.4123
118989,01-08-2019,11.3804
118989,08-08-2019,11.5436
118989,15-08-2019,11.6192
118989,22-08-2019,11.5721
118989,29-08-2019,11.6975
118989,05-09-2019,11.6329
118989,12-09-2019,11.7314
118989,19-09-2019,11.6086
118989,26-09-2019,11.7129
118989,03-10-2019,11.6795
118989,10-10-2019,11.5881
118989,17-10-2019,11.5726
118989,24-10-2019,11.6029
118989,31-10-2019,11.5616
118989,07-11-2019,11.6175
118989,14-11-2019,11.568
118989,21-11-2019,11.63
118989,28-11-2019,11.6758
118989,05-12-2019,11.6748
118989,12-12-2019,11.6382
118989,19-12-2019,11.657
118989,26-12-2019,11.713
118989,02-01-2020,11.9109
118989,09-01-2020,12.0051
118989,16-01-2020,12.1037
118989,23-01-2020,12.4076
118989,30-01-2020,12.4638
118989,06-02-2020,12.5171
118989,13-02-2020,12.5926
118989,20-02-2020,12.496
118989,27-02-2020,12.4566
118989,05-03-2020,12.4111
118989,12-03-2020,12.4804
118989,19-03-2020,12.468
118989,26-03-2020,12.4868
118989,02-04-2020,12.6004
118989,09-04-2020,12.6924
118989,16-04-2020,12.6811
118989,23-04-2020,12.6182
118989,30-04-2020,12.7378
118989,07-05-2020,12.8218
118989,14-05-2020,12.6622
118989,21-05-2020,12.6355
118989,28-05-2020,12.6573
118989,04-06-2020,12.7412
118989,11-06-2020,12.8391
118989,18-06-2020,12.8734
118989,25-06-2020,12.9388
118989,02-07-2020,12.9506
118989,09-07-2020,12.886
118989,16-07-2020,12.8642
118989,23-07-2020,12.8713
118989,30-07-2020,12.8729
118989,06-08-2020,12.6839
118989,13-08-2020,12.6486
118989,20-08-2020,12.6593
118989,27-08-2020,12.6359
118989,03-09-2020,12.616
118989,10-09-2020,12.6703
118989,17-09-2020,12.566
118989,24-09-2020,12.4074
118989,01-10-2020,12.3778
118989,08-10-2020,12.4584
118989,15-10-2020,12.6316
118989,22-10-2020,12.7157
118989,29-10-2020,12.5714
118989,05-11-2020,12.553
118989,12-11-2020,12.5838
118989,19-11-2020,12.6067
118989,26-11-2020,12.6662
118989,03-12-2020,12.5783
118989,10-12-2020,12.5899
118989,17-12-2020,12.6373
118989,24-12-2020,12.7258
118989,31-12-2020,12.6489
118989,07-01-2021,12.619
118989,14-01-2021,12.3511
118989,21-01-2021,12.2946
118989,28-01-2021,12.248
118989,04-02-2021,12.1529
118989,11-02-2021,12.1739
118989,18-02-2021,12.1733
118989,25-02-2021,11.9582
118989,04-03-2021,11.9836
118989,11-03-2021,11.8994
118989,18-03-2021,11.9504
118989,25-03-2021,11.8326
118989,01-04-2021,11.8402
118989,08-04-2021,11.8181
118989,15-04-2021,11.8515
118989,22-04-2021,11.868
118989,29-04-2021,11.8486
118989,06-05-2021,11.7077
118989,13-05-2021,11.574
118989,20-05-2021,11.5246
118989,27-05-2021,11.5284
118989,03-06-2021,11.4769
118989,10-06-2021,11.5389
118989,17-06-2021,11.5178
118989,24-06-2021,11.4335
118989,01-07-2021,11.4126
118989,08-07-2021,11.4378
118989,15-07-2021,11.4721
118989,22-07-2021,11.6491
118989,29-07-2021,11.5914
118989,05-08-2021,11.5892
118989,12-08-2021,11.6334
118989,19-08-2021,11.6358
118989,26-08-2021,11.5939
118989,02-09-2021,11.4548
118989,09-09-2021,11.4126
118989,16-09-2021,11.3191
118989,23-09-2021,11.1673
118989,30-09-2021,11.1007
118989,07-10-2021,11.0121
118989,14-10-2021,11.068
118989,21-10-2021,11.1256
118989,28-10-2021,11.0496
118989,04-11-2021,11.031
118989,11-11-2021,10.8715
118989,18-11-2021,10.8328
118989,25-11-2021,10.8717
118989,02-12-2021,10.9478
118989,09-12-2021,10.8898
118989,16-12-2021,10.9857
118989,23-12-2021,10.8569
118989,30-12-2021,10.7529
118989,06-01-2022,10.8183
118989,13-01-2022,10.9672
118989,20-01-2022,11.0149
118989,27-01-2022,11.0157
118989,03-02-2022,10.8267
118989,10-02-2022,10.6559
118989,17-02-2022,10.6712
118989,24-02-2022,10.6449
118989,03-03-2022,10.5549
118989,10-03-2022,10.5647
118989,17-03-2022,10.5787
118989,24-03-2022,10.6628
118989,31-03-2022,10.6787
118989,07-04-2022,10.7879
118989,14-04-2022,10.7929
118989,21-04-2022,10.7873
118989,28-04-2022,10.8835
118989,05-05-2022,10.8026
118989,12-05-2022,11.0502
118989,19-05-2022,11.0878
118989,26-05-2022,11.126
118989,02-06-2022,11.1772
118989,09-06-2022,11.3495
118989,16-06-2022,11.426
118989,23-06-2022,11.2838
118989,30-06-2022,11.4151
118989,07-07-2022,11.3885
118989,14-07-2022,11.4028
118989,21-07-2022,11.2907
118989,28-07-2022,11.3427
118989,04-08-2022,11.2881
118989,11-08-2022,11.3017
118989,18-08-2022,11.2805
118989,25-08-2022,11.4588
118989,01-09-2022,11.6451
118989,08-09-2022,11.6541
118989,15-09-2022,11.6647
118989,22-09-2022,11.6345
118989,29-09-2022,11.7421
118989,06-10-2022,11.7159
118989,13-10-2022,11.6811
118989,20-10-2022,11.7772
118989,27-10-2022,11.7312
118989,03-11-2022,11.7324
118989,10-11-2022,11.5886
118989,17-11-2022,11.6586
118989,24-11-2022,11.8442
118989,01-12-2022,11.9173
118989,08-12-2022,12.0615
118989,15-12-2022,11.9846
118989,22-12-2022,12.0121
118989,29-12-2022,11.9263
118989,05-01-2023,11.9093
118989,12-01-2023,11.9876
118989,19-01-2023,12.0022
118989,26-01-2023,11.8714
118989,02-02-2023,11.7512
118989,09-02-2023,11.6261
118989,16-02-2023,11.6764
118989,23-02-2023,11.8739
118989,02-03-2023,12.0081
118989,09-03-2023,11.8307
118989,16-03-2023,11.97
118989,23-03-2023,12.0644
118989,30-03-2023,11.9201
118989,06-04-2023,11.896
118989,13-04-2023,12.005
118989,20-04-2023,12.0626
118989,27-04-2023,11.9411
118989,04-05-2023,12.0043
118989,11-05-2023,11.8038
118989,18-05-2023,11.7875
118989,25-05-2023,11.8995
118989,01-06-2023,11.906
118989,08-06-2023,11.8632
118989,15-06-2023,11.9524
118989,22-06-2023,12.0504
118989,29-06-2023,12.1815
118989,06-07-2023,12.2716
118989,13-07-2023,12.3826
118989,20-07-2023,12.4602
118989,27-07-2023,12.4916
118989,03-08-2023,12.5056
118989,10-08-2023,12.4868
118989,17-08-2023,12.3707
118989,24-08-2023,12.2811
118989,31-08-2023,12.2583
118989,07-09-2023,12.2869
118989,14-09-2023,12.4335
118989,21-09-2023,12.4343
118989,28-09-2023,12.5391
118989,05-10-2023,12.6524
118989,12-10-2023,12.634
118989,19-10-2023,12.6992
118989,26-10-2023,12.6795
118989,02-11-2023,12.8187
118989,09-11-2023,12.889
118989,16-11-2023,12.7714
118989,23-11-2023,12.793
118989,30-11-2023,12.9668
118989,07-12-2023,12.9532
118989,14-12-2023,13.0048
118989,21-12-2023,13.0668
118989,28-12-2023,12.9636
118989,04-01-2024,13.0218
118989,11-01-2024,12.8818
118989,18-01-2024,12.8225
118989,25-01-2024,12.9379
118989,01-02-2024,12.9801
118989,08-02-2024,12.9536
118989,15-02-2024,13.0051
118989,22-02-2024,13.004
118989,29-02-2024,13.0105
118989,07-03-2024,13.0841
118989,14-03-2024,13.0132
118989,21-03-2024,13.0226
118989,28-03-2024,12.9953
118989,04-04-2024,12.8356
118989,11-04-2024,12.7463
118989,18-04-2024,12.9113
118989,25-04-2024,12.9562
118989,02-05-2024,12.8242
118989,09-05-2024,12.6713
118989,16-05-2024,12.665
118989,23-05-2024,12.8282
118989,30-05-2024,12.8142
118989,06-06-2024,12.9533
118989,13-06-2024,12.9949
118989,20-06-2024,13.0491
118989,27-06-2024,12.9149
118989,04-07-2024,13.0169
118989,11-07-2024,12.9873
118989,18-07-2024,13.0821
118989,25-07-2024,13.0021
120594,01-01-2015,10.0182
120594,08-01-2015,10.0504
120594,15-01-2015,10.042
120594,22-01-2015,10.0785
120594,29-01-2015,10.0611
120594,05-02-2015,10.0129
120594,12-02-2015,10.1455
120594,19-02-2015,10.2347
120594,26-02-2015,10.1765
120594,05-03-2015,10.2268
120594,12-03-2015,10.1701
120594,19-03-2015,10.0778
120594,26-03-2015,10.1652
120594,02-04-2015,10.0307
120594,09-04-2015,10.1091
120594,16-04-2015,10.0927
120594,23-04-2015,10.0796
120594,30-04-2015,10.1167
120594,07-05-2015,10.1678
120594,14-05-2015,10.1047
120594,21-05-2015,10.1667
120594,28-05-2015,10.18
120594,04-06-2015,10.0818
120594,11-06-2015,10.0721
120594,18-06-2015,10.1874
120594,25-06-2015,10.3282
120594,02-07-2015,10.3916
120594,09-07-2015,10.2968
120594,16-07-2015,10.3413
120594,23-07-2015,10.4158
120594,30-07-2015,10.4805
120594,06-08-2015,10.5505
120594,13-08-2015,10.5853
120594,20-08-2015,10.5834
120594,27-08-2015,10.5362
120594,03-09-2015,10.3804
120594,10-09-2015,10.4128
120594,17-09-2015,10.4324
120594,24-09-2015,10.4831
120594,01-10-2015,10.3752
120594,08-10-2015,10.4328
120594,15-10-2015,10.6085
120594,22-10-2015,10.6194
120594,29-10-2015,10.6184
120594,05-11-2015,10.6489
120594,12-11-2015,10.8263
120594,19-11-2015,10.742
120594,26-11-2015,10.7637
120594,03-12-2015,10.6992
120594,10-12-2015,10.6566
120594,17-12-2015,10.6567
120594,24-12-2015,10.7758
120594,31-12-2015,10.9354
120594,07-01-2016,10.9789
120594,14-01-2016,10.9503
120594,21-01-2016,11.173
120594,28-01-2016,11.1393
120594,04-02-2016,11.0928
120594,11-02-2016,10.9397
120594,18-02-2016,11.0663
120594,25-02-2016,11.1564
120594,03-03-2016,11.3767
120594,10-03-2016,11.2548
120594,17-03-2016,11.3906
120594,24-03-2016,11.4015
120594,31-03-2016,11.4796
120594,07-04-2016,11.3329
120594,14-04-2016,11.4705
120594,21-04-2016,11.5473
120594,28-04-2016,11.5483
120594,05-05-2016,11.6125
120594,12-05-2016,11.5461
120594,19-05-2016,11.4971
120594,26-05-2016,11.4591
120594,02-06-2016,11.2939
120594,09-06-2016,11.3762
120594,16-06-2016,11.4892
120594,23-06-2016,11.4294
120594,30-06-2016,11.4658
120594,07-07-2016,11.446
120594,14-07-2016,11.4806
120594,21-07-2016,11.4276
120594,28-07-2016,11.3514
120594,04-08-2016,11.4515
120594,11-08-2016,11.4502
120594,18-08-2016,11.64
120594,25-08-2016,11.649
120594,01-09-2016,11.5673
120594,08-09-2016,11.6855
120594,15-09-2016,11.7492
120594,22-09-2016,11.8222
120594,29-09-2016,11.9395
120594,06-10-2016,11.8819
120594,13-10-2016,11.8746
120594,20-10-2016,11.8631
120594,27-10-2016,11.7453
120594,03-11-2016,11.7252
120594,10-11-2016,11.8553
120594,17-11-2016,11.8825
120594,24-11-2016,11.7593
120594,01-12-2016,11.6177
120594,08-12-2016,11.777
120594,15-12-2016,11.7732
120594,22-12-2016,11.717
120594,29-12-2016,11.696
120594,05-01-2017,11.5624
120594,12-01-2017,11.6987
120594,19-01-2017,11.6666
120594,26-01-2017,11.7989
120594,02-02-2017,11.8085
120594,09-02-2017,11.9482
120594,16-02-2017,11.9775
120594,23-02-2017,12.0641
120594,02-03-2017,12.1383
120594,09-03-2017,12.2037
120594,16-03-2017,12.2426
120594,23-03-2017,12.2246
120594,30-03-2017,12.4169
120594,06-04-2017,12.3317
120594,13-04-2017,12.3371
120594,20-04-2017,12.3435
120594,27-04-2017,12.3882
120594,04-05-2017,12.3506
120594,11-05-2017,12.3866
120594,18-05-2017,12.3748
120594,25-05-2017,12.2232
120594,01-06-2017,12.229
120594,08-06-2017,12.1262
120594,15-06-2017,11.9628
120594,22-06-2017,11.9807
120594,29-06-2017,12.0322
120594,06-07-2017,12.0878
120594,13-07-2017,12.1474
120594,20-07-2017,11.9645
120594,27-07-2017,11.839
120594,03-08-2017,12.0307
120594,10-08-2017,11.9347
120594,17-08-2017,11.9978
120594,24-08-2017,11.9366
120594,31-08-2017,11.949
120594,07-09-2017,11.8933
120594,14-09-2017,11.9515
120594,21-09-2017,11.9693
120594,28-09-2017,11.9312
120594,05-10-2017,11.8357
120594,12-10-2017,11.8658
120594,19-10-2017,11.7554
120594,26-10-2017,11.8003
120594,02-11-2017,12.053
120594,09-11-2017,12.188
120594,16-11-2017,12.2629
120594,23-11-2017,12.2594
120594,30-11-2017,12.0742
120594,07-12-2017,11.9513
120594,14-12-2017,12.0787
120594,21-12-2017,12.0072
120594,28-12-2017,11.9449
120594,04-01-2018,11.9338
120594,11-01-2018,11.8372
120594,18-01-2018,11.7258
120594,25-01-2018,11.7257
120594,01-02-2018,11.6468
120594,08-02-2018,11.5824
120594,15-02-2018,11.5146
120594,22-02-2018,11.5674
120594,01-03-2018,11.5505
120594,08-03-2018,11.5386
120594,15-03-2018,11.5984
120594,22-03-2018,11.5898
120594,29-03-2018,11.5687
120594,05-04-2018,11.6168
120594,12-04-2018,11.6836
120594,19-04-2018,11.6745
120594,26-04-2018,11.6867
120594,03-05-2018,11.6183
120594,10-05-2018,11.5429
120594,17-05-2018,11.6186
120594,24-05-2018,11.6646
120594,31-05-2018,11.7117
120594,07-06-2018,11.7427
120594,14-06-2018,11.7518
120594,21-06-2018,11.8219
120594,28-06-2018,11.9151
120594,05-07-2018,12.0067
120594,12-07-2018,12.0018
120594,19-07-2018,12.1398
120594,26-07-2018,12.1669
120594,02-08-2018,12.2333
120594,09-08-2018,12.2658
120594,16-08-2018,12.2949
120594,23-08-2018,12.2275
120594,30-08-2018,12.301
120594,06-09-2018,12.5859
120594,13-09-2018,12.5532
120594,20-09-2018,12.5653
120594,27-09-2018,12.5255
120594,04-10-2018,12.4816
120594,11-10-2018,12.6408
120594,18-10-2018,12.5778
120594,25-10-2018,12.5352
120594,01-11-2018,12.381
120594,08-11-2018,12.3109
120594,15-11-2018,12.1476
120594,22-11-2018,12.2138
120594,29-11-2018,12.4923
120594,06-12-2018,12.4606
120594,13-12-2018,12.2995
120594,20-12-2018,12.3929
120594,27-12-2018,12.3258
120594,03-01-2019,12.4589
120594,10-01-2019,12.4357
120594,17-01-2019,12.3779
120594,24-01-2019,12.3652
120594,31-01-2019,12.4451
120594,07-02-2019,12.4274
120594,14-02-2019,12.383
120594,21-02-2019,12.3683
120594,28-02-2019,12.2474
120594,07-03-2019,12.2912
120594,14-03-2019,12.1204
120594,21-03-2019,12.0822
120594,28-03-2019,12.1604
120594,04-04-2019,12.1948
120594,11-04-2019,12.2572
120594,18-04-2019,12.2558
120594,25-04-2019,12.3754
120594,02-05-2019,12.4719
120594,09-05-2019,12.5214
120594,16-05-2019,12.6193
120594,23-05-2019,12.7001
120594,30-05-2019,12.6605
120594,06-06-2019,12.5295
120594,13-06-2019,12.5766
120594,20-06-2019,12.6366
120594,27-06-2019,12.7519
120594,04-07-2019,12.6615
120594,11-07-2019,12.5747
120594,18-07-2019,12.626
120594,25-07-2019,12.6239
120594,01-08-2019,12.4385
120594,08-08-2019,12.4808
120594,15-08-2019,12.3008
120594,22-08-2019,12.2127
120594,29-08-2019,12.3497
120594,05-09-2019,12.5349
120594,12-09-2019,12.418
120594,19-09-2019,12.3902
120594,26-09-2019,12.3994
120594,03-10-2019,12.5811
120594,10-10-2019,12.5365
120594,17-10-2019,12.4937
120594,24-10-2019,12.6535
120594,31-10-2019,12.6206
120594,07-11-2019,12.6986
120594,14-11-2019,12.5536
120594,21-11-2019,12.5414
120594,28-11-2019,12.3799
120594,05-12-2019,12.2803
120594,12-12-2019,12.3677
120594,19-12-2019,12.3677
120594,26-12-2019,12.3411
120594,02-01-2020,12.2721
120594,09-01-2020,12.2553
120594,16-01-2020,12.2898
120594,23-01-2020,12.3913
120594,30-01-2020,12.136
120594,06-02-2020,12.0601
120594,13-02-2020,12.0803
120594,20-02-2020,12.0756
120594,27-02-2020,12.1194
120594,05-03-2020,12.1502
120594,12-03-2020,12.1254
120594,19-03-2020,12.0791
120594,26-03-2020,12.0603
120594,02-04-2020,12.1759
120594,09-04-2020,12.1095
120594,16-04-2020,12.1082
120594,23-04-2020,12.1308
120594,30-04-2020,12.2871
120594,07-05-2020,12.2625
120594,14-05-2020,12.3615
120594,21-05-2020,12.4883
120594,28-05-2020,12.4869
120594,04-06-2020,12.4708
120594,11-06-2020,12.443
120594,18-06-2020,12.4225
120594,25-06-2020,12.5124
120594,02-07-2020,12.5405
120594,09-07-2020,12.5691
120594,16-07-2020,12.461
120594,23-07-2020,12.3695
120594,30-07-2020,12.5866
120594,06-08-2020,12.5737
120594,13-08-2020,12.5008
120594,20-08-2020,12.6489
120594,27-08-2020,12.6825
120594,03-09-2020,12.7462
120594,10-09-2020,12.7373
120594,17-09-2020,12.7099
120594,24-09-2020,12.6977
120594,01-10-2020,12.5623
120594,08-10-2020,12.5585
120594,15-10-2020,12.5933
120594,22-10-2020,12.7848
120594,29-10-2020,12.7987
120594,05-11-2020,12.5648
120594,12-11-2020,12.5604
120594,19-11-2020,12.8407
120594,26-11-2020,12.9348
120594,03-12-2020,12.8561
120594,10-12-2020,12.922
120594,17-12-2020,12.8505
120594,24-12-2020,12.7164
120594,31-12-2020,12.6861
120594,07-01-2021,12.7004
120594,14-01-2021,12.5153
120594,21-01-2021,12.4053
120594,28-01-2021,12.4112
120594,04-02-2021,12.3757
120594,11-02-2021,12.4197
120594,18-02-2021,12.304
120594,25-02-2021,12.3792
120594,04-03-2021,12.2669
120594,11-03-2021,12.4331
120594,18-03-2021,12.2674
120594,25-03-2021,12.1651
120594,01-04-2021,12.2105
120594,08-04-2021,12.378
120594,15-04-2021,12.4141
120594,22-04-2021,12.475
120594,29-04-2021,12.4817
120594,06-05-2021,12.3842
120594,13-05-2021,12.3406
120594,20-05-2021,12.2259
120594,27-05-2021,12.1058
120594,03-06-2021,12.1495
120594,10-06-2021,12.0452
120594,17-06-2021,12.0808
120594,24-06-2021,11.9598
120594,01-07-2021,11.993
120594,08-07-2021,11.9509
120594,15-07-2021,12.0901
120594,22-07-2021,12.1263
120594,29-07-2021,12.251
120594,05-08-2021,12.1819
120594,12-08-2021,12.1922
120594,19-08-2021,12.1014
120594,26-08-2021,12.0662
120594,02-09-2021,12.0457
120594,09-09-2021,11.9806
120594,16-09-2021,11.8689
120594,23-09-2021,11.7394
120594,30-09-2021,11.5244
120594,07-10-2021,11.4316
120594,14-10-2021,11.4935
120594,21-10-2021,11.3512
120594,28-10-2021,11.2315
120594,04-11-2021,11.3969
120594,11-11-2021,11.3434
120594,18-11-2021,11.3771
120594,25-11-2021,11.4401
120594,02-12-2021,11.5053
120594,09-12-2021,11.3698
120594,16-12-2021,11.3533
120594,23-12-2021,11.2109
120594,30-12-2021,11.4348
120594,06-01-2022,11.2934
120594,13-01-2022,11.2033
120594,20-01-2022,11.1145
120594,27-01-2022,10.9859
120594,03-02-2022,11.1091
120594,10-02-2022,11.3289
120594,17-02-2022,11.2903
120594,24-02-2022,11.1755
120594,03-03-2022,10.98
120594,10-03-2022,10.963
120594,17-03-2022,10.9396
120594,24-03-2022,10.887
120594,31-03-2022,10.9106
120594,07-04-2022,10.9495
120594,14-04-2022,10.9822
120594,21-04-2022,10.9588
120594,28-04-2022,10.8666
120594,05-05-2022,10.9288
120594,12-05-2022,10.9343
120594,19-05-2022,11.0164
120594,26-05-2022,11.0904
120594,02-06-2022,10.9687
120594,09-06-2022,10.8472
120594,16-06-2022,10.786
120594,23-06-2022,10.6992
120594,30-06-2022,10.7681
120594,07-07-2022,10.8027
120594,14-07-2022,10.902
120594,21-07-2022,10.9409
120594,28-07-2022,10.9636
120594,04-08-2022,11.0732
120594,11-08-2022,11.1192
120594,18-08-2022,11.1297
120594,25-08-2022,11.266
120594,01-09-2022,11.2809
120594,08-09-2022,11.2579
120594,15-09-2022,11.187
120594,22-09-2022,11.2544
120594,29-09-2022,11.3702
120594,06-10-2022,11.3702
120594,13-10-2022,11.4937
120594,20-10-2022,11.3172
120594,27-10-2022,11.3167
120594,03-11-2022,11.3176
120594,10-11-2022,11.2563
120594,17-11-2022,11.4754
120594,24-11-2022,11.4739
120594,01-12-2022,11.4411
120594,08-12-2022,11.4481
120594,15-12-2022,11.2692
120594,22-12-2022,11.2052
120594,29-12-2022,11.2978
120594,05-01-2023,11.2455
120594,12-01-2023,11.1754
120594,19-01-2023,11.297
120594,26-01-2023,11.4226
120594,02-02-2023,11.4744
120594,09-02-2023,11.4373
120594,16-02-2023,11.4199
120594,23-02-2023,11.351
120594,02-03-2023,11.2652
120594,09-03-2023,11.1756
120594,16-03-2023,11.1248
120594,23-03-2023,11.0372
120594,30-03-2023,10.9035
120594,06-04-2023,10.927
120594,13-04-2023,10.9519
120594,20-04-2023,11.1053
120594,27-04-2023,11.0504
120594,04-05-2023,11.081
120594,11-05-2023,11.1131
120594,18-05-2023,11.095
120594,25-05-2023,11.1655
120594,01-06-2023,11.2392
120594,08-06-2023,11.2731
120594,15-06-2023,11.2546
120594,22-06-2023,11.2269
120594,29-06-2023,11.1086
120594,06-07-2023,11.0414
120594,13-07-2023,10.9909
120594,20-07-2023,10.8964
120594,27-07-2023,10.9391
120594,03-08-2023,11.0482
120594,10-08-2023,10.9724
120594,17-08-2023,11.0017
120594,24-08-2023,10.915
120594,31-08-2023,10.8928
120594,07-09-2023,10.837
120594,14-09-2023,10.8935
120594,21-09-2023,10.8387
120594,28-09-2023,10.9308
120594,05-10-2023,10.9136
120594,12-10-2023,10.8613
120594,19-10-2023,10.7567
120594,26-10-2023,10.7828
120594,02-11-2023,10.8644
120594,09-11-2023,10.8925
120594,16-11-2023,11.0919
120594,23-11-2023,11.2232
120594,30-11-2023,11.2001
120594,07-12-2023,11.1761
120594,14-12-2023,11.2225
120594,21-12-2023,11.1518
120594,28-12-2023,11.2603
120594,04-01-2024,11.2974
120594,11-01-2024,11.3251
120594,18-01-2024,11.3919
120594,25-01-2024,11.5534
120594,01-02-2024,11.5738
120594,08-02-2024,11.568
120594,15-02-2024,11.7123
120594,22-02-2024,11.8076
120594,29-02-2024,11.782
120594,07-03-2024,11.7872
120594,14-03-2024,11.8103
120594,21-03-2024,11.8493
120594,28-03-2024,11.7254
120594,04-04-2024,11.5854
120594,11-04-2024,11.5078
120594,18-04-2024,11.4236
120594,25-04-2024,11.3693
120594,02-05-2024,11.4316
120594,09-05-2024,11.4207
120594,16-05-2024,11.4432
120594,23-05-2024,11.3357
120594,30-05-2024,11.2984
120594,06-06-2024,11.356
120594,13-06-2024,11.4146
120594,20-06-2024,11.353
120594,27-06-2024,11.3722
120594,04-07-2024,11.5768
120594,11-07-2024,11.5798
120594,18-07-2024,11.5202
120594,25-07-2024,11.5088
119775,01-01-2015,10.0114
119775,08-01-2015,10.0033
119775,15-01-2015,10.0048
119775,22-01-2015,9.8932
119775,29-01-2015,9.821
119775,05-02-2015,9.8132
119775,12-02-2015,9.8042
119775,19-02-2015,9.7637
119775,26-02-2015,9.7537
119775,05-03-2015,9.7624
119775,12-03-2015,9.8358
119775,19-03-2015,9.8319
119775,26-03-2015,9.8672
119775,02-04-2015,9.8284
119775,09-04-2015,9.8773
119775,16-04-2015,9.911
119775,23-04-2015,9.9836
119775,30-04-2015,10.0446
119775,07-05-2015,10.0959
119775,14-05-2015,10.092
119775,21-05-2015,10.1158
119775,28-05-2015,10.2059
119775,04-06-2015,10.1567
119775,11-06-2015,10.1097
119775,18-06-2015,10.1285
119775,25-06-2015,10.1662
119775,02-07-2015,10.1032
119775,09-07-2015,10.1012
119775,16-07-2015,10.0977
119775,23-07-2015,9.9227
119775,30-07-2015,9.9093
119775,06-08-2015,9.9008
119775,13-08-2015,9.892
119775,20-08-2015,10.008
119775,27-08-2015,9.9147
119775,03-09-2015,9.8533
119775,10-09-2015,9.6513
119775,17-09-2015,9.618
119775,24-09-2015,9.5914
119775,01-10-2015,9.5561
119775,08-10-2015,9.6446
119775,15-10-2015,9.7149
119775,22-10-2015,9.7248
119775,29-10-2015,9.6999
119775,05-11-2015,9.7834
119775,12-11-2015,9.7858
119775,19-11-2015,9.7256
119775,26-11-2015,9.596
119775,03-12-2015,9.5659
119775,10-12-2015,9.6275
119775,17-12-2015,9.8067
119775,24-12-2015,9.8155
119775,31-12-2015,9.7593
119775,07-01-2016,9.6707
119775,14-01-2016,9.7172
119775,21-01-2016,9.584
119775,28-01-2016,9.63
119775,04-02-2016,9.6968
119775,11-02-2016,9.7346
119775,18-02-2016,9.7213
119775,25-02-2016,9.7692
119775,03-03-2016,9.7864
119775,10-03-2016,9.7294
119775,17-03-2016,9.8774
119775,24-03-2016,9.8535
119775,31-03-2016,9.9186
119775,07-04-2016,9.7307
119775,14-04-2016,9.8339
119775,21-04-2016,9.9534
119775,28-04-2016,9.9598
119775,05-05-2016,10.0083
119775,12-05-2016,10.057
119775,19-05-2016,10.0093
119775,26-05-2016,10.0571
119775,02-06-2016,9.9961
119775,09-06-2016,9.9514
119775,16-06-2016,10.0451
119775,23-06-2016,10.1274
119775,30-06-2016,10.0742
119775,07-07-2016,10.0192
119775,14-07-2016,9.9714
119775,21-07-2016,10.0338
119775,28-07-2016,9.9576
119775,04-08-2016,9.99
119775,11-08-2016,10.0537
119775,18-08-2016,10.0506
119775,25-08-2016,10.1358
119775,01-09-2016,10.1152
119775,08-09-2016,10.102
119775,15-09-2016,10.027
119775,22-09-2016,10.1126
119775,29-09-2016,10.0547
119775,06-10-2016,10.0868
119775,13-10-2016,10.0851
119775,20-10-2016,10.0042
119775,27-10-2016,9.9594
119775,03-11-2016,10.0736
119775,10-11-2016,10.0939
119775,17-11-2016,10.0164
119775,24-11-2016,10.0449
119775,01-12-2016,10.0372
119775,08-12-2016,10.3185
119775,15-12-2016,10.3462
119775,22-12-2016,10.3188
119775,29-12-2016,10.4402
119775,05-01-2017,10.2906
119775,12-01-2017,10.3025
119775,19-01-2017,10.471
119775,26-01-2017,10.4654
119775,02-02-2017,10.3245
119775,09-02-2017,10.2959
119775,16-02-2017,10.4199
119775,23-02-2017,10.4554
119775,02-03-2017,10.3894
119775,09-03-2017,10.3366
119775,16-03-2017,10.2945
119775,23-03-2017,10.3283
119775,30-03-2017,10.443
119775,06-04-2017,10.5351
119775,13-04-2017,10.5778
119775,20-04-2017,10.4693
119775,27-04-2017,10.3623
119775,04-05-2017,10.4106
119775,11-05-2017,10.3027
119775,18-05-2017,10.2883
119775,25-05-2017,10.3174
119775,01-06-2017,10.2276
119775,08-06-2017,10.1479
119775,15-06-2017,10.1443
119775,22-06-2017,10.1893
119775,29-06-2017,10.2799
119775,06-07-2017,10.3339
119775,13-07-2017,10.3441
119775,20-07-2017,10.2865
119775,27-07-2017,10.2025
119775,03-08-2017,10.1649
119775,10-08-2017,10.2023
119775,17-08-2017,10.2339
119775,24-08-2017,10.066
119775,31-08-2017,10.0068
119775,07-09-2017,10.1072
119775,14-09-2017,10.1177
119775,21-09-2017,10.007
119775,28-09-2017,10.1996
119775,05-10-2017,10.2013
119775,12-10-2017,10.2368
119775,19-10-2017,10.2736
119775,26-10-2017,10.2475
119775,02-11-2017,10.1919
119775,09-11-2017,10.369
119775,16-11-2017,10.4564
119775,23-11-2017,10.5293
119775,30-11-2017,10.5821
119775,07-12-2017,10.5014
119775,14-12-2017,10.6129
119775,21-12-2017,10.5456
119775,28-12-2017,10.5737
119775,04-01-2018,10.4392
119775,11-01-2018,10.273
119775,18-01-2018,10.3032
119775,25-01-2018,10.2407
119775,01-02-2018,10.0818
119775,08-02-2018,10.1294
119775,15-02-2018,10.3053
119775,22-02-2018,10.424
119775,01-03-2018,10.4067
119775,08-03-2018,10.4116
119775,15-03-2018,10.4897
119775,22-03-2018,10.588
119775,29-03-2018,10.5632
119775,05-04-2018,10.5703
119775,12-04-2018,10.5999
119775,19-04-2018,10.6511
119775,26-04-2018,10.6441
119775,03-05-2018,10.6381
119775,10-05-2018,10.7598
119775,17-05-2018,10.8682
119775,24-05-2018,10.9141
119775,31-05-2018,11.0685
119775,07-06-2018,11.0387
119775,14-06-2018,11.1865
119775,21-06-2018,11.2395
119775,28-06-2018,11.5381
119775,05-07-2018,11.4327
119775,12-07-2018,11.3742
119775,19-07-2018,11.4168
119775,26-07-2018,11.4577
119775,02-08-2018,11.641
119775,09-08-2018,11.5834
119775,16-08-2018,11.6719
119775,23-08-2018,11.7851
119775,30-08-2018,11.8563
119775,06-09-2018,11.7699
119775,13-09-2018,11.9071
119775,20-09-2018,12.029
119775,27-09-2018,12.0915
119775,04-10-2018,12.1161
119775,11-10-2018,12.1429
119775,18-10-2018,12.1401
119775,25-10-2018,12.2072
119775,01-11-2018,12.2151
119775,08-11-2018,12.1371
119775,15-11-2018,12.0401
119775,22-11-2018,11.9725
119775,29-11-2018,11.9986
119775,06-12-2018,12.0008
119775,13-12-2018,12.0262
119775,20-12-2018,12.0792
119775,27-12-2018,12.0234
119775,03-01-2019,12.1692
119775,10-01-2019,12.148
119775,17-01-2019,12.1108
119775,24-01-2019,12.1624
119775,31-01-2019,11.9885
119775,07-02-2019,11.9175
119775,14-02-2019,12.0158
119775,21-02-2019,11.8536
119775,28-02-2019,11.9643
119775,07-03-2019,12.1137
119775,14-03-2019,12.0828
119775,21-03-2019,12.1158
119775,28-03-2019,12.2291
119775,04-04-2019,12.1884
119775,11-04-2019,12.2779
119775,18-04-2019,12.2168
119775,25-04-2019,12.1751
119775,02-05-2019,12.1021
119775,09-05-2019,12.1401
119775,16-05-2019,12.2574
119775,23-05-2019,12.2443
119775,30-05-2019,12.1246
119775,06-06-2019,12.0245
119775,13-06-2019,12.0672
119775,20-06-2019,12.2501
119775,27-06-2019,12.2936
119775,04-07-2019,12.2604
119775,11-07-2019,12.3405
119775,18-07-2019,12.3218
119775,25-07-2019,12.2894
119775,01-08-2019,12.2001
119775,08-08-2019,12.3424
119775,15-08-2019,12.0967
119775,22-08-2019,12.1787
119775,29-08-2019,12.1384
119775,05-09-2019,12.1034
119775,12-09-2019,12.2721
119775,19-09-2019,12.2069
119775,26-09-2019,12.1454
119775,03-10-2019,12.1376
119775,10-10-2019,12.1826
119775,17-10-2019,12.1444
119775,24-10-2019,11.9964
119775,31-10-2019,11.9181
119775,07-11-2019,12.045
119775,14-11-2019,12.057
119775,21-11-2019,12.1054
119775,28-11-2019,12.0849
119775,05-12-2019,12.026
119775,12-12-2019,12.1922
119775,19-12-2019,12.1787
119775,26-12-2019,12.1404
119775,02-01-2020,12.2517
119775,09-01-2020,12.1858
119775,16-01-2020,12.1327
119775,23-01-2020,12.1385
119775,30-01-2020,12.1434
119775,06-02-2020,12.1735
119775,13-02-2020,12.3821
119775,20-02-2020,12.4203
119775,27-02-2020,12.189
119775,05-03-2020,12.2257
119775,12-03-2020,12.2343
119775,19-03-2020,12.2434
119775,26-03-2020,12.2724
119775,02-04-2020,12.2745
119775,09-04-2020,12.2743
119775,16-04-2020,12.3394
119775,23-04-2020,12.2908
119775,30-04-2020,12.2025
119775,07-05-2020,12.5026
119775,14-05-2020,12.436
119775,21-05-2020,12.4509
119775,28-05-2020,12.3069
119775,04-06-2020,12.3233
119775,11-06-2020,12.2363
119775,18-06-2020,12.1978
119775,25-06-2020,12.3047
119775,02-07-2020,12.3561
119775,09-07-2020,12.4172
119775,16-07-2020,12.2462
119775,23-07-2020,12.4311
119775,30-07-2020,12.3175
119775,06-08-2020,12.4731
119775,13-08-2020,12.58
119775,20-08-2020,12.6431
119775,27-08-2020,12.5617
119775,03-09-2020,12.582
119775,10-09-2020,12.5396
119775,17-09-2020,12.5475
119775,24-09-2020,12.5275
119775,01-10-2020,12.3282
119775,08-10-2020,12.4437
119775,15-10-2020,12.4406
119775,22-10-2020,12.3974
119775,29-10-2020,12.3468
119775,05-11-2020,12.3871
119775,12-11-2020,12.3035
119775,19-11-2020,12.0864
119775,26-11-2020,12.1306
119775,03-12-2020,12.1859
119775,10-12-2020,12.1713
119775,17-12-2020,12.0644
119775,24-12-2020,12.0778
119775,31-12-2020,11.9411
119775,07-01-2021,11.8478
119775,14-01-2021,11.7813
119775,21-01-2021,11.8656
119775,28-01-2021,11.8359
119775,04-02-2021,11.7983
119775,11-02-2021,11.9875
119775,18-02-2021,12.0261
119775,25-02-2021,12.0635
119775,04-03-2021,12.0326
119775,11-03-2021,11.98
119775,18-03-2021,11.7753
119775,25-03-2021,11.8713
119775,01-04-2021,11.9186
119775,08-04-2021,11.9063
119775,15-04-2021,11.898
119775,22-04-2021,11.9728
119775,29-04-2021,11.8287
119775,06-05-2021,11.7776
119775,13-05-2021,11.6752
119775,20-05-2021,11.8453
119775,27-05-2021,11.9331
119775,03-06-2021,11.7276
119775,10-06-2021,11.5902
119775,17-06-2021,11.5826
119775,24-06-2021,11.5435
119775,01-07-2021,11.4258
119775,08-07-2021,11.6081
119775,15-07-2021,11.6418
119775,22-07-2021,11.6906
119775,29-07-2021,11.6306
119775,05-08-2021,11.7025
119775,12-08-2021,11.6715
119775,19-08-2021,11.6497
119775,26-08-2021,11.7113
119775,02-09-2021,11.5634
119775,09-09-2021,11.7158
119775,16-09-2021,11.7375
119775,23-09-2021,11.8625
119775,30-09-2021,11.7652
119775,07-10-2021,11.683
119775,14-10-2021,11.5791
119775,21-10-2021,11.6069
119775,28-10-2021,11.6177
119775,04-11-2021,11.5792
119775,11-11-2021,11.4899
119775,18-11-2021,11.378
119775,25-11-2021,11.3782
119775,02-12-2021,11.3403
119775,09-12-2021,11.2827
119775,16-12-2021,11.4268
119775,23-12-2021,11.4239
119775,30-12-2021,11.5445
119775,06-01-2022,11.4999
119775,13-01-2022,11.527
119775,20-01-2022,11.5265
119775,27-01-2022,11.3746
119775,03-02-2022,11.5091
119775,10-02-2022,11.5013
119775,17-02-2022,11.5745
119775,24-02-2022,11.5095
119775,03-03-2022,11.499
119775,10-03-2022,11.4238
119775,17-03-2022,11.5413
119775,24-03-2022,11.5747
119775,31-03-2022,11.6133
119775,07-04-2022,11.7442
119775,14-04-2022,11.8575
119775,21-04-2022,11.9348
119775,28-04-2022,11.8039
119775,05-05-2022,11.7429
119775,12-05-2022,11.6533
119775,19-05-2022,11.7258
119775,26-05-2022,11.7465
119775,02-06-2022,11.6205
119775,09-06-2022,11.6076
119775,16-06-2022,11.4735
119775,23-06-2022,11.4732
119775,30-06-2022,11.3259
119775,07-07-2022,11.3783
119775,14-07-2022,11.4173
119775,21-07-2022,11.5961
119775,28-07-2022,11.6794
119775,04-08-2022,11.6446
119775,11-08-2022,11.7254
119775,18-08-2022,11.599
119775,25-08-2022,11.5143
119775,01-09-2022,11.5496
119775,08-09-2022,11.3548
119775,15-09-2022,11.356
119775,22-09-2022,11.2678
119775,29-09-2022,11.2815
119775,06-10-2022,11.1887
119775,13-10-2022,11.2312
119775,20-10-2022,11.2374
119775,27-10-2022,11.3678
119775,03-11-2022,11.373
119775,10-11-2022,11.3076
119775,17-11-2022,11.2898
119775,24-11-2022,11.1729
119775,01-12-2022,11.2136
119775,08-12-2022,11.271
119775,15-12-2022,11.4982
119775,22-12-2022,11.4456
119775,29-12-2022,11.4257
119775,05-01-2023,11.3776
119775,12-01-2023,11.4015
119775,19-01-2023,11.4408
119775,26-01-2023,11.4405
119775,02-02-2023,11.5445
119775,09-02-2023,11.4922
119775,16-02-2023,11.5874
119775,23-02-2023,11.642
119775,02-03-2023,11.6455
119775,09-03-2023,11.6208
119775,16-03-2023,11.8511
119775,23-03-2023,11.7784
119775,30-03-2023,11.8111
119775,06-04-2023,11.745
119775,13-04-2023,11.9174
119775,20-04-2023,12.0068
119775,27-04-2023,11.9464
119775,04-05-2023,12.0002
119775,11-05-2023,12.0297
119775,18-05-2023,11.9848
119775,25-05-2023,12.0623
119775,01-06-2023,12.1047
119775,08-06-2023,12.1304
119775,15-06-2023,12.1312
119775,22-06-2023,12.1779
119775,29-06-2023,12.2051
119775,06-07-2023,12.2158
119775,13-07-2023,12.158
119775,20-07-2023,12.3276
119775,27-07-2023,12.2289
119775,03-08-2023,12.2757
119775,10-08-2023,12.2491
119775,17-08-2023,12.4265
119775,24-08-2023,12.3416
119775,31-08-2023,12.274
119775,07-09-2023,12.1836
119775,14-09-2023,12.22
119775,21-09-2023,12.0907
119775,28-09-2023,12.0492
119775,05-10-2023,11.8466
119775,12-10-2023,11.8741
119775,19-10-2023,11.8313
119775,26-10-2023,11.6952
119775,02-11-2023,11.8015
119775,09-11-2023,11.6827
119775,16-11-2023,11.7619
119775,23-11-2023,11.7006
119775,30-11-2023,11.8552
119775,07-12-2023,11.9311
119775,14-12-2023,11.8396
119775,21-12-2023,11.7575
119775,28-12-2023,11.8192
119775,04-01-2024,11.7991
119775,11-01-2024,11.7878
119775,18-01-2024,11.9125
119775,25-01-2024,11.8459
119775,01-02-2024,11.8593
119775,08-02-2024,11.9546
119775,15-02-2024,12.0368
119775,22-02-2024,12.0262
119775,29-02-2024,12.0032
119775,07-03-2024,11.8411
119775,14-03-2024,11.7457
119775,21-03-2024,11.7804
119775,28-03-2024,11.7721
119775,04-04-2024,11.7838
119775,11-04-2024,11.8865
119775,18-04-2024,11.7784
119775,25-04-2024,11.7608
119775,02-05-2024,11.7833
119775,09-05-2024,11.7216
119775,16-05-2024,11.8606
119775,23-05-2024,11.9515
119775,30-05-2024,11.984
119775,06-06-2024,12.1608
119775,13-06-2024,12.0199
119775,20-06-2024,12.0239
119775,27-06-2024,12.064
119775,04-07-2024,11.9806
119775,11-07-2024,12.0142
119775,18-07-2024,11.9126
119775,25-07-2024,11.9832
118825,01-01-2015,10.0886
118825,08-01-2015,10.1146
118825,15-01-2015,9.9688
118825,22-01-2015,9.8957
118825,29-01-2015,9.9443
118825,05-02-2015,9.95
118825,12-02-2015,9.7395
118825,19-02-2015,9.8402
118825,26-02-2015,9.8549
118825,05-03-2015,9.7943
118825,12-03-2015,9.8762
118825,19-03-2015,9.8266
118825,26-03-2015,9.7764
118825,02-04-2015,9.8084
118825,09-04-2015,9.952
118825,16-04-2015,10.0853
118825,23-04-2015,10.1183
118825,30-04-2015,10.1598
118825,07-05-2015,10.2282
118825,14-05-2015,10.1294
118825,21-05-2015,10.1857
118825,28-05-2015,10.1299
118825,04-06-2015,10.1598
118825,11-06-2015,10.1454
118825,18-06-2015,10.1901
118825,25-06-2015,10.2038
118825,02-07-2015,9.9571
118825,09-07-2015,9.9753
118825,16-07-2015,10.0305
118825,23-07-2015,10.0703
118825,30-07-2015,10.0661
118825,06-08-2015,10.2023
118825,13-08-2015,10.2318
118825,20-08-2015,10.2718
118825,27-08-2015,10.3617
118825,03-09-2015,10.3959
118825,10-09-2015,10.3254
118825,17-09-2015,10.1281
118825,24-09-2015,10.0935
118825,01-10-2015,10.159
118825,08-10-2015,10.1343
118825,15-10-2015,10.2033
118825,22-10-2015,10.2196
118825,29-10-2015,10.329
118825,05-11-2015,10.3087
118825,12-11-2015,10.3514
118825,19-11-2015,10.3974
118825,26-11-2015,10.5265
118825,03-12-2015,10.387
118825,10-12-2015,10.353
118825,17-12-2015,10.4275
118825,24-12-2015,10.5606
118825,31-12-2015,10.5851
118825,07-01-2016,10.5645
118825,14-01-2016,10.6327
118825,21-01-2016,10.7109
118825,28-01-2016,10.6844
118825,04-02-2016,10.7169
118825,11-02-2016,10.8224
118825,18-02-2016,10.9904
118825,25-02-2016,11.0601
118825,03-03-2016,11.0684
118825,10-03-2016,11.068
118825,17-03-2016,11.1218
118825,24-03-2016,11.116
118825,31-03-2016,11.1373
118825,07-04-2016,11.0475
118825,14-04-2016,11.1665
118825,21-04-2016,11.0691
118825,28-04-2016,11.0353
118825,05-05-2016,11.0483
118825,12-05-2016,11.2287
118825,19-05-2016,11.1953
118825,26-05-2016,11.1401
118825,02-06-2016,11.0954
118825,09-06-2016,11.2471
118825,16-06-2016,10.9986
118825,23-06-2016,10.9148
118825,30-06-2016,11.1576
118825,07-07-2016,11.2148
118825,14-07-2016,11.1201
118825,21-07-2016,11.1208
118825,28-07-2016,11.1312
118825,04-08-2016,11.211
118825,11-08-2016,11.3805
118825,18-08-2016,11.4204
118825,25-08-2016,11.3757
118825,01-09-2016,11.4519
118825,08-09-2016,11.3925
118825,15-09-2016,11.3029
118825,22-09-2016,11.1482
118825,29-09-2016,11.0131
118825,06-10-2016,10.9385
118825,13-10-2016,10.8398
118825,20-10-2016,10.8713
118825,27-10-2016,10.7714
118825,03-11-2016,10.5048
118825,10-11-2016,10.4213
118825,17-11-2016,10.3861
118825,24-11-2016,10.34
118825,01-12-2016,10.4698
118825,08-12-2016,10.4226
118825,15-12-2016,10.5002
118825,22-12-2016,10.5028
118825,29-12-2016,10.5035
118825,05-01-2017,10.4375
118825,12-01-2017,10.4367
118825,19-01-2017,10.377
118825,26-01-2017,10.3953
118825,02-02-2017,10.3798
118825,09-02-2017,10.3055
118825,16-02-2017,10.3914
118825,23-02-2017,10.431
118825,02-03-2017,10.3978
118825,09-03-2017,10.4141
118825,16-03-2017,10.4113
118825,23-03-2017,10.3432
118825,30-03-2017,10.3531
118825,06-04-2017,10.3059
118825,13-04-2017,10.2321
118825,20-04-2017,10.1033
118825,27-04-2017,10.0784
118825,04-05-2017,10.1281
118825,11-05-2017,10.0759
118825,18-05-2017,10.2831
118825,25-05-2017,10.3601
118825,01-06-2017,10.4723
118825,08-06-2017,10.5431
118825,15-06-2017,10.7036
118825,22-06-2017,10.6405
118825,29-06-2017,10.4268
118825,06-07-2017,10.3938
118825,13-07-2017,10.4443
118825,20-07-2017,10.4612
118825,27-07-2017,10.4884
118825,03-08-2017,10.6034
118825,10-08-2017,10.6401
118825,17-08-2017,10.7124
118825,24-08-2017,10.6361
118825,31-08-2017,10.5472
118825,07-09-2017,10.6876
118825,14-09-2017,10.7005
118825,21-09-2017,10.6514
118825,28-09-2017,10.6027
118825,05-10-2017,10.5519
118825,12-10-2017,10.4963
118825,19-10-2017,10.3927
118825,26-10-2017,10.2721
118825,02-11-2017,10.2602
118825,09-11-2017,10.2157
118825,16-11-2017,10.3102
118825,23-11-2017,10.3385
118825,30-11-2017,10.3646
118825,07-12-2017,10.3071
118825,14-12-2017,10.3013
118825,21-12-2017,10.3352
118825,28-12-2017,10.3985
118825,04-01-2018,10.3948
118825,11-01-2018,10.4887
118825,18-01-2018,10.4936
118825,25-01-2018,10.5644
118825,01-02-2018,10.5272
118825,08-02-2018,10.3788
118825,15-02-2018,10.4052
118825,22-02-2018,10.4697
118825,01-03-2018,10.5221
118825,08-03-2018,10.5619
118825,15-03-2018,10.5366
118825,22-03-2018,10.4728
118825,29-03-2018,10.5232
118825,05-04-2018,10.5634
118825,12-04-2018,10.5202
118825,19-04-2018,10.6178
118825,26-04-2018,10.547
118825,03-05-2018,10.502
118825,10-05-2018,10.6437
118825,17-05-2018,10.7219
118825,24-05-2018,10.6955
118825,31-05-2018,10.7244
118825,07-06-2018,10.7419
118825,14-06-2018,10.5103
118825,21-06-2018,10.4383
118825,28-06-2018,10.4382
118825,05-07-2018,10.4126
118825,12-07-2018,10.4373
118825,19-07-2018,10.5358
118825,26-07-2018,10.5129
118825,02-08-2018,10.4282
118825,09-08-2018,10.4595
118825,16-08-2018,10.4363
118825,23-08-2018,10.4275
118825,30-08-2018,10.4073
118825,06-09-2018,10.5981
118825,13-09-2018,10.4124
118825,20-09-2018,10.3842
118825,27-09-2018,10.388
118825,04-10-2018,10.3273
118825,11-10-2018,10.4057
118825,18-10-2018,10.4776
118825,25-10-2018,10.4778
118825,01-11-2018,10.4593
118825,08-11-2018,10.4541
118825,15-11-2018,10.4495
118825,22-11-2018,10.4472
118825,29-11-2018,10.4356
118825,06-12-2018,10.4609
118825,13-12-2018,10.5281
118825,20-12-2018,10.4287
118825,27-12-2018,10.3452
118825,03-01-2019,10.2046
118825,10-01-2019,10.2794
118825,17-01-2019,10.3041
118825,24-01-2019,10.3499
118825,31-01-2019,10.2357
118825,07-02-2019,10.3859
118825,14-02-2019,10.3395
118825,21-02-2019,10.3576
118825,28-02-2019,10.4325
118825,07-03-2019,10.3543
118825,14-03-2019,10.3132
118825,21-03-2019,10.3321
118825,28-03-2019,10.5724
118825,04-04-2019,10.6021
118825,11-04-2019,10.7426
118825,18-04-2019,10.8505
118825,25-04-2019,10.8868
118825,02-05-2019,10.805
118825,09-05-2019,10.9009
118825,16-05-2019,10.7746
118825,23-05-2019,10.9169
118825,30-05-2019,10.9388
118825,06-06-2019,10.7112
118825,13-06-2019,10.6863
118825,20-06-2019,10.7465
118825,27-06-2019,10.7304
118825,04-07-2019,10.7961
118825,11-07-2019,10.727
118825,18-07-2019,10.6192
118825,25-07-2019,10.6174
118825,01-08-2019,10.6243
118825,08-08-2019,10.599
118825,15-08-2019,10.7073
118825,22-08-2019,10.6387
118825,29-08-2019,10.6696
118825,05-09-2019,10.6797
118825,12-09-2019,10.551
118825,19-09-2019,10.4439
118825,26-09-2019,10.449
118825,03-10-2019,10.6188
118825,10-10-2019,10.6723
118825,17-10-2019,10.5292
118825,24-10-2019,10.2714
118825,31-10-2019,10.3358
118825,07-11-2019,10.3319
118825,14-11-2019,10.4304
118825,21-11-2019,10.3611
118825,28-11-2019,10.3943
118825,05-12-2019,10.4688
118825,12-12-2019,10.4355
118825,19-12-2019,10.4041
118825,26-12-2019,10.4104
118825,02-01-2020,10.4597
118825,09-01-2020,10.4627
118825,16-01-2020,10.5484
118825,23-01-2020,10.5137
118825,30-01-2020,10.4061
118825,06-02-2020,10.5749
118825,13-02-2020,10.528
118825,20-02-2020,10.4843
118825,27-02-2020,10.483
118825,05-03-2020,10.4928
118825,12-03-2020,10.4645
118825,19-03-2020,10.4673
118825,26-03-2020,10.4681
118825,02-04-2020,10.4869
118825,09-04-2020,10.2934
118825,16-04-2020,10.4524
118825,23-04-2020,10.4442
118825,30-04-2020,10.4969
118825,07-05-2020,10.3854
118825,14-05-2020,10.3504
118825,21-05-2020,10.2989
118825,28-05-2020,10.4241
118825,04-06-2020,10.3794
118825,11-06-2020,10.4465
118825,18-06-2020,10.3963
118825,25-06-2020,10.3628
118825,02-07-2020,10.3466
118825,09-07-2020,10.457
118825,16-07-2020,10.3031
118825,23-07-2020,10.1988
118825,30-07-2020,10.044
118825,06-08-2020,9.9606
118825,13-08-2020,9.8999
118825,20-08-2020,9.776
118825,27-08-2020,9.7225
118825,03-09-2020,9.5697
118825,10-09-2020,9.4956
118825,17-09-2020,9.5906
118825,24-09-2020,9.6254
118825,01-10-2020,9.6437
118825,08-10-2020,9.5702
118825,15-10-2020,9.4564
118825,22-10-2020,9.374
118825,29-10-2020,9.3745
118825,05-11-2020,9.4434
118825,12-11-2020,9.5153
118825,19-11-2020,9.5671
118825,26-11-2020,9.5145
118825,03-12-2020,9.5202
118825,10-12-2020,9.4995
118825,17-12-2020,9.488
118825,24-12-2020,9.6464
118825,31-12-2020,9.5143
118825,07-01-2021,9.5003
118825,14-01-2021,9.5962
118825,21-01-2021,9.4875
118825,28-01-2021,9.4424
118825,04-02-2021,9.4062
118825,11-02-2021,9.3932
118825,18-02-2021,9.277
118825,25-02-2021,9.3249
118825,04-03-2021,9.3783
118825,11-03-2021,9.4202
118825,18-03-2021,9.3584
118825,25-03-2021,9.3686
118825,01-04-2021,9.305
118825,08-04-2021,9.2839
118825,15-04-2021,9.4476
118825,22-04-2021,9.4586
118825,29-04-2021,9.3725
118825,06-05-2021,9.3898
118825,13-05-2021,9.292
118825,20-05-2021,9.2066
118825,27-05-2021,9.1336
118825,03-06-2021,9.1048
118825,10-06-2021,9.1767
118825,17-06-2021,9.2228
118825,24-06-2021,9.2651
118825,01-07-2021,9.1873
118825,08-07-2021,9.1512
118825,15-07-2021,9.1748
118825,22-07-2021,9.1323
118825,29-07-2021,9.1157
118825,05-08-2021,9.1515
118825,12-08-2021,9.1296
118825,19-08-2021,9.1498
118825,26-08-2021,9.27
118825,02-09-2021,9.261
118825,09-09-2021,9.3521
118825,16-09-2021,9.3977
118825,23-09-2021,9.2911
118825,30-09-2021,9.2129
118825,07-10-2021,9.1551
118825,14-10-2021,9.0962
118825,21-10-2021,9.0933
118825,28-10-2021,9.1416
118825,04-11-2021,9.2371
118825,11-11-2021,9.2635
118825,18-11-2021,9.2342
118825,25-11-2021,9.0841
118825,02-12-2021,9.0928
118825,09-12-2021,9.0984
118825,16-12-2021,9.1153
118825,23-12-2021,9.2726
118825,30-12-2021,9.3683
118825,06-01-2022,9.4309
118825,13-01-2022,9.3621
118825,20-01-2022,9.3274
118825,27-01-2022,9.324
118825,03-02-2022,9.2699
118825,10-02-2022,9.3107
118825,17-02-2022,9.3411
118825,24-02-2022,9.2635
118825,03-03-2022,9.3559
118825,10-03-2022,9.3673
118825,17-03-2022,9.2414
118825,24-03-2022,9.2413
118825,31-03-2022,9.2658
118825,07-04-2022,9.3416
118825,14-04-2022,9.3202
118825,21-04-2022,9.3856
118825,28-04-2022,9.4034
118825,05-05-2022,9.3083
118825,12-05-2022,9.2066
118825,19-05-2022,9.293
118825,26-05-2022,9.3856
118825,02-06-2022,9.4136
118825,09-06-2022,9.53
118825,16-06-2022,9.6144
118825,23-06-2022,9.6708
118825,30-06-2022,9.6042
118825,07-07-2022,9.741
118825,14-07-2022,9.7867
118825,21-07-2022,9.7604
118825,28-07-2022,9.7121
118825,04-08-2022,9.736
118825,11-08-2022,9.6097
118825,18-08-2022,9.6674
118825,25-08-2022,9.5975
118825,01-09-2022,9.6298
118825,08-09-2022,9.5934
118825,15-09-2022,9.577
118825,22-09-2022,9.5228
118825,29-09-2022,9.5143
118825,06-10-2022,9.662
118825,13-10-2022,9.7729
118825,20-10-2022,9.8045
118825,27-10-2022,9.8064
118825,03-11-2022,9.8766
118825,10-11-2022,9.9698
118825,17-11-2022,9.9076
118825,24-11-2022,9.9055
118825,01-12-2022,9.765
118825,08-12-2022,9.8567
118825,15-12-2022,10.0235
118825,22-12-2022,10.0339
118825,29-12-2022,9.8673
118825,05-01-2023,9.9193
118825,12-01-2023,9.8516
118825,19-01-2023,9.8032
118825,26-01-2023,9.8563
118825,02-02-2023,9.8803
118825,09-02-2023,9.8457
118825,16-02-2023,9.7984
118825,23-02-2023,9.8122
118825,02-03-2023,9.784
118825,09-03-2023,9.7011
118825,16-03-2023,9.6792
118825,23-03-2023,9.7093
118825,30-03-2023,9.6994
118825,06-04-2023,9.5936
118825,13-04-2023,9.6733
118825,20-04-2023,9.4653
118825,27-04-2023,9.4352
118825,04-05-2023,9.3922
118825,11-05-2023,9.4071
118825,18-05-2023,9.4531
118825,25-05-2023,9.5421
118825,01-06-2023,9.4916
118825,08-06-2023,9.5399
118825,15-06-2023,9.5586
118825,22-06-2023,9.4316
118825,29-06-2023,9.5788
118825,06-07-2023,9.4723
118825,13-07-2023,9.5079
118825,20-07-2023,9.5414
118825,27-07-2023,9.5662
118825,03-08-2023,9.5322
118825,10-08-2023,9.5991
118825,17-08-2023,9.4831
118825,24-08-2023,9.4819
118825,31-08-2023,9.443
118825,07-09-2023,9.3956
118825,14-09-2023,9.4315
118825,21-09-2023,9.5166
118825,28-09-2023,9.4943
118825,05-10-2023,9.5574
118825,12-10-2023,9.565
118825,19-10-2023,9.5005
118825,26-10-2023,9.4847
118825,02-11-2023,9.4658
118825,09-11-2023,9.4168
118825,16-11-2023,9.4529
118825,23-11-2023,9.4744
118825,30-11-2023,9.3576
118825,07-12-2023,9.2377
118825,14-12-2023,9.2728
118825,21-12-2023,9.216
118825,28-12-2023,9.242
118825,04-01-2024,9.3034
118825,11-01-2024,9.2126
118825,18-01-2024,9.1122
118825,25-01-2024,9.2379
118825,01-02-2024,9.2676
118825,08-02-2024,9.2402
118825,15-02-2024,9.1749
118825,22-02-2024,9.1411
118825,29-02-2024,9.0577
118825,07-03-2024,9.1253
118825,14-03-2024,9.0723
118825,21-03-2024,9.1552
118825,28-03-2024,9.1296
118825,04-04-2024,9.057
118825,11-04-2024,9.0298
118825,18-04-2024,8.8438
118825,25-04-2024,8.8388
118825,02-05-2024,8.8303
118825,09-05-2024,8.8921
118825,16-05-2024,8.7615
118825,23-05-2024,8.8464
118825,30-05-2024,8.908
118825,06-06-2024,9.0008
118825,13-06-2024,9.0006
118825,20-06-2024,9.0772
118825,27-06-2024,8.974
118825,04-07-2024,9.0288
118825,11-07-2024,8.9767
118825,18-07-2024,8.8617
118825,25-07-2024,8.7855
120465,01-01-2015,10.0044
120465,08-01-2015,9.9425
120465,15-01-2015,9.9764
120465,22-01-2015,9.836
120465,29-01-2015,9.6726
120465,05-02-2015,9.7827
120465,12-02-2015,9.8573
120465,19-02-2015,9.7785
120465,26-02-2015,9.7822
120465,05-03-2015,9.8659
120465,12-03-2015,9.9029
120465,19-03-2015,9.9186
120465,26-03-2015,10.0095
120465,02-04-2015,9.955
120465,09-04-2015,9.9614
120465,16-04-2015,9.964
120465,23-04-2015,9.9462
120465,30-04-2015,9.9192
120465,07-05-2015,9.9289
120465,14-05-2015,9.9357
120465,21-05-2015,9.8563
120465,28-05-2015,9.9235
120465,04-06-2015,9.8499
120465,11-06-2015,9.8367
120465,18-06-2015,9.8174
120465,25-06-2015,9.8494
120465,02-07-2015,9.6864
120465,09-07-2015,9.7593
120465,16-07-2015,9.7103
120465,23-07-2015,9.809
120465,30-07-2015,9.7754
120465,06-08-2015,9.7755
120465,13-08-2015,9.9291
120465,20-08-2015,9.911
120465,27-08-2015,10.0132
120465,03-09-2015,10.0203
120465,10-09-2015,10.0576
120465,17-09-2015,10.0673
120465,24-09-2015,10.1396
120465,01-10-2015,10.088
120465,08-10-2015,10.0127
120465,15-10-2015,9.9655
120465,22-10-2015,9.9774
120465,29-10-2015,9.9638
120465,05-11-2015,10.0244
120465,12-11-2015,10.1331
120465,19-11-2015,10.058
120465,26-11-2015,10.003
120465,03-12-2015,9.892
120465,10-12-2015,10.0567
120465,17-12-2015,10.0852
120465,24-12-2015,10.128
120465,31-12-2015,10.0234
120465,07-01-2016,10.0273
120465,14-01-2016,10.0722
120465,21-01-2016,10.0559
120465,28-01-2016,10.1464
120465,04-02-2016,10.3381
120465,11-02-2016,10.2639
120465,18-02-2016,10.1841
120465,25-02-2016,10.1167
120465,03-03-2016,10.2507
120465,10-03-2016,10.3403
120465,17-03-2016,10.3332
120465,24-03-2016,10.3404
120465,31-03-2016,10.277
120465,07-04-2016,10.3543
120465,14-04-2016,10.3269
120465,21-04-2016,10.3096
120465,28-04-2016,10.3639
120465,05-05-2016,10.3525
120465,12-05-2016,10.3371
120465,19-05-2016,10.3422
120465,26-05-2016,10.4121
120465,02-06-2016,10.5534
120465,09-06-2016,10.6071
120465,16-06-2016,10.6795
120465,23-06-2016,10.6667
120465,30-06-2016,10.6105
120465,07-07-2016,10.6703
120465,14-07-2016,10.6892
120465,21-07-2016,10.5718
120465,28-07-2016,10.5483
120465,04-08-2016,10.5455
120465,11-08-2016,10.5067
120465,18-08-2016,10.6354
120465,25-08-2016,10.6805
120465,01-09-2016,10.8021
120465,08-09-2016,10.8292
120465,15-09-2016,10.8406
120465,22-09-2016,10.7637
120465,29-09-2016,10.769
120465,06-10-2016,10.7744
120465,13-10-2016,10.6609
120465,20-10-2016,10.6192
120465,27-10-2016,10.5959
120465,03-11-2016,10.6352
120465,10-11-2016,10.6787
120465,17-11-2016,10.6333
120465,24-11-2016,10.6775
120465,01-12-2016,10.6662
120465,08-12-2016,10.4256
120465,15-12-2016,10.3893
120465,22-12-2016,10.4832
120465,29-12-2016,10.3463
120465,05-01-2017,10.3598
120465,12-01-2017,10.4953
120465,19-01-2017,10.4357
120465,26-01-2017,10.44
120465,02-02-2017,10.3353
120465,09-02-2017,10.474
120465,16-02-2017,10.4712
120465,23-02-2017,10.4793
120465,02-03-2017,10.597
120465,09-03-2017,10.6573
120465,16-03-2017,10.5869
120465,23-03-2017,10.5363
120465,30-03-2017,10.5823
120465,06-04-2017,10.5336
120465,13-04-2017,10.3594
120465,20-04-2017,10.3592
120465,27-04-2017,10.2406
120465,04-05-2017,10.3772
120465,11-05-2017,10.396
120465,18-05-2017,10.3249
120465,25-05-2017,10.2713
120465,01-06-2017,10.1201
120465,08-06-2017,10.0352
120465,15-06-2017,10.1208
120465,22-06-2017,10.3055
120465,29-06-2017,10.3695
120465,06-07-2017,10.3661
120465,13-07-2017,10.3344
120465,20-07-2017,10.2594
120465,27-07-2017,10.4326
120465,03-08-2017,10.421
120465,10-08-2017,10.6016
120465,17-08-2017,10.724
120465,24-08-2017,10.5789
120465,31-08-2017,10.5268
120465,07-09-2017,10.4747
120465,14-09-2017,10.4722
120465,21-09-2017,10.4713
120465,28-09-2017,10.7265
120465,05-10-2017,10.6383
120465,12-10-2017,10.6621
120465,19-10-2017,10.7189
120465,26-10-2017,10.7231
120465,02-11-2017,10.7368
120465,09-11-2017,10.6514
120465,16-11-2017,10.6647
120465,23-11-2017,10.7126
120465,30-11-2017,10.745
120465,07-12-2017,10.7983
120465,14-12-2017,10.9246
120465,21-12-2017,11.0109
120465,28-12-2017,11.0216
120465,04-01-2018,10.9227
120465,11-01-2018,10.8746
120465,18-01-2018,10.8598
120465,25-01-2018,10.8861
120465,01-02-2018,10.8488
120465,08-02-2018,10.7719
120465,15-02-2018,10.6739
120465,22-02-2018,10.5371
120465,01-03-2018,10.5215
120465,08-03-2018,10.402
120465,15-03-2018,10.3229
120465,22-03-2018,10.2945
120465,29-03-2018,10.1886
120465,05-04-2018,10.2237
120465,12-04-2018,10.2883
120465,19-04-2018,10.2472
120465,26-04-2018,10.2155
120465,03-05-2018,10.2635
120465,10-05-2018,10.209
120465,17-05-2018,10.1491
120465,24-05-2018,10.2503
120465,31-05-2018,10.3269
120465,07-06-2018,10.3807
120465,14-06-2018,10.4618
120465,21-06-2018,10.3005
120465,28-06-2018,10.4162
120465,05-07-2018,10.453
120465,12-07-2018,10.5417
120465,19-07-2018,10.5786
120465,26-07-2018,10.5869
120465,02-08-2018,10.5679
120465,09-08-2018,10.6031
120465,16-08-2018,10.5809
120465,23-08-2018,10.6586
120465,30-08-2018,10.5276
120465,06-09-2018,10.4862
120465,13-09-2018,10.6619
120465,20-09-2018,10.6128
120465,27-09-2018,10.5968
120465,04-10-2018,10.5262
120465,11-10-2018,10.5587
120465,18-10-2018,10.5007
120465,25-10-2018,10.4893
120465,01-11-2018,10.5648
120465,08-11-2018,10.5099
120465,15-11-2018,10.5804
120465,22-11-2018,10.6543
120465,29-11-2018,10.7484
120465,06-12-2018,10.7648
120465,13-12-2018,11.0483
120465,20-12-2018,11.1459
120465,27-12-2018,11.1793
120465,03-01-2019,11.1054
120465,10-01-2019,11.1013
120465,17-01-2019,11.2324
120465,24-01-2019,11.3905
120465,31-01-2019,11.5298
120465,07-02-2019,11.6068
120465,14-02-2019,11.4948
120465,21-02-2019,11.5442
120465,28-02-2019,11.4342
120465,07-03-2019,11.3027
120465,14-03-2019,11.3289
120465,21-03-2019,11.3808
120465,28-03-2019,11.4676
120465,04-04-2019,11.5178
120465,11-04-2019,11.5714
120465,18-04-2019,11.4849
120465,25-04-2019,11.4798
120465,02-05-2019,11.346
120465,09-05-2019,11.1687
120465,16-05-2019,11.2393
120465,23-05-2019,11.1761
120465,30-05-2019,11.2586
120465,06-06-2019,11.3629
120465,13-06-2019,11.3112
120465,20-06-2019,11.3691
120465,27-06-2019,11.3135
120465,04-07-2019,11.151
120465,11-07-2019,11.1665
120465,18-07-2019,11.1289
120465,25-07-2019,11.0941
120465,01-08-2019,11.2739
120465,08-08-2019,11.1408
120465,15-08-2019,11.1794
120465,22-08-2019,11.0949
120465,29-08-2019,11.1799
120465,05-09-2019,11.2111
120465,12-09-2019,11.2496
120465,19-09-2019,11.169
120465,26-09-2019,11.1051
120465,03-10-2019,11.1919
120465,10-10-2019,11.355
120465,17-10-2019,11.4031
120465,24-10-2019,11.3258
120465,31-10-2019,11.3611
120465,07-11-2019,11.5862
120465,14-11-2019,11.6004
120465,21-11-2019,11.7407
120465,28-11-2019,11.6758
120465,05-12-2019,11.6766
120465,12-12-2019,11.7391
120465,19-12-2019,11.7811
120465,26-12-2019,11.7136
120465,02-01-2020,11.6424
120465,09-01-2020,11.7391
120465,16-01-2020,11.8557
120465,23-01-2020,12.0039
120465,30-01-2020,12.1819
120465,06-02-2020,12.1999
120465,13-02-2020,12.1744
120465,20-02-2020,12.3109
120465,27-02-2020,12.386
120465,05-03-2020,12.2936
120465,12-03-2020,12.1969
120465,19-03-2020,12.2498
120465,26-03-2020,12.2373
120465,02-04-2020,12.2396
120465,09-04-2020,12.3495
120465,16-04-2020,12.4295
120465,23-04-2020,12.5667
120465,30-04-2020,12.3775
120465,07-05-2020,12.4075
120465,14-05-2020,12.4815
120465,21-05-2020,12.334
120465,28-05-2020,12.2743
120465,04-06-2020,12.1967
120465,11-06-2020,12.2037
120465,18-06-2020,12.3675
120465,25-06-2020,12.5726
120465,02-07-2020,12.4957
120465,09-07-2020,12.5533
120465,16-07-2020,12.6145
120465,23-07-2020,12.6586
120465,30-07-2020,12.7041
120465,06-08-2020,12.7401
120465,13-08-2020,12.9172
120465,20-08-2020,13.0363
120465,27-08-2020,12.9309
120465,03-09-2020,13.0184
120465,10-09-2020,13.1165
120465,17-09-2020,13.1548
120465,24-09-2020,13.2792
120465,01-10-2020,13.3045
120465,08-10-2020,13.3311
120465,15-10-2020,13.3494
120465,22-10-2020,13.1392
120465,29-10-2020,13.136
120465,05-11-2020,13.071
120465,12-11-2020,12.9522
120465,19-11-2020,13.106
120465,26-11-2020,13.1641
120465,03-12-2020,13.1662
120465,10-12-2020,13.112
120465,17-12-2020,13.1483
120465,24-12-2020,13.2578
120465,31-12-2020,13.1754
120465,07-01-2021,13.1802
120465,14-01-2021,13.277
120465,21-01-2021,13.0766
120465,28-01-2021,13.0759
120465,04-02-2021,13.0362
120465,11-02-2021,13.0274
120465,18-02-2021,12.9804
120465,25-02-2021,12.9999
120465,04-03-2021,13.2051
120465,11-03-2021,13.1762
120465,18-03-2021,13.2122
120465,25-03-2021,13.4283
120465,01-04-2021,13.3746
120465,08-04-2021,13.5741
120465,15-04-2021,13.5801
120465,22-04-2021,13.7791
120465,29-04-2021,13.8673
120465,06-05-2021,13.907
120465,13-05-2021,13.9052
120465,20-05-2021,13.8414
120465,27-05-2021,13.8553
120465,03-06-2021,13.9603
120465,10-06-2021,13.9644
120465,17-06-2021,13.9346
120465,24-06-2021,13.9123
120465,01-07-2021,14.0283
120465,08-07-2021,14.1714
120465,15-07-2021,14.1014
120465,22-07-2021,14.0316
120465,29-07-2021,14.0798
120465,05-08-2021,14.2575
120465,12-08-2021,14.3939
120465,19-08-2021,14.2555
120465,26-08-2021,14.2311
120465,02-09-2021,14.1309
120465,09-09-2021,14.1063
120465,16-09-2021,14.293
120465,23-09-2021,14.136
120465,30-09-2021,13.9586
120465,07-10-2021,13.8717
120465,14-10-2021,13.9091
120465,21-10-2021,13.9837
120465,28-10-2021,14.0383
120465,04-11-2021,14.1759
120465,11-11-2021,13.9817
120465,18-11-2021,14.1202
120465,25-11-2021,14.0906
120465,02-12-2021,14.1787
120465,09-12-2021,14.0342
120465,16-12-2021,14.0404
120465,23-12-2021,14.0725
120465,30-12-2021,14.2083
120465,06-01-2022,14.0338
120465,13-01-2022,14.0428
120465,20-01-2022,13.9265
120465,27-01-2022,13.9884
120465,03-02-2022,14.081
120465,10-02-2022,14.2316
120465,17-02-2022,14.1764
120465,24-02-2022,14.2872
120465,03-03-2022,14.4485
120465,10-03-2022,14.2643
120465,17-03-2022,14.3399
120465,24-03-2022,14.4556
120465,31-03-2022,14.4315
120465,07-04-2022,14.2975
120465,14-04-2022,14.411
120465,21-04-2022,14.2785
120465,28-04-2022,14.2639
120465,05-05-2022,14.265
120465,12-05-2022,14.3523
120465,19-05-2022,14.2861
120465,26-05-2022,14.2136
120465,02-06-2022,14.2305
120465,09-06-2022,14.3508
120465,16-06-2022,14.6192
120465,23-06-2022,14.4487
120465,30-06-2022,14.4909
120465,07-07-2022,14.3708
120465,14-07-2022,14.4936
120465,21-07-2022,14.3906
120465,28-07-2022,14.3187
120465,04-08-2022,14.2569
120465,11-08-2022,14.2539
120465,18-08-2022,14.2965
120465,25-08-2022,14.3575
120465,01-09-2022,14.3626
120465,08-09-2022,14.2156
120465,15-09-2022,14.304
120465,22-09-2022,14.3037
120465,29-09-2022,14.4423
120465,06-10-2022,14.3663
120465,13-10-2022,14.1879
120465,20-10-2022,14.1897
120465,27-10-2022,14.3425
120465,03-11-2022,14.3667
120465,10-11-2022,14.3495
120465,17-11-2022,14.2554
120465,24-11-2022,14.4615
120465,01-12-2022,14.3482
120465,08-12-2022,14.2707
120465,15-12-2022,14.3415
120465,22-12-2022,14.1343
120465,29-12-2022,14.284
120465,05-01-2023,14.3611
120465,12-01-2023,14.4701
120465,19-01-2023,14.5405
120465,26-01-2023,14.5276
120465,02-02-2023,14.4098
120465,09-02-2023,14.3995
120465,16-02-2023,14.2929
120465,23-02-2023,14.3542
120465,02-03-2023,14.4526
120465,09-03-2023,14.6291
120465,16-03-2023,14.6785
120465,23-03-2023,14.7929
120465,30-03-2023,14.7637
120465,06-04-2023,14.7131
120465,13-04-2023,14.7747
120465,20-04-2023,14.7349
120465,27-04-2023,14.7726
120465,04-05-2023,14.6531
120465,11-05-2023,14.5556
120465,18-05-2023,14.6354
120465,25-05-2023,14.7451
120465,01-06-2023,14.6347
120465,08-06-2023,14.7191
120465,15-06-2023,14.6622
120465,22-06-2023,14.67
120465,29-06-2023,14.8422
120465,06-07-2023,14.944
120465,13-07-2023,15.0451
120465,20-07-2023,15.2809
120465,27-07-2023,15.2009
120465,03-08-2023,15.0871
120465,10-08-2023,15.006
120465,17-08-2023,14.9815
120465,24-08-2023,14.7053
120465,31-08-2023,14.6867
120465,07-09-2023,14.6286
120465,14-09-2023,14.7262
120465,21-09-2023,14.7736
120465,28-09-2023,14.7085
120465,05-10-2023,14.7838
120465,12-10-2023,14.8753
120465,19-10-2023,14.7898
120465,26-10-2023,14.7374
120465,02-11-2023,14.4809
120465,09-11-2023,14.3603
120465,16-11-2023,14.2808
120465,23-11-2023,14.295
120465,30-11-2023,14.1926
120465,07-12-2023,14.1399
120465,14-12-2023,14.007
120465,21-12-2023,14.0318
120465,28-12-2023,14.0852
120465,04-01-2024,14.1361
120465,11-01-2024,14.1432
120465,18-01-2024,13.9745
120465,25-01-2024,13.9108
120465,01-02-2024,13.871
120465,08-02-2024,13.8318
120465,15-02-2024,13.8456
120465,22-02-2024,14.0091
120465,29-02-2024,14.1057
120465,07-03-2024,13.9999
120465,14-03-2024,14.0815
120465,21-03-2024,14.1592
120465,28-03-2024,14.0736
120465,04-04-2024,14.1748
120465,11-04-2024,14.1623
120465,18-04-2024,14.0082
120465,25-04-2024,14.0648
120465,02-05-2024,14.0949
120465,09-05-2024,14.0748
120465,16-05-2024,14.0762
120465,23-05-2024,14.0009
120465,30-05-2024,14.0748
120465,06-06-2024,14.0756
120465,13-06-2024,14.0999
120465,20-06-2024,14.1459
120465,27-06-2024,14.0209
120465,04-07-2024,13.9262
120465,11-07-2024,13.6855
120465,18-07-2024,13.7528
120465,25-07-2024,13.625
119386,01-01-2015,10.0146
119386,08-01-2015,10.0483
119386,15-01-2015,10.1008
119386,22-01-2015,10.0075
119386,29-01-2015,10.0063
119386,05-02-2015,10.144
119386,12-02-2015,10.2872
119386,19-02-2015,10.3726
119386,26-02-2015,10.4047
119386,05-03-2015,10.3252
119386,12-03-2015,10.3887
119386,19-03-2015,10.3797
119386,26-03-2015,10.4304
119386,02-04-2015,10.3818
119386,09-04-2015,10.3716
119386,16-04-2015,10.3894
119386,23-04-2015,10.414
119386,30-04-2015,10.4593
119386,07-05-2015,10.415
119386,14-05-2015,10.3072
119386,21-05-2015,10.4453
119386,28-05-2015,10.6575
119386,04-06-2015,10.6999
119386,11-06-2015,10.5909
119386,18-06-2015,10.5296
119386,25-06-2015,10.5767
119386,02-07-2015,10.6944
119386,09-07-2015,10.5949
119386,16-07-2015,10.5886
119386,23-07-2015,10.6095
119386,30-07-2015,10.6871
119386,06-08-2015,10.662
119386,13-08-2015,10.5329
119386,20-08-2015,10.5894
119386,27-08-2015,10.6889
119386,03-09-2015,10.6861
119386,10-09-2015,10.7251
119386,17-09-2015,10.6886
119386,24-09-2015,10.6206
119386,01-10-2015,10.7121
119386,08-10-2015,10.7495
119386,15-10-2015,10.796
119386,22-10-2015,10.9301
119386,29-10-2015,10.8422
119386,05-11-2015,10.7987
119386,12-11-2015,10.8166
119386,19-11-2015,10.7721
119386,26-11-2015,10.8439
119386,03-12-2015,10.832
119386,10-12-2015,10.7503
119386,17-12-2015,10.7603
119386,24-12-2015,10.7792
119386,31-12-2015,10.8642
119386,07-01-2016,10.9027
119386,14-01-2016,10.9473
119386,21-01-2016,10.9797
119386,28-01-2016,10.9675
119386,04-02-2016,10.9091
119386,11-02-2016,10.9387
119386,18-02-2016,10.9139
119386,25-02-2016,11.0658
119386,03-03-2016,11.189
119386,10-03-2016,11.2502
119386,17-03-2016,11.2887
119386,24-03-2016,11.2853
119386,31-03-2016,11.176
119386,07-04-2016,11.1611
119386,14-04-2016,11.1746
119386,21-04-2016,11.1996
119386,28-04-2016,11.2461
119386,05-05-2016,11.3335
119386,12-05-2016,11.2753
119386,19-05-2016,11.2182
119386,26-05-2016,11.3529
119386,02-06-2016,11.4275
119386,09-06-2016,11.3963
119386,16-06-2016,11.3911
119386,23-06-2016,11.3863
119386,30-06-2016,11.3937
119386,07-07-2016,11.4414
119386,14-07-2016,11.678
119386,21-07-2016,11.7004
119386,28-07-2016,11.7671
119386,04-08-2016,11.613
119386,11-08-2016,11.5726
119386,18-08-2016,11.691
119386,25-08-2016,11.7333
119386,01-09-2016,11.326
119386,08-09-2016,11.3916
119386,15-09-2016,11.571
119386,22-09-2016,11.3909
119386,29-09-2016,11.5339
119386,06-10-2016,11.2827
119386,13-10-2016,11.3719
119386,20-10-2016,11.3757
119386,27-10-2016,11.1663
119386,03-11-2016,11.2107
119386,10-11-2016,11.3184
119386,17-11-2016,11.3558
119386,24-11-2016,11.4135
119386,01-12-2016,11.3805
119386,08-12-2016,11.2156
119386,15-12-2016,11.2821
119386,22-12-2016,11.4446
119386,29-12-2016,11.5526
119386,05-01-2017,11.3735
119386,12-01-2017,11.2402
119386,19-01-2017,11.1686
119386,26-01-2017,11.0307
119386,02-02-2017,11.0391
119386,09-02-2017,11.0782
119386,16-02-2017,10.9559
119386,23-02-2017,11.0284
119386,02-03-2017,11.0858
119386,09-03-2017,11.0417
119386,16-03-2017,11.0308
119386,23-03-2017,10.8632
119386,30-03-2017,10.8386
119386,06-04-2017,10.8436
119386,13-04-2017,10.8626
119386,20-04-2017,10.8999
119386,27-04-2017,10.9255
119386,04-05-2017,10.9068
119386,11-05-2017,10.9361
119386,18-05-2017,11.0282
119386,25-05-2017,11.0242
119386,01-06-2017,11.0566
119386,08-06-2017,11.0445
119386,15-06-2017,10.9918
119386,22-06-2017,11.0422
119386,29-06-2017,10.9975
119386,06-07-2017,11.0359
119386,13-07-2017,11.0428
119386,20-07-2017,11.0204
119386,27-07-2017,10.9959
119386,03-08-2017,10.9556
119386,10-08-2017,10.8157
119386,17-08-2017,10.8532
119386,24-08-2017,10.8776
119386,31-08-2017,10.9559
119386,07-09-2017,10.9137
119386,14-09-2017,11.0836
119386,21-09-2017,11.0543
119386,28-09-2017,10.9813
119386,05-10-2017,10.8984
119386,12-10-2017,10.7516
119386,19-10-2017,10.8878
119386,26-10-2017,11.0115
119386,02-11-2017,11.0689
119386,09-11-2017,10.9939
119386,16-11-2017,11.1576
119386,23-11-2017,11.1307
119386,30-11-2017,11.1112
119386,07-12-2017,11.2434
119386,14-12-2017,11.3072
119386,21-12-2017,11.5108
119386,28-12-2017,11.5383
119386,04-01-2018,11.5063
119386,11-01-2018,11.4546
119386,18-01-2018,11.2899
119386,25-01-2018,11.2692
119386,01-02-2018,11.3769
119386,08-02-2018,11.436
119386,15-02-2018,11.4424
119386,22-02-2018,11.3559
119386,01-03-2018,11.3811
119386,08-03-2018,11.4778
119386,15-03-2018,11.522
119386,22-03-2018,11.542
119386,29-03-2018,11.473
119386,05-04-2018,11.5572
119386,12-04-2018,11.2722
119386,19-04-2018,11.3113
119386,26-04-2018,11.5484
119386,03-05-2018,11.4136
119386,10-05-2018,11.3962
119386,17-05-2018,11.4
119386,24-05-2018,11.3624
119386,31-05-2018,11.4611
119386,07-06-2018,11.509
119386,14-06-2018,11.5277
119386,21-06-2018,11.6058
119386,28-06-2018,11.612
119386,05-07-2018,11.912
119386,12-07-2018,11.9312
119386,19-07-2018,11.9546
119386,26-07-2018,11.7958
119386,02-08-2018,11.7493
119386,09-08-2018,11.8618
119386,16-08-2018,11.7398
119386,23-08-2018,11.5419
119386,30-08-2018,11.5495
119386,06-09-2018,11.6808
119386,13-09-2018,11.6894
119386,20-09-2018,11.6626
119386,27-09-2018,11.4939
119386,04-10-2018,11.5401
119386,11-10-2018,11.6058
119386,18-10-2018,11.445
119386,25-10-2018,11.5534
119386,01-11-2018,11.6288
119386,08-11-2018,11.7388
119386,15-11-2018,11.7983
119386,22-11-2018,11.8647
119386,29-11-2018,11.9189
119386,06-12-2018,12.0065
119386,13-12-2018,11.8366
119386,20-12-2018,11.6992
119386,27-12-2018,11.635
119386,03-01-2019,11.6275
119386,10-01-2019,11.6683
119386,17-01-2019,11.7033
119386,24-01-2019,11.8125
119386,31-01-2019,11.9258
119386,07-02-2019,11.8473
119386,14-02-2019,11.8747
119386,21-02-2019,11.7989
119386,28-02-2019,11.7858
119386,07-03-2019,11.8209
119386,14-03-2019,11.5033
119386,21-03-2019,11.7298
119386,28-03-2019,11.7876
119386,04-04-2019,11.7362
119386,11-04-2019,11.9218
119386,18-04-2019,11.8934
119386,25-04-2019,11.9108
119386,02-05-2019,11.8692
119386,09-05-2019,12.0308
119386,16-05-2019,12.0255
119386,23-05-2019,12.0447
119386,30-05-2019,12.1655
119386,06-06-2019,12.2273
119386,13-06-2019,12.2269
119386,20-06-2019,12.3404
119386,27-06-2019,12.5959
119386,04-07-2019,12.6329
119386,11-07-2019,12.6498
119386,18-07-2019,12.6721
119386,25-07-2019,12.81
119386,01-08-2019,12.7538
119386,08-08-2019,12.7305
119386,15-08-2019,12.579
119386,22-08-2019,12.4649
119386,29-08-2019,12.4182
119386,05-09-2019,12.4176
119386,12-09-2019,12.5983
119386,19-09-2019,12.6574
119386,26-09-2019,12.5701
119386,03-10-2019,12.5019
119386,10-10-2019,12.6444
119386,17-10-2019,12.7634
119386,24-10-2019,12.7714
119386,31-10-2019,12.7313
119386,07-11-2019,12.851
119386,14-11-2019,12.754
119386,21-11-2019,12.7991
119386,28-11-2019,13.0369
119386,05-12-2019,13.0636
119386,12-12-2019,12.9877
119386,19-12-2019,13.0356
119386,26-12-2019,12.9918
119386,02-01-2020,12.8521
119386,09-01-2020,12.9293
119386,16-01-2020,13.0501
119386,23-01-2020,13.0228
119386,30-01-2020,12.9887
119386,06-02-2020,12.894
119386,13-02-2020,12.8837
119386,20-02-2020,12.8309
119386,27-02-2020,12.7323
119386,05-03-2020,12.9301
119386,12-03-2020,12.9835
119386,19-03-2020,13.0482
119386,26-03-2020,13.1456
119386,02-04-2020,13.2319
119386,09-04-2020,13.1935
119386,16-04-2020,13.2275
119386,23-04-2020,13.2044
119386,30-04-2020,13.256
119386,07-05-2020,13.2975
119386,14-05-2020,13.2621
119386,21-05-2020,13.1264
119386,28-05-2020,13.147
119386,04-06-2020,13.1308
119386,11-06-2020,12.9374
119386,18-06-2020,12.9952
119386,25-06-2020,13.1007
119386,02-07-2020,13.3709
119386,09-07-2020,13.3344
119386,16-07-2020,13.2823
119386,23-07-2020,13.1697
119386,30-07-2020,13.197
119386,06-08-2020,13.2236
119386,13-08-2020,13.1431
119386,20-08-2020,13.13
119386,27-08-2020,12.9274
119386,03-09-2020,13.0283
119386,10-09-2020,12.9532
119386,17-09-2020,12.9548
119386,24-09-2020,12.8121
119386,01-10-2020,12.7576
119386,08-10-2020,12.7341
119386,15-10-2020,12.7381
119386,22-10-2020,12.7921
119386,29-10-2020,12.9445
119386,05-11-2020,13.0255
119386,12-11-2020,13.131
119386,19-11-2020,13.2881
119386,26-11-2020,13.354
119386,03-12-2020,13.3554
119386,10-12-2020,13.4686
119386,17-12-2020,13.5896
119386,24-12-2020,13.6656
119386,31-12-2020,13.512
119386,07-01-2021,13.4264
119386,14-01-2021,13.4023
119386,21-01-2021,13.4912
119386,28-01-2021,13.4943
119386,04-02-2021,13.6225
119386,11-02-2021,13.7712
119386,18-02-2021,13.9089
119386,25-02-2021,14.0486
119386,04-03-2021,13.9376
119386,11-03-2021,13.997
119386,18-03-2021,13.9346
119386,25-03-2021,13.7563
119386,01-04-2021,13.7302
119386,08-04-2021,13.8812
119386,15-04-2021,13.9379
119386,22-04-2021,14.1685
119386,29-04-2021,14.1943
119386,06-05-2021,14.4779
119386,13-05-2021,14.5042
119386,20-05-2021,14.5127
119386,27-05-2021,14.3699
119386,03-06-2021,14.5033
119386,10-06-2021,14.4509
119386,17-06-2021,14.3819
119386,24-06-2021,14.535
119386,01-07-2021,14.6755
119386,08-07-2021,14.8143
119386,15-07-2021,14.7773
119386,22-07-2021,14.7772
119386,29-07-2021,14.776
119386,05-08-2021,14.8744
119386,12-08-2021,15.0652
119386,19-08-2021,15.1156
119386,26-08-2021,15.3605
119386,02-09-2021,15.4769
119386,09-09-2021,15.454
119386,16-09-2021,15.5626
119386,23-09-2021,15.7813
119386,30-09-2021,16.0399
119386,07-10-2021,16.1986
119386,14-10-2021,16.2084
119386,21-10-2021,16.1868
119386,28-10-2021,16.2678
119386,04-11-2021,16.4922
119386,11-11-2021,16.556
119386,18-11-2021,16.6229
119386,25-11-2021,16.6363
119386,02-12-2021,16.5994
119386,09-12-2021,16.5845
119386,16-12-2021,16.6091
119386,23-12-2021,16.844
119386,30-12-2021,16.8184
119386,06-01-2022,16.8322
119386,13-01-2022,16.7224
119386,20-01-2022,16.825
119386,27-01-2022,17.0157
119386,03-02-2022,17.2436
119386,10-02-2022,17.2786
119386,17-02-2022,17.3649
119386,24-02-2022,17.3505
119386,03-03-2022,17.4307
119386,10-03-2022,17.4815
119386,17-03-2022,17.4966
119386,24-03-2022,17.5229
119386,31-03-2022,17.5933
119386,07-04-2022,17.5589
119386,14-04-2022,17.5319
119386,21-04-2022,17.7783
119386,28-04-2022,18.171
119386,05-05-2022,18.0032
119386,12-05-2022,17.829
119386,19-05-2022,17.6996
119386,26-05-2022,17.692
119386,02-06-2022,17.8259
119386,09-06-2022,17.9173
119386,16-06-2022,17.9492
119386,23-06-2022,18.0323
119386,30-06-2022,17.9397
119386,07-07-2022,17.9118
119386,14-07-2022,17.9161
119386,21-07-2022,17.6962
119386,28-07-2022,17.5389
119386,04-08-2022,17.3885
119386,11-08-2022,17.5018
119386,18-08-2022,17.5431
119386,25-08-2022,17.6359
119386,01-09-2022,17.3834
119386,08-09-2022,17.184
119386,15-09-2022,17.2821
119386,22-09-2022,16.9048
119386,29-09-2022,17.0772
119386,06-10-2022,16.8349
119386,13-10-2022,16.9553
119386,20-10-2022,16.8415
119386,27-10-2022,16.9896
119386,03-11-2022,17.4324
119386,10-11-2022,17.1224
119386,17-11-2022,17.2245
119386,24-11-2022,16.9822
119386,01-12-2022,17.047
119386,08-12-2022,17.0256
119386,15-12-2022,17.0501
119386,22-12-2022,16.9325
119386,29-12-2022,17.045
119386,05-01-2023,16.8544
119386,12-01-2023,17.0285
119386,19-01-2023,16.9796
119386,26-01-2023,16.7958
119386,02-02-2023,17.0169
119386,09-02-2023,17.0145
119386,16-02-2023,17.281
119386,23-02-2023,17.4567
119386,02-03-2023,17.3522
119386,09-03-2023,17.3474
119386,16-03-2023,17.3711
119386,23-03-2023,17.5902
119386,30-03-2023,17.6588
119386,06-04-2023,17.6908
119386,13-04-2023,17.6695
119386,20-04-2023,17.6695
119386,27-04-2023,17.8609
119386,04-05-2023,17.8686
119386,11-05-2023,17.8193
119386,18-05-2023,17.746
119386,25-05-2023,17.6744
119386,01-06-2023,17.4833
119386,08-06-2023,17.3853
119386,15-06-2023,17.6007
119386,22-06-2023,17.5786
119386,29-06-2023,17.6847
119386,06-07-2023,17.3411
119386,13-07-2023,17.4269
119386,20-07-2023,17.4113
119386,27-07-2023,17.3512
119386,03-08-2023,17.3833
119386,10-08-2023,17.3213
119386,17-08-2023,17.0339
119386,24-08-2023,17.1664
119386,31-08-2023,17.2067
119386,07-09-2023,17.1703
119386,14-09-2023,17.0445
119386,21-09-2023,16.8509
119386,28-09-2023,16.8878
119386,05-10-2023,17.1125
119386,12-10-2023,17.1472
119386,19-10-2023,16.9644
119386,26-10-2023,17.0017
119386,02-11-2023,17.0012
119386,09-11-2023,17.1256
119386,16-11-2023,17.2155
119386,23-11-2023,16.8112
119386,30-11-2023,16.8913
119386,07-12-2023,16.7624
119386,14-12-2023,16.5785
119386,21-12-2023,16.5601
119386,28-12-2023,16.6212
119386,04-01-2024,16.4096
119386,11-01-2024,16.5087
119386,18-01-2024,16.6161
119386,25-01-2024,16.629
119386,01-02-2024,16.5202
119386,08-02-2024,16.3974
119386,15-02-2024,16.5386
119386,22-02-2024,16.3452
119386,29-02-2024,16.491
119386,07-03-2024,16.4758
119386,14-03-2024,16.4697
119386,21-03-2024,16.2512
119386,28-03-2024,16.2387
119386,04-04-2024,16.3249
119386,11-04-2024,16.1569
119386,18-04-2024,16.2278
119386,25-04-2024,16.2458
119386,02-05-2024,16.1687
119386,09-05-2024,16.2857
119386,16-05-2024,16.0053
119386,23-05-2024,16.0561
119386,30-05-2024,16.2705
119386,06-06-2024,16.4644
119386,13-06-2024,16.5224
119386,20-06-2024,16.4891
119386,27-06-2024,16.4118
119386,04-07-2024,16.3786
119386,11-07-2024,16.4564
119386,18-07-2024,16.3567
119386,25-07-2024,16.4624
118551,01-01-2015,10.1747
118551,08-01-2015,10.1737
118551,15-01-2015,10.0683
118551,22-01-2015,9.964
118551,29-01-2015,10.0299
118551,05-02-2015,10.0292
118551,12-02-2015,10.1035
118551,19-02-2015,10.0644
118551,26-02-2015,10.1353
118551,05-03-2015,10.1265
118551,12-03-2015,10.0713
118551,19-03-2015,10.043
118551,26-03-2015,9.9508
118551,02-04-2015,10.1132
118551,09-04-2015,10.1094
118551,16-04-2015,10.1656
118551,23-04-2015,10.126
118551,30-04-2015,10.0448
118551,07-05-2015,10.03
118551,14-05-2015,10.1224
118551,21-05-2015,10.0843
118551,28-05-2015,10.0181
118551,04-06-2015,10.0346
118551,11-06-2015,10.0786
118551,18-06-2015,10.2151
118551,25-06-2015,10.2481
118551,02-07-2015,10.305
118551,09-07-2015,10.3684
118551,16-07-2015,10.277
118551,23-07-2015,10.2019
118551,30-07-2015,10.1175
118551,06-08-2015,10.0137
118551,13-08-2015,10.0814
118551,20-08-2015,10.1089
118551,27-08-2015,10.1193
118551,03-09-2015,9.9135
118551,10-09-2015,10.0805
118551,17-09-2015,10.0124
118551,24-09-2015,10.1807
118551,01-10-2015,10.0668
118551,08-10-2015,10.0054
118551,15-10-2015,9.8331
118551,22-10-2015,9.8655
118551,29-10-2015,9.7825
118551,05-11-2015,9.7024
118551,12-11-2015,9.5998
118551,19-11-2015,9.6633
118551,26-11-2015,9.7222
118551,03-12-2015,9.867
118551,10-12-2015,9.8168
118551,17-12-2015,9.838
118551,24-12-2015,9.7404
118551,31-12-2015,9.7182
118551,07-01-2016,9.6818
118551,14-01-2016,9.7216
118551,21-01-2016,9.8046
118551,28-01-2016,9.8862
118551,04-02-2016,9.8235
118551,11-02-2016,9.9059
118551,18-02-2016,9.9064
118551,25-02-2016,9.8846
118551,03-03-2016,9.8326
118551,10-03-2016,9.7925
118551,17-03-2016,9.9329
118551,24-03-2016,9.9613
118551,31-03-2016,9.9792
118551,07-04-2016,9.9622
118551,14-04-2016,10.1611
118551,21-04-2016,10.2713
118551,28-04-2016,10.2162
118551,05-05-2016,10.1979
118551,12-05-2016,10.1845
118551,19-05-2016,10.2004
118551,26-05-2016,10.1473
118551,02-06-2016,10.187
118551,09-06-2016,10.3094
118551,16-06-2016,10.2052
118551,23-06-2016,10.1171
118551,30-06-2016,10.0821
118551,07-07-2016,10.0509
118551,14-07-2016,10.2156
118551,21-07-2016,10.3016
118551,28-07-2016,10.3835
118551,04-08-2016,10.3657
118551,11-08-2016,10.3461
118551,18-08-2016,10.2301
118551,25-08-2016,10.2981
118551,01-09-2016,10.3427
118551,08-09-2016,10.4533
118551,15-09-2016,10.4398
118551,22-09-2016,10.4322
118551,29-09-2016,10.4505
118551,06-10-2016,10.5293
118551,13-10-2016,10.4096
118551,20-10-2016,10.4751
118551,27-10-2016,10.4776
118551,03-11-2016,10.393
118551,10-11-2016,10.2239
118551,17-11-2016,10.2168
118551,24-11-2016,10.3392
118551,01-12-2016,10.4819
118551,08-12-2016,10.5158
118551,15-12-2016,10.6851
118551,22-12-2016,10.6857
118551,29-12-2016,10.7715
118551,05-01-2017,10.7369
118551,12-01-2017,10.697
118551,19-01-2017,10.6433
118551,26-01-2017,10.4721
118551,02-02-2017,10.5841
118551,09-02-2017,10.534
118551,16-02-2017,10.4707
118551,23-02-2017,10.3761
118551,02-03-2017,10.3632
118551,09-03-2017,10.5136
118551,16-03-2017,10.6939
118551,23-03-2017,10.5561
118551,30-03-2017,10.5304
118551,06-04-2017,10.4475
118551,13-04-2017,10.5342
118551,20-04-2017,10.5626
118551,27-04-2017,10.513
118551,04-05-2017,10.5233
118551,11-05-2017,10.4874
118551,18-05-2017,10.627
118551,25-05-2017,10.6777
118551,01-06-2017,10.7392
118551,08-06-2017,10.5144
118551,15-06-2017,10.513
118551,22-06-2017,10.6924
118551,29-06-2017,10.8101
118551,06-07-2017,10.6547
118551,13-07-2017,10.6322
118551,20-07-2017,10.5343
118551,27-07-2017,10.6827
118551,03-08-2017,10.7079
118551,10-08-2017,10.6464
118551,17-08-2017,10.6535
118551,24-08-2017,10.4356
118551,31-08-2017,10.3492
118551,07-09-2017,10.3563
118551,14-09-2017,10.4305
118551,21-09-2017,10.2727
118551,28-09-2017,10.2455
118551,05-10-2017,10.3324
118551,12-10-2017,10.2165
118551,19-10-2017,10.2393
118551,26-10-2017,10.2488
118551,02-11-2017,10.3935
118551,09-11-2017,10.3785
118551,16-11-2017,10.3684
118551,23-11-2017,10.4435
118551,30-11-2017,10.3369
118551,07-12-2017,10.3227
118551,14-12-2017,10.2892
118551,21-12-2017,10.2819
118551,28-12-2017,10.3558
118551,04-01-2018,10.4059
118551,11-01-2018,10.3477
118551,18-01-2018,10.3631
118551,25-01-2018,10.4909
118551,01-02-2018,10.4253
118551,08-02-2018,10.4416
118551,15-02-2018,10.4296
118551,22-02-2018,10.4285
118551,01-03-2018,10.2966
118551,08-03-2018,10.417
118551,15-03-2018,10.3566
118551,22-03-2018,10.4458
118551,29-03-2018,10.398
118551,05-04-2018,10.3501
118551,12-04-2018,10.4547
118551,19-04-2018,10.542
118551,26-04-2018,10.5639
118551,03-05-2018,10.6324
118551,10-05-2018,10.6121
118551,17-05-2018,10.6156
118551,24-05-2018,10.5637
118551,31-05-2018,10.6443
118551,07-06-2018,10.5895
118551,14-06-2018,10.7196
118551,21-06-2018,10.6968
118551,28-06-2018,10.7028
118551,05-07-2018,10.7721
118551,12-07-2018,10.7784
118551,19-07-2018,10.7571
118551,26-07-2018,10.7588
118551,02-08-2018,10.84
118551,09-08-2018,10.7869
118551,16-08-2018,10.7803
118551,23-08-2018,10.7855
118551,30-08-2018,10.8644
118551,06-09-2018,10.8601
118551,13-09-2018,11.0215
118551,20-09-2018,11.0121
118551,27-09-2018,10.9956
118551,04-10-2018,10.985
118551,11-10-2018,10.8736
118551,18-10-2018,10.7878
118551,25-10-2018,10.7463
118551,01-11-2018,10.8483
118551,08-11-2018,10.8497
118551,15-11-2018,10.812
118551,22-11-2018,10.9224
118551,29-11-2018,11.0623
118551,06-12-2018,11.1779
118551,13-12-2018,11.106
118551,20-12-2018,11.0665
118551,27-12-2018,11.2315
118551,03-01-2019,11.2576
118551,10-01-2019,11.238
118551,17-01-2019,11.3071
118551,24-01-2019,11.4028
118551,31-01-2019,11.3552
118551,07-02-2019,11.3797
118551,14-02-2019,11.4686
118551,21-02-2019,11.3667
118551,28-02-2019,11.3724
118551,07-03-2019,11.2755
118551,14-03-2019,11.1913
118551,21-03-2019,11.1454
118551,28-03-2019,11.1924
118551,04-04-2019,11.168
118551,11-04-2019,11.1146
118551,18-04-2019,11.1236
118551,25-04-2019,11.026
118551,02-05-2019,11.0682
118551,09-05-2019,11.1728
118551,16-05-2019,11.1702
118551,23-05-2019,11.1566
118551,30-05-2019,11.1944
118551,06-06-2019,11.0172
118551,13-06-2019,11.0689
118551,20-06-2019,11.348
118551,27-06-2019,11.3414
118551,04-07-2019,11.3351
118551,11-07-2019,11.4071
118551,18-07-2019,11.5618
118551,25-07-2019,11.6566
118551,01-08-2019,11.4603
118551,08-08-2019,11.5165
118551,15-08-2019,11.7581
118551,22-08-2019,11.8213
118551,29-08-2019,11.7168
118551,05-09-2019,11.748
118551,12-09-2019,11.6323
118551,19-09-2019,11.7517
118551,26-09-2019,11.6665
118551,03-10-2019,11.6781
118551,10-10-2019,11.6026
118551,17-10-2019,11.5565
118551,24-10-2019,11.6986
118551,31-10-2019,11.7129
118551,07-11-2019,11.6652
118551,14-11-2019,11.563
118551,21-11-2019,11.3945
118551,28-11-2019,11.285
118551,05-12-2019,11.2996
118551,12-12-2019,11.3927
118551,19-12-2019,11.3462
118551,26-12-2019,11.4933
118551,02-01-2020,11.4319
118551,09-01-2020,11.4148
118551,16-01-2020,11.3207
118551,23-01-2020,11.415
118551,30-01-2020,11.6111
118551,06-02-2020,11.4521
118551,13-02-2020,11.425
118551,20-02-2020,11.5451
118551,27-02-2020,11.4161
118551,05-03-2020,11.4724
118551,12-03-2020,11.5891
118551,19-03-2020,11.601
118551,26-03-2020,11.6567
118551,02-04-2020,11.8256
118551,09-04-2020,12.0147
118551,16-04-2020,12.0135
118551,23-04-2020,11.9671
118551,30-04-2020,11.8839
118551,07-05-2020,11.9815
118551,14-05-2020,11.8548
118551,21-05-2020,11.8356
118551,28-05-2020,11.85
118551,04-06-2020,11.8071
118551,11-06-2020,11.8382
118551,18-06-2020,12.0859
118551,25-06-2020,12.0789
118551,02-07-2020,12.0417
118551,09-07-2020,12.1443
118551,16-07-2020,12.1725
118551,23-07-2020,12.3175
118551,30-07-2020,12.3386
118551,06-08-2020,12.3191
118551,13-08-2020,12.1482
118551,20-08-2020,11.9956
118551,27-08-2020,11.8243
118551,03-09-2020,11.8649
118551,10-09-2020,11.7403
118551,17-09-2020,11.863
118551,24-09-2020,11.8706
118551,01-10-2020,11.8521
118551,08-10-2020,11.7769
118551,15-10-2020,11.8402
118551,22-10-2020,11.7687
118551,29-10-2020,11.6807
118551,05-11-2020,11.7964
118551,12-11-2020,11.8346
118551,19-11-2020,11.8171
118551,26-11-2020,11.8824
118551,03-12-2020,11.888
118551,10-12-2020,11.9292
118551,17-12-2020,11.856
118551,24-12-2020,12.0571
118551,31-12-2020,12.006
118551,07-01-2021,12.1603
118551,14-01-2021,12.1468
118551,21-01-2021,12.2301
118551,28-01-2021,12.3068
118551,04-02-2021,12.4246
118551,11-02-2021,12.3461
118551,18-02-2021,12.4572
118551,25-02-2021,12.6462
118551,04-03-2021,12.6251
118551,11-03-2021,12.6337
118551,18-03-2021,12.5858
118551,25-03-2021,12.556
118551,01-04-2021,12.7329
118551,08-04-2021,12.6357
118551,15-04-2021,12.5455
118551,22-04-2021,12.7122
118551,29-04-2021,12.7808
118551,06-05-2021,13.0027
118551,13-05-2021,12.9611
118551,20-05-2021,12.9794
118551,27-05-2021,12.9159
118551,03-06-2021,12.9359
118551,10-06-2021,12.7575
118551,17-06-2021,12.8325
118551,24-06-2021,12.8708
118551,01-07-2021,12.8701
118551,08-07-2021,12.835
118551,15-07-2021,12.7483
118551,22-07-2021,12.8276
118551,29-07-2021,12.7126
118551,05-08-2021,12.7697
118551,12-08-2021,12.9867
118551,19-08-2021,13.1463
118551,26-08-2021,12.9932
118551,02-09-2021,12.9426
118551,09-09-2021,12.9914
118551,16-09-2021,12.9893
118551,23-09-2021,12.8491
118551,30-09-2021,12.8939
118551,07-10-2021,12.898
118551,14-10-2021,13.1007
118551,21-10-2021,13.0794
118551,28-10-2021,13.2068
118551,04-11-2021,13.0782
118551,11-11-2021,12.9759
118551,18-11-2021,13.056
118551,25-11-2021,13.1744
118551,02-12-2021,13.0788
118551,09-12-2021,13.0865
118551,16-12-2021,12.9471
118551,23-12-2021,12.9335
118551,30-12-2021,13.0253
118551,06-01-2022,12.9852
118551,13-01-2022,12.9645
118551,20-01-2022,12.8525
118551,27-01-2022,12.791
118551,03-02-2022,12.976
118551,10-02-2022,12.9888
118551,17-02-2022,12.8898
118551,24-02-2022,12.8625
118551,03-03-2022,12.7033
118551,10-03-2022,12.6053
118551,17-03-2022,12.7475
118551,24-03-2022,12.7381
118551,31-03-2022,12.9359
118551,07-04-2022,12.9312
118551,14-04-2022,12.9326
118551,21-04-2022,13.0041
118551,28-04-2022,12.7313
118551,05-05-2022,12.7572
118551,12-05-2022,12.7573
118551,19-05-2022,12.9141
118551,26-05-2022,13.0189
118551,02-06-2022,12.9061
118551,09-06-2022,13.0395
118551,16-06-2022,13.0173
118551,23-06-2022,12.9284
118551,30-06-2022,12.9539
118551,07-07-2022,12.9381
118551,14-07-2022,13.1025
118551,21-07-2022,13.1434
118551,28-07-2022,13.1703
118551,04-08-2022,13.2705
118551,11-08-2022,13.3918
118551,18-08-2022,13.4811
118551,25-08-2022,13.6396
118551,01-09-2022,13.7115
118551,08-09-2022,13.7354
118551,15-09-2022,13.877
118551,22-09-2022,13.8725
118551,29-09-2022,13.8817
118551,06-10-2022,14.0784
118551,13-10-2022,14.2668
118551,20-10-2022,14.2715
118551,27-10-2022,14.2255
118551,03-11-2022,14.3977
118551,10-11-2022,14.4956
118551,17-11-2022,14.538
118551,24-11-2022,14.5064
118551,01-12-2022,14.5507
118551,08-12-2022,14.554
118551,15-12-2022,14.4824
118551,22-12-2022,14.5032
118551,29-12-2022,14.5398
118551,05-01-2023,14.5019
118551,12-01-2023,14.6126
118551,19-01-2023,14.7691
118551,26-01-2023,14.8896
118551,02-02-2023,14.8627
118551,09-02-2023,14.9585
118551,16-02-2023,14.9738
118551,23-02-2023,14.8317
118551,02-03-2023,14.9175
118551,09-03-2023,14.9409
118551,16-03-2023,15.2569
118551,23-03-2023,15.4409
118551,30-03-2023,15.5349
118551,06-04-2023,15.5721
118551,13-04-2023,15.5987
118551,20-04-2023,15.4797
118551,27-04-2023,15.2705
118551,04-05-2023,15.17
118551,11-05-2023,15.1703
118551,18-05-2023,14.9208
118551,25-05-2023,14.8618
118551,01-06-2023,14.8383
118551,08-06-2023,14.8187
118551,15-06-2023,14.7462
118551,22-06-2023,14.7118
118551,29-06-2023,14.9206
118551,06-07-2023,15.0056
118551,13-07-2023,14.9443
118551,20-07-2023,14.9421
118551,27-07-2023,14.9447
118551,03-08-2023,14.8589
118551,10-08-2023,14.7734
118551,17-08-2023,14.8987
118551,24-08-2023,14.8547
118551,31-08-2023,14.7305
118551,07-09-2023,14.7313
118551,14-09-2023,14.7511
118551,21-09-2023,14.5242
118551,28-09-2023,14.5253
118551,05-10-2023,14.632
118551,12-10-2023,14.6906
118551,19-10-2023,14.9586
118551,26-10-2023,15.1143
118551,02-11-2023,15.2955
118551,09-11-2023,15.6443
118551,16-11-2023,15.7454
118551,23-11-2023,15.7722
118551,30-11-2023,15.9014
118551,07-12-2023,15.8366
118551,14-12-2023,15.8566
118551,21-12-2023,15.7808
118551,28-12-2023,15.8373
118551,04-01-2024,15.7611
118551,11-01-2024,15.6808
118551,18-01-2024,15.7389
118551,25-01-2024,15.7279
118551,01-02-2024,15.4916
118551,08-02-2024,15.3174
118551,15-02-2024,15.183
118551,22-02-2024,15.0818
118551,29-02-2024,15.1378
118551,07-03-2024,15.1704
118551,14-03-2024,15.3058
118551,21-03-2024,15.4041
118551,28-03-2024,15.5423
118551,04-04-2024,15.6242
118551,11-04-2024,15.6566
118551,18-04-2024,15.8006
118551,25-04-2024,15.9231
118551,02-05-2024,15.9774
118551,09-05-2024,16.1463
118551,16-05-2024,15.8497
118551,23-05-2024,15.8192
118551,30-05-2024,15.7869
118551,06-06-2024,15.9388
118551,13-06-2024,16.1455
118551,20-06-2024,15.9647
118551,27-06-2024,16.1513
118551,04-07-2024,16.0064
118551,11-07-2024,15.8666
118551,18-07-2024,15.8432
118551,25-07-2024,15.8093
120178,01-01-2015,9.8793
120178,08-01-2015,9.9346
120178,15-01-2015,9.9926
120178,22-01-2015,10.0809
120178,29-01-2015,10.0499
120178,05-02-2015,10.0508
120178,12-02-2015,10.0524
120178,19-02-2015,10.1921
120178,26-02-2015,9.9651
120178,05-03-2015,9.8928
120178,12-03-2015,9.8972
120178,19-03-2015,9.8152
120178,26-03-2015,9.7988
120178,02-04-2015,9.7929
120178,09-04-2015,9.7453
120178,16-04-2015,9.7542
120178,23-04-2015,9.8071
120178,30-04-2015,9.7925
120178,07-05-2015,9.7609
120178,14-05-2015,9.7519
120178,21-05-2015,9.7552
120178,28-05-2015,9.6233
120178,04-06-2015,9.6627
120178,11-06-2015,9.6317
120178,18-06-2015,9.7327
120178,25-06-2015,9.7826
120178,02-07-2015,9.8781
120178,09-07-2015,9.8022
120178,16-07-2015,9.777
120178,23-07-2015,9.6837
120178,30-07-2015,9.633
120178,06-08-2015,9.7333
120178,13-08-2015,9.853
120178,20-08-2015,9.7665
120178,27-08-2015,9.7346
120178,03-09-2015,9.7325
120178,10-09-2015,9.782
120178,17-09-2015,9.6482
120178,24-09-2015,9.5283
120178,01-10-2015,9.5695
120178,08-10-2015,9.4241
120178,15-10-2015,9.3942
120178,22-10-2015,9.4101
120178,29-10-2015,9.4452
120178,05-11-2015,9.4382
120178,12-11-2015,9.4144
120178,19-11-2015,9.4818
120178,26-11-2015,9.5072
120178,03-12-2015,9.4618
120178,10-12-2015,9.4684
120178,17-12-2015,9.5012
120178,24-12-2015,9.6356
120178,31-12-2015,9.7001
120178,07-01-2016,9.7982
120178,14-01-2016,9.7543
120178,21-01-2016,9.7173
120178,28-01-2016,9.7029
120178,04-02-2016,9.6956
120178,11-02-2016,9.6213
120178,18-02-2016,9.7226
120178,25-02-2016,9.7952
120178,03-03-2016,9.7752
120178,10-03-2016,9.8293
120178,17-03-2016,9.8507
120178,24-03-2016,9.9114
120178,31-03-2016,9.8088
120178,07-04-2016,9.8012
120178,14-04-2016,9.8006
120178,21-04-2016,9.8534
120178,28-04-2016,9.8078
120178,05-05-2016,9.6156
120178,12-05-2016,9.5362
120178,19-05-2016,9.5354
120178,26-05-2016,9.5441
120178,02-06-2016,9.6765
120178,09-06-2016,9.7254
120178,16-06-2016,9.7357
120178,23-06-2016,9.7371
120178,30-06-2016,9.827
120178,07-07-2016,9.7845
120178,14-07-2016,9.7774
120178,21-07-2016,9.6961
120178,28-07-2016,9.8101
120178,04-08-2016,9.8448
120178,11-08-2016,9.793
120178,18-08-2016,9.788
120178,25-08-2016,9.8318
120178,01-09-2016,9.816
120178,08-09-2016,9.778
120178,15-09-2016,9.7307
120178,22-09-2016,9.761
120178,29-09-2016,9.7369
120178,06-10-2016,9.7055
120178,13-10-2016,9.6056
120178,20-10-2016,9.6154
120178,27-10-2016,9.6053
120178,03-11-2016,9.5845
120178,10-11-2016,9.6035
120178,17-11-2016,9.6648
120178,24-11-2016,9.7229
120178,01-12-2016,9.7698
120178,08-12-2016,9.7549
120178,15-12-2016,9.7146
120178,22-12-2016,9.6373
120178,29-12-2016,9.5955
120178,05-01-2017,9.6008
120178,12-01-2017,9.5443
120178,19-01-2017,9.5554
120178,26-01-2017,9.4854
120178,02-02-2017,9.3632
120178,09-02-2017,9.4283
120178,16-02-2017,9.3963
120178,23-02-2017,9.3371
120178,02-03-2017,9.2592
120178,09-03-2017,9.2942
120178,16-03-2017,9.4001
120178,23-03-2017,9.3736
120178,30-03-2017,9.3612
120178,06-04-2017,9.4452
120178,13-04-2017,9.3122
120178,20-04-2017,9.4624
120178,27-04-2017,9.6512
120178,04-05-2017,9.4461
120178,11-05-2017,9.4425
120178,18-05-2017,9.392
120178,25-05-2017,9.3759
120178,01-06-2017,9.3482
120178,08-06-2017,9.4127
120178,15-06-2017,9.408
120178,22-06-2017,9.3432
120178,29-06-2017,9.334
120178,06-07-2017,9.3762
120178,13-07-2017,9.2912
120178,20-07-2017,9.1725
120178,27-07-2017,9.3224
120178,03-08-2017,9.2782
120178,10-08-2017,9.2717
120178,17-08-2017,9.2459
120178,24-08-2017,9.2902
120178,31-08-2017,9.4257
120178,07-09-2017,9.4732
120178,14-09-2017,9.3619
120178,21-09-2017,9.262
120178,28-09-2017,9.2361
120178,05-10-2017,9.22
120178,12-10-2017,9.0967
120178,19-10-2017,9.1599
120178,26-10-2017,9.084
120178,02-11-2017,9.1961
120178,09-11-2017,9.3338
120178,16-11-2017,9.319
120178,23-11-2017,9.3554
120178,30-11-2017,9.2669
120178,07-12-2017,9.3169
120178,14-12-2017,9.2835
120178,21-12-2017,9.2064
120178,28-12-2017,9.1888
120178,04-01-2018,9.1583
120178,11-01-2018,9.1381
120178,18-01-2018,9.2112
120178,25-01-2018,9.157
120178,01-02-2018,9.2878
120178,08-02-2018,9.193
120178,15-02-2018,9.3155
120178,22-02-2018,9.2435
120178,01-03-2018,9.2471
120178,08-03-2018,9.2145
120178,15-03-2018,9.1929
120178,22-03-2018,9.2555
120178,29-03-2018,9.3702
120178,05-04-2018,9.4632
120178,12-04-2018,9.4364
120178,19-04-2018,9.4541
120178,26-04-2018,9.3987
120178,03-05-2018,9.3279
120178,10-05-2018,9.2461
120178,17-05-2018,9.2174
120178,24-05-2018,9.2395
120178,31-05-2018,9.1019
120178,07-06-2018,9.1022
120178,14-06-2018,9.2162
120178,21-06-2018,9.3026
120178,28-06-2018,9.2628
120178,05-07-2018,9.163
120178,12-07-2018,9.2003
120178,19-07-2018,9.0334
120178,26-07-2018,9.1173
120178,02-08-2018,9.1054
120178,09-08-2018,9.2424
120178,16-08-2018,9.1184
120178,23-08-2018,9.189
120178,30-08-2018,9.1853
120178,06-09-2018,9.1647
120178,13-09-2018,9.0679
120178,20-09-2018,9.1147
120178,27-09-2018,9.1677
120178,04-10-2018,9.3023
120178,11-10-2018,9.381
120178,18-10-2018,9.3402
120178,25-10-2018,9.2689
120178,01-11-2018,9.1712
120178,08-11-2018,9.2829
120178,15-11-2018,9.2288
120178,22-11-2018,9.3418
120178,29-11-2018,9.3848
120178,06-12-2018,9.4133
120178,13-12-2018,9.394
120178,20-12-2018,9.4474
120178,27-12-2018,9.45
120178,03-01-2019,9.4259
120178,10-01-2019,9.4821
120178,17-01-2019,9.475
120178,24-01-2019,9.4183
120178,31-01-2019,9.4672
120178,07-02-2019,9.4662
120178,14-02-2019,9.507
120178,21-02-2019,9.4763
120178,28-02-2019,9.3884
120178,07-03-2019,9.5225
120178,14-03-2019,9.6441
120178,21-03-2019,9.7161
120178,28-03-2019,9.6899
120178,04-04-2019,9.6705
120178,11-04-2019,9.7813
120178,18-04-2019,9.7575
120178,25-04-2019,9.712
120178,02-05-2019,9.8614
120178,09-05-2019,9.8616
120178,16-05-2019,10.005
120178,23-05-2019,9.8971
120178,30-05-2019,9.9421
120178,06-06-2019,10.1108
120178,13-06-2019,10.1172
120178,20-06-2019,10.0999
120178,27-06-2019,10.0096
120178,04-07-2019,10.1003
120178,11-07-2019,10.0421
120178,18-07-2019,10.0385
120178,25-07-2019,9.9434
120178,01-08-2019,10.0712
120178,08-08-2019,10.1683
120178,15-08-2019,10.1698
120178,22-08-2019,10.0799
120178,29-08-2019,10.2078
120178,05-09-2019,10.182
120178,12-09-2019,10.0961
120178,19-09-2019,9.9578
120178,26-09-2019,9.9103
120178,03-10-2019,9.7989
120178,10-10-2019,9.754
120178,17-10-2019,9.816
120178,24-10-2019,9.7905
120178,31-10-2019,9.8222
120178,07-11-2019,9.7693
120178,14-11-2019,9.7783
120178,21-11-2019,9.9325
120178,28-11-2019,9.9088
120178,05-12-2019,9.9432
120178,12-12-2019,9.8227
120178,19-12-2019,9.9461
120178,26-12-2019,9.9121
120178,02-01-2020,9.9993
120178,09-01-2020,9.9935
120178,16-01-2020,10.0464
120178,23-01-2020,10.1043
120178,30-01-2020,10.0718
120178,06-02-2020,10.1638
120178,13-02-2020,10.1062
120178,20-02-2020,10.1731
120178,27-02-2020,10.1454
120178,05-03-2020,10.1778
120178,12-03-2020,10.1443
120178,19-03-2020,10.1524
120178,26-03-2020,10.0692
120178,02-04-2020,10.0931
120178,09-04-2020,10.1007
120178,16-04-2020,10.0611
120178,23-04-2020,10.0607
120178,30-04-2020,10.0755
120178,07-05-2020,10.0299
120178,14-05-2020,10.0236
120178,21-05-2020,9.947
120178,28-05-2020,10.1376
120178,04-06-2020,10.2275
120178,11-06-2020,10.254
120178,18-06-2020,10.3542
120178,25-06-2020,10.1944
120178,02-07-2020,9.9899
120178,09-07-2020,9.962
120178,16-07-2020,9.8561
120178,23-07-2020,9.8414
120178,30-07-2020,9.8615
120178,06-08-2020,9.9381
120178,13-08-2020,9.8516
120178,20-08-2020,9.887
120178,27-08-2020,9.8921
120178,03-09-2020,9.9236
120178,10-09-2020,9.8863
120178,17-09-2020,9.9996
120178,24-09-2020,9.9953
120178,01-10-2020,10.1412
120178,08-10-2020,10.0811
120178,15-10-2020,10.1451
120178,22-10-2020,10.1443
120178,29-10-2020,10.1217
120178,05-11-2020,10.177
120178,12-11-2020,10.1567
120178,19-11-2020,9.9445
120178,26-11-2020,9.7048
120178,03-12-2020,9.8074
120178,10-12-2020,9.9079
120178,17-12-2020,10.0615
120178,24-12-2020,10.0641
120178,31-12-2020,9.964
120178,07-01-2021,9.9346
120178,14-01-2021,9.9394
120178,21-01-2021,9.8633
120178,28-01-2021,9.9974
120178,04-02-2021,10.1805
120178,11-02-2021,10.2235
120178,18-02-2021,10.2267
120178,25-02-2021,10.1249
120178,04-03-2021,10.2542
120178,11-03-2021,10.2645
120178,18-03-2021,10.2449
120178,25-03-2021,10.2884
120178,01-04-2021,10.2443
120178,08-04-2021,10.2605
120178,15-04-2021,10.1462
120178,22-04-2021,10.2385
120178,29-04-2021,10.234
120178,06-05-2021,10.333
120178,13-05-2021,10.3205
120178,20-05-2021,10.3134
120178,27-05-2021,10.2175
120178,03-06-2021,10.2837
120178,10-06-2021,10.2157
120178,17-06-2021,10.18
120178,24-06-2021,10.1842
120178,01-07-2021,10.1982
120178,08-07-2021,10.063
120178,15-07-2021,10.0485
120178,22-07-2021,10.1164
120178,29-07-2021,10.0899
120178,05-08-2021,10.0758
120178,12-08-2021,10.0929
120178,19-08-2021,10.0867
120178,26-08-2021,10.0076
120178,02-09-2021,10.0087
120178,09-09-2021,10.0923
120178,16-09-2021,10.0115
120178,23-09-2021,9.9855
120178,30-09-2021,9.8791
120178,07-10-2021,9.9575
120178,14-10-2021,9.9541
120178,21-10-2021,9.8904
120178,28-10-2021,9.9016
120178,04-11-2021,9.8102
120178,11-11-2021,9.7331
120178,18-11-2021,9.6233
120178,25-11-2021,9.545
120178,02-12-2021,9.6524
120178,09-12-2021,9.5997
120178,16-12-2021,9.6393
120178,23-12-2021,9.5787
120178,30-12-2021,9.6407
120178,06-01-2022,9.5655
120178,13-01-2022,9.5723
120178,20-01-2022,9.5802
120178,27-01-2022,9.7624
120178,03-02-2022,9.8155
120178,10-02-2022,9.7729
120178,17-02-2022,9.8304
120178,24-02-2022,10.0025
120178,03-03-2022,9.8761
120178,10-03-2022,9.8134
120178,17-03-2022,9.7988
120178,24-03-2022,9.77
120178,31-03-2022,9.7479
120178,07-04-2022,9.6501
120178,14-04-2022,9.7623
120178,21-04-2022,9.6551
120178,28-04-2022,9.6435
120178,05-05-2022,9.7281
120178,12-05-2022,9.7296
120178,19-05-2022,9.6573
120178,26-05-2022,9.5569
120178,02-06-2022,9.5432
120178,09-06-2022,9.4892
120178,16-06-2022,9.5086
120178,23-06-2022,9.4058
120178,30-06-2022,9.4707
120178,07-07-2022,9.4833
120178,14-07-2022,9.5015
120178,21-07-2022,9.6148
120178,28-07-2022,9.585
120178,04-08-2022,9.5331
120178,11-08-2022,9.4952
120178,18-08-2022,9.4844
120178,25-08-2022,9.4812
120178,01-09-2022,9.422
120178,08-09-2022,9.2733
120178,15-09-2022,9.2354
120178,22-09-2022,9.2657
120178,29-09-2022,9.2795
120178,06-10-2022,9.3723
120178,13-10-2022,9.5226
120178,20-10-2022,9.5843
120178,27-10-2022,9.6941
120178,03-11-2022,9.7575
120178,10-11-2022,9.8948
120178,17-11-2022,10.0453
120178,24-11-2022,10.1258
120178,01-12-2022,10.187
120178,08-12-2022,10.1744
120178,15-12-2022,10.1751
120178,22-12-2022,10.1517
120178,29-12-2022,10.2062
120178,05-01-2023,10.1514
120178,12-01-2023,10.14
120178,19-01-2023,9.953
120178,26-01-2023,10.0942
120178,02-02-2023,10.0804
120178,09-02-2023,10.1212
120178,16-02-2023,10.2432
120178,23-02-2023,10.272
120178,02-03-2023,10.3948
120178,09-03-2023,10.2957
120178,16-03-2023,10.4972
120178,23-03-2023,10.5927
120178,30-03-2023,10.6147
120178,06-04-2023,10.7399
120178,13-04-2023,10.6438
120178,20-04-2023,10.6235
120178,27-04-2023,10.7505
120178,04-05-2023,10.5942
120178,11-05-2023,10.646
120178,18-05-2023,10.6956
120178,25-05-2023,10.8683
120178,01-06-2023,10.735
120178,08-06-2023,10.8776
120178,15-06-2023,10.8332
120178,22-06-2023,10.7988
120178,29-06-2023,10.6976
120178,06-07-2023,10.6088
120178,13-07-2023,10.6473
120178,20-07-2023,10.5568
120178,27-07-2023,10.6235
120178,03-08-2023,10.5714
120178,10-08-2023,10.4731
120178,17-08-2023,10.433
120178,24-08-2023,10.4653
120178,31-08-2023,10.4463
120178,07-09-2023,10.4533
120178,14-09-2023,10.5157
120178,21-09-2023,10.611
120178,28-09-2023,10.5889
120178,05-10-2023,10.5047
120178,12-10-2023,10.5153
120178,19-10-2023,10.5591
120178,26-10-2023,10.4399
120178,02-11-2023,10.3697
120178,09-11-2023,10.3142
120178,16-11-2023,10.3012
120178,23-11-2023,10.2426
120178,30-11-2023,10.3046
120178,07-12-2023,10.1764
120178,14-12-2023,10.0519
120178,21-12-2023,10.029
120178,28-12-2023,10.0189
120178,04-01-2024,9.9064
120178,11-01-2024,9.8622
120178,18-01-2024,9.8345
120178,25-01-2024,9.8075
120178,01-02-2024,9.8234
120178,08-02-2024,9.7753
120178,15-02-2024,9.8948
120178,22-02-2024,9.9374
120178,29-02-2024,9.8772
120178,07-03-2024,9.8886
120178,14-03-2024,9.9024
120178,21-03-2024,10.0026
120178,28-03-2024,9.9585
120178,04-04-2024,10.0236
120178,11-04-2024,10.031
120178,18-04-2024,10.1547
120178,25-04-2024,10.2637
120178,02-05-2024,10.2839
120178,09-05-2024,10.2665
120178,16-05-2024,10.3122
120178,23-05-2024,10.3014
120178,30-05-2024,10.444
120178,06-06-2024,10.4548
120178,13-06-2024,10.425
120178,20-06-2024,10.3908
120178,27-06-2024,10.2942
120178,04-07-2024,10.3441
120178,11-07-2024,10.2804
120178,18-07-2024,10.3748
120178,25-07-2024,10.2717
119203,01-01-2015,10.0142
119203,08-01-2015,10.1103
119203,15-01-2015,9.9403
119203,22-01-2015,10.1048
119203,29-01-2015,10.0744
119203,05-02-2015,10.0898
119203,12-02-2015,10.14
119203,19-02-2015,10.203
119203,26-02-2015,10.2294
119203,05-03-2015,10.3151
119203,12-03-2015,10.3621
119203,19-03-2015,10.5122
119203,26-03-2015,10.5603
119203,02-04-2015,10.7305
119203,09-04-2015,10.8122
119203,16-04-2015,10.6603
119203,23-04-2015,10.8872
119203,30-04-2015,10.8416
119203,07-05-2015,10.9756
119203,14-05-2015,10.9824
119203,21-05-2015,11.08
119203,28-05-2015,11.0234
119203,04-06-2015,11.083
119203,11-06-2015,11.065
119203,18-06-2015,11.2092
119203,25-06-2015,11.253
119203,02-07-2015,11.3417
119203,09-07-2015,11.1499
119203,16-07-2015,11.1467
119203,23-07-2015,11.1878
119203,30-07-2015,11.2123
119203,06-08-2015,11.303
119203,13-08-2015,11.2744
119203,20-08-2015,11.2833
119203,27-08-2015,11.3945
119203,03-09-2015,11.1913
119203,10-09-2015,11.2486
119203,17-09-2015,11.223
119203,24-09-2015,11.1456
119203,01-10-2015,11.1801
119203,08-10-2015,11.2943
119203,15-10-2015,11.3927
119203,22-10-2015,11.385
119203,29-10-2015,11.4693
119203,05-11-2015,11.5535
119203,12-11-2015,11.5501
119203,19-11-2015,11.4907
119203,26-11-2015,11.4369
119203,03-12-2015,11.5181
119203,10-12-2015,11.5188
119203,17-12-2015,11.427
119203,24-12-2015,11.2776
119203,31-12-2015,11.3571
119203,07-01-2016,11.312
119203,14-01-2016,11.3464
119203,21-01-2016,11.4635
119203,28-01-2016,11.348
119203,04-02-2016,11.3485
119203,11-02-2016,11.3375
119203,18-02-2016,11.3765
119203,25-02-2016,11.4938
119203,03-03-2016,11.3762
119203,10-03-2016,11.4326
119203,17-03-2016,11.5315
119203,24-03-2016,11.5189
119203,31-03-2016,11.5109
119203,07-04-2016,11.554
119203,14-04-2016,11.5905
119203,21-04-2016,11.6491
119203,28-04-2016,11.7061
119203,05-05-2016,11.6188
119203,12-05-2016,11.7155
119203,19-05-2016,11.8295
119203,26-05-2016,11.8519
119203,02-06-2016,11.715
119203,09-06-2016,11.7089
119203,16-06-2016,11.7318
119203,23-06-2016,11.6291
119203,30-06-2016,11.6002
119203,07-07-2016,11.474
119203,14-07-2016,11.5344
119203,21-07-2016,11.5543
119203,28-07-2016,11.4068
119203,04-08-2016,11.4434
119203,11-08-2016,11.4428
119203,18-08-2016,11.4947
119203,25-08-2016,11.4633
119203,01-09-2016,11.3944
119203,08-09-2016,11.3287
119203,15-09-2016,11.2844
119203,22-09-2016,11.2906
119203,29-09-2016,11.3085
119203,06-10-2016,11.2958
119203,13-10-2016,11.262
119203,20-10-2016,11.2349
119203,27-10-2016,11.4648
119203,03-11-2016,11.3987
119203,10-11-2016,11.3524
119203,17-11-2016,11.656
119203,24-11-2016,11.7
119203,01-12-2016,11.5755
119203,08-12-2016,11.6581
119203,15-12-2016,11.5779
119203,22-12-2016,11.6668
119203,29-12-2016,11.6517
119203,05-01-2017,11.6154
119203,12-01-2017,11.7696
119203,19-01-2017,11.8276
119203,26-01-2017,11.9244
119203,02-02-2017,11.9707
119203,09-02-2017,11.9329
119203,16-02-2017,11.996
119203,23-02-2017,12.1169
119203,02-03-2017,12.1348
119203,09-03-2017,12.3145
119203,16-03-2017,12.4033
119203,23-03-2017,12.4292
119203,30-03-2017,12.4592
119203,06-04-2017,12.4779
119203,13-04-2017,12.358
119203,20-04-2017,12.354
119203,27-04-2017,12.3808
119203,04-05-2017,12.3446
119203,11-05-2017,12.3828
119203,18-05-2017,12.3899
119203,25-05-2017,12.4716
119203,01-06-2017,12.5427
119203,08-06-2017,12.5645
119203,15-06-2017,12.4321
119203,22-06-2017,12.6152
119203,29-06-2017,12.6059
119203,06-07-2017,12.6028
119203,13-07-2017,12.5733
119203,20-07-2017,12.5292
119203,27-07-2017,12.689
119203,03-08-2017,12.8347
119203,10-08-2017,12.8855
119203,17-08-2017,12.8796
119203,24-08-2017,12.9485
119203,31-08-2017,12.9613
119203,07-09-2017,12.9468
119203,14-09-2017,12.987
119203,21-09-2017,12.9464
119203,28-09-2017,12.9777
119203,05-10-2017,13.0041
119203,12-10-2017,13.072
119203,19-10-2017,13.0125
119203,26-10-2017,13.0916
119203,02-11-2017,13.0019
119203,09-11-2017,12.9476
119203,16-11-2017,12.8979
119203,23-11-2017,12.7925
119203,30-11-2017,12.9015
119203,07-12-2017,12.8067
119203,14-12-2017,12.7402
119203,21-12-2017,12.8733
119203,28-12-2017,12.8196
119203,04-01-2018,12.8055
119203,11-01-2018,12.7069
119203,18-01-2018,12.7967
119203,25-01-2018,12.8885
119203,01-02-2018,12.9698
119203,08-02-2018,13.0308
119203,15-02-2018,13.0437
119203,22-02-2018,12.9942
119203,01-03-2018,12.9147
119203,08-03-2018,13.0531
119203,15-03-2018,13.1382
119203,22-03-2018,13.0706
119203,29-03-2018,13.0799
119203,05-04-2018,13.0538
119203,12-04-2018,12.9412
119203,19-04-2018,12.9647
119203,26-04-2018,12.9268
119203,03-05-2018,12.8335
119203,10-05-2018,12.6868
119203,17-05-2018,12.5331
119203,24-05-2018,12.5009
119203,31-05-2018,12.4974
119203,07-06-2018,12.4149
119203,14-06-2018,12.4845
119203,21-06-2018,12.4829
119203,28-06-2018,12.5455
119203,05-07-2018,12.5322
119203,12-07-2018,12.4583
119203,19-07-2018,12.4746
119203,26-07-2018,12.3536
119203,02-08-2018,12.4119
119203,09-08-2018,12.3238
119203,16-08-2018,12.4192
119203,23-08-2018,12.3906
119203,30-08-2018,12.5009
119203,06-09-2018,12.3936
119203,13-09-2018,12.3314
119203,20-09-2018,12.3739
119203,27-09-2018,12.4947
119203,04-10-2018,12.6663
119203,11-10-2018,12.6755
119203,18-10-2018,12.867
119203,25-10-2018,12.8423
119203,01-11-2018,12.9603
119203,08-11-2018,12.8678
119203,15-11-2018,12.9162
119203,22-11-2018,12.6794
119203,29-11-2018,12.5707
119203,06-12-2018,12.6227
119203,13-12-2018,12.4952
119203,20-12-2018,12.5429
119203,27-12-2018,12.6388
119203,03-01-2019,12.5932
119203,10-01-2019,12.5006
119203,17-01-2019,12.4582
119203,24-01-2019,12.3669
119203,31-01-2019,12.3619
119203,07-02-2019,12.3769
119203,14-02-2019,12.3516
119203,21-02-2019,12.5219
119203,28-02-2019,12.4549
119203,07-03-2019,12.5985
119203,14-03-2019,12.4986
119203,21-03-2019,12.5109
119203,28-03-2019,12.6343
119203,04-04-2019,12.7537
119203,11-04-2019,12.7159
119203,18-04-2019,12.7775
119203,25-04-2019,12.8256
119203,02-05-2019,12.7754
119203,09-05-2019,12.8434
119203,16-05-2019,13.0399
119203,23-05-2019,13.0944
119203,30-05-2019,13.1589
119203,06-06-2019,13.235
119203,13-06-2019,13.0856
119203,20-06-2019,13.139
119203,27-06-2019,13.0374
119203,04-07-2019,12.981
119203,11-07-2019,13.2108
119203,18-07-2019,13.1893
119203,25-07-2019,13.1164
119203,01-08-2019,13.2426
119203,08-08-2019,13.1475
119203,15-08-2019,13.1057
119203,22-08-2019,13.2419
119203,29-08-2019,13.2518
119203,05-09-2019,13.0915
119203,12-09-2019,13.1537
119203,19-09-2019,13.1173
119203,26-09-2019,13.2841
119203,03-10-2019,13.225
119203,10-10-2019,13.3415
119203,17-10-2019,13.5364
119203,24-10-2019,13.4496
119203,31-10-2019,13.4342
119203,07-11-2019,13.4814
119203,14-11-2019,13.3943
119203,21-11-2019,13.4286
119203,28-11-2019,13.4098
119203,05-12-2019,13.3889
119203,12-12-2019,13.3995
119203,19-12-2019,13.4125
119203,26-12-2019,13.4354
119203,02-01-2020,13.3764
119203,09-01-2020,13.3224
119203,16-01-2020,13.3151
119203,23-01-2020,13.3156
119203,30-01-2020,13.2742
119203,06-02-2020,13.3139
119203,13-02-2020,13.126
119203,20-02-2020,13.0545
119203,27-02-2020,13.0305
119203,05-03-2020,12.9465
119203,12-03-2020,13.1204
119203,19-03-2020,13.1276
119203,26-03-2020,13.1514
119203,02-04-2020,13.1058
119203,09-04-2020,13.1094
119203,16-04-2020,12.9872
119203,23-04-2020,12.9748
119203,30-04-2020,12.8827
119203,07-05-2020,12.8593
119203,14-05-2020,12.6011
119203,21-05-2020,12.4924
119203,28-05-2020,12.6437
119203,04-06-2020,12.7327
119203,11-06-2020,12.8722
119203,18-06-2020,13.0202
119203,25-06-2020,13.0955
119203,02-07-2020,13.0533
119203,09-07-2020,12.9502
119203,16-07-2020,13.0742
119203,23-07-2020,13.0862
119203,30-07-2020,13.3525
119203,06-08-2020,13.3189
119203,13-08-2020,13.5344
119203,20-08-2020,13.5229
119203,27-08-2020,13.6728
119203,03-09-2020,13.8639
119203,10-09-2020,13.756
119203,17-09-2020,13.7081
119203,24-09-2020,13.6003
119203,01-10-2020,13.4719
119203,08-10-2020,13.5492
119203,15-10-2020,13.5333
119203,22-10-2020,13.5444
119203,29-10-2020,13.6101
119203,05-11-2020,13.4133
119203,12-11-2020,13.5567
119203,19-11-2020,13.5243
119203,26-11-2020,13.5873
119203,03-12-2020,13.6602
119203,10-12-2020,13.8155
119203,17-12-2020,13.8094
119203,24-12-2020,13.5803
119203,31-12-2020,13.592
119203,07-01-2021,13.6192
119203,14-01-2021,13.512
119203,21-01-2021,13.5333
119203,28-01-2021,13.4997
119203,04-02-2021,13.36
119203,11-02-2021,13.4372
119203,18-02-2021,13.3819
119203,25-02-2021,13.3438
119203,04-03-2021,13.2997
119203,11-03-2021,13.4365
119203,18-03-2021,13.4375
119203,25-03-2021,13.4514
119203,01-04-2021,13.4093
119203,08-04-2021,13.4643
119203,15-04-2021,13.6151
119203,22-04-2021,13.6911
119203,29-04-2021,13.7718
119203,06-05-2021,13.8441
119203,13-05-2021,13.6968
119203,20-05-2021,13.6062
119203,27-05-2021,13.5894
119203,03-06-2021,13.5159
119203,10-06-2021,13.4062
119203,17-06-2021,13.2108
119203,24-06-2021,13.0737
119203,01-07-2021,13.0521
119203,08-07-2021,13.0501
119203,15-07-2021,12.9725
119203,22-07-2021,12.9859
119203,29-07-2021,12.946
119203,05-08-2021,13.0642
119203,12-08-2021,13.0525
119203,19-08-2021,13.1304
119203,26-08-2021,13.157
119203,02-09-2021,13.0147
119203,09-09-2021,13.0105
119203,16-09-2021,12.8871
119203,23-09-2021,12.8811
119203,30-09-2021,12.8095
119203,07-10-2021,12.8537
119203,14-10-2021,12.7208
119203,21-10-2021,12.7274
119203,28-10-2021,12.7908
119203,04-11-2021,12.8888
119203,11-11-2021,12.8151
119203,18-11-2021,12.8221
119203,25-11-2021,12.8461
119203,02-12-2021,13.0102
119203,09-12-2021,12.8613
119203,16-12-2021,12.7727
119203,23-12-2021,13.0643
119203,30-12-2021,13.041
119203,06-01-2022,12.849
119203,13-01-2022,12.7942
119203,20-01-2022,12.5159
119203,27-01-2022,12.5451
119203,03-02-2022,12.6313
119203,10-02-2022,12.5443
119203,17-02-2022,12.502
119203,24-02-2022,12.5994
119203,03-03-2022,12.4281
119203,10-03-2022,12.3016
119203,17-03-2022,12.2841
119203,24-03-2022,12.2151
119203,31-03-2022,12.1913
119203,07-04-2022,12.0729
119203,14-04-2022,12.0984
119203,21-04-2022,12.0888
119203,28-04-2022,12.1467
119203,05-05-2022,12.1711
119203,12-05-2022,12.1961
119203,19-05-2022,12.0598
119203,26-05-2022,12.1122
119203,02-06-2022,12.085
119203,09-06-2022,12.0737
119203,16-06-2022,12.1798
119203,23-06-2022,12.1145
119203,30-06-2022,12.2503
119203,07-07-2022,12.3968
119203,14-07-2022,12.4764
119203,21-07-2022,12.3835
119203,28-07-2022,12.1719
119203,04-08-2022,12.2818
119203,11-08-2022,12.2977
119203,18-08-2022,12.2293
119203,25-08-2022,12.349
119203,01-09-2022,12.2688
119203,08-09-2022,12.2321
119203,15-09-2022,12.2883
119203,22-09-2022,12.1838
119203,29-09-2022,12.178
119203,06-10-2022,12.289
119203,13-10-2022,12.3146
119203,20-10-2022,12.4425
119203,27-10-2022,12.5603
119203,03-11-2022,12.5661
119203,10-11-2022,12.3362
119203,17-11-2022,12.232
119203,24-11-2022,12.3116
119203,01-12-2022,12.1638
119203,08-12-2022,12.1369
119203,15-12-2022,12.1746
119203,22-12-2022,12.3226
119203,29-12-2022,12.2709
119203,05-01-2023,12.2126
119203,12-01-2023,12.2124
119203,19-01-2023,12.2515
119203,26-01-2023,12.2413
119203,02-02-2023,12.349
119203,09-02-2023,12.275
119203,16-02-2023,12.2917
119203,23-02-2023,12.3404
119203,02-03-2023,12.3058
119203,09-03-2023,12.3934
119203,16-03-2023,12.4131
119203,23-03-2023,12.4964
119203,30-03-2023,12.5208
119203,06-04-2023,12.5635
119203,13-04-2023,12.505
119203,20-04-2023,12.4469
119203,27-04-2023,12.5738
119203,04-05-2023,12.6427
119203,11-05-2023,12.5443
119203,18-05-2023,12.5675
119203,25-05-2023,12.3339
119203,01-06-2023,12.2822
119203,08-06-2023,12.3815
119203,15-06-2023,12.3741
119203,22-06-2023,12.3907
119203,29-06-2023,12.0966
119203,06-07-2023,12.0635
119203,13-07-2023,12.101
119203,20-07-2023,12.1509
119203,27-07-2023,12.2493
119203,03-08-2023,12.2336
119203,10-08-2023,12.2223
119203,17-08-2023,12.0969
119203,24-08-2023,12.0819
119203,31-08-2023,11.9648
119203,07-09-2023,11.7928
119203,14-09-2023,11.6951
119203,21-09-2023,11.8409
119203,28-09-2023,11.82
119203,05-10-2023,11.8455
119203,12-10-2023,11.8016
119203,19-10-2023,11.6373
119203,26-10-2023,11.7291
119203,02-11-2023,11.53
119203,09-11-2023,11.4834
119203,16-11-2023,11.483
119203,23-11-2023,11.5087
119203,30-11-2023,11.4465
119203,07-12-2023,11.2827
119203,14-12-2023,11.2149
119203,21-12-2023,11.1523
119203,28-12-2023,11.0877
119203,04-01-2024,11.1782
119203,11-01-2024,11.0742
119203,18-01-2024,11.1053
119203,25-01-2024,11.1238
119203,01-02-2024,11.2137
119203,08-02-2024,11.2062
119203,15-02-2024,11.2816
119203,22-02-2024,11.2706
119203,29-02-2024,11.3143
119203,07-03-2024,11.1828
119203,14-03-2024,10.9512
119203,21-03-2024,10.9887
119203,28-03-2024,11.031
119203,04-04-2024,11.0773
119203,11-04-2024,11.0353
119203,18-04-2024,11.1712
119203,25-04-2024,11.1346
119203,02-05-2024,11.1765
119203,09-05-2024,11.2341
119203,16-05-2024,11.3931
119203,23-05-2024,11.3688
119203,30-05-2024,11.3139
119203,06-06-2024,11.1828
119203,13-06-2024,11.3262
119203,20-06-2024,11.3689
119203,27-06-2024,11.4146
119203,04-07-2024,11.7038
119203,11-07-2024,11.7389
119203,18-07-2024,11.6213
119203,25-07-2024,11.6078
118712,01-01-2015,9.926
118712,08-01-2015,9.8986
118712,15-01-2015,9.8706
118712,22-01-2015,9.8282
118712,29-01-2015,9.7226
118712,05-02-2015,9.8504
118712,12-02-2015,9.8779
118712,19-02-2015,9.864
118712,26-02-2015,9.9277
118712,05-03-2015,9.9691
118712,12-03-2015,9.9951
118712,19-03-2015,10.0538
118712,26-03-2015,10.0686
118712,02-04-2015,10.1267
118712,09-04-2015,10.1917
118712,16-04-2015,10.2091
118712,23-04-2015,10.1951
118712,30-04-2015,10.324
118712,07-05-2015,10.2887
118712,14-05-2015,10.325
118712,21-05-2015,10.3633
118712,28-05-2015,10.317
118712,04-06-2015,10.2544
118712,11-06-2015,10.2295
118712,18-06-2015,10.1933
118712,25-06-2015,10.0785
118712,02-07-2015,10.03
118712,09-07-2015,10.0553
118712,16-07-2015,10.1612
118712,23-07-2015,10.2103
118712,30-07-2015,10.0021
118712,06-08-2015,10.0574
118712,13-08-2015,10.0165
118712,20-08-2015,10.0568
118712,27-08-2015,10.0597
118712,03-09-2015,10.0482
118712,10-09-2015,10.044
118712,17-09-2015,10.0462
118712,24-09-2015,10.1583
118712,01-10-2015,10.1608
118712,08-10-2015,10.2531
118712,15-10-2015,10.3343
118712,22-10-2015,10.3936
118712,29-10-2015,10.2492
118712,05-11-2015,10.3448
118712,12-11-2015,10.3111
118712,19-11-2015,10.3742
118712,26-11-2015,10.2977
118712,03-12-2015,10.2041
118712,10-12-2015,10.3696
118712,17-12-2015,10.2943
118712,24-12-2015,10.3928
118712,31-12-2015,10.4068
118712,07-01-2016,10.376
118712,14-01-2016,10.3765
118712,21-01-2016,10.2726
118712,28-01-2016,10.2756
118712,04-02-2016,10.1907
118712,11-02-2016,10.1625
118712,18-02-2016,10.2418
118712,25-02-2016,10.2667
118712,03-03-2016,10.1491
118712,10-03-2016,10.2223
118712,17-03-2016,10.2258
118712,24-03-2016,10.1855
118712,31-03-2016,10.2505
118712,07-04-2016,10.2408
118712,14-04-2016,10.1494
118712,21-04-2016,10.3035
118712,28-04-2016,10.3062
118712,05-05-2016,10.3036
118712,12-05-2016,10.2744
118712,19-05-2016,10.3755
118712,26-05-2016,10.3361
118712,02-06-2016,10.2124
118712,09-06-2016,10.1611
118712,16-06-2016,10.273
118712,23-06-2016,10.3455
118712,30-06-2016,10.3285
118712,07-07-2016,10.4461
118712,14-07-2016,10.5128
118712,21-07-2016,10.4946
118712,28-07-2016,10.4849
118712,04-08-2016,10.5167
118712,11-08-2016,10.4509
118712,18-08-2016,10.4554
118712,25-08-2016,10.4854
118712,01-09-2016,10.3481
118712,08-09-2016,10.3366
118712,15-09-2016,10.3157
118712,22-09-2016,10.4046
118712,29-09-2016,10.2553
118712,06-10-2016,10.2281
118712,13-10-2016,10.1927
118712,20-10-2016,10.2751
118712,27-10-2016,10.2756
118712,03-11-2016,10.4274
118712,10-11-2016,10.4868
118712,17-11-2016,10.4566
118712,24-11-2016,10.4808
118712,01-12-2016,10.4553
118712,08-12-2016,10.5314
118712,15-12-2016,10.4234
118712,22-12-2016,10.3588
118712,29-12-2016,10.4007
118712,05-01-2017,10.5069
118712,12-01-2017,10.326
118712,19-01-2017,10.4437
118712,26-01-2017,10.4362
118712,02-02-2017,10.283
118712,09-02-2017,10.0402
118712,16-02-2017,9.9214
118712,23-02-2017,9.9238
118712,02-03-2017,9.9225
118712,09-03-2017,9.9768
118712,16-03-2017,9.9369
118712,23-03-2017,9.8528
118712,30-03-2017,9.8242
118712,06-04-2017,9.8307
118712,13-04-2017,9.8528
118712,20-04-2017,9.7946
118712,27-04-2017,9.8691
118712,04-05-2017,9.824
118712,11-05-2017,9.7596
118712,18-05-2017,9.7211
118712,25-05-2017,9.8086
118712,01-06-2017,9.8021
118712,08-06-2017,9.7516
118712,15-06-2017,9.8277
118712,22-06-2017,10.0001
118712,29-06-2017,10.0209
118712,06-07-2017,10.1238
118712,13-07-2017,10.2118
118712,20-07-2017,10.1664
118712,27-07-2017,10.1726
118712,03-08-2017,10.0723
118712,10-08-2017,10.0598
118712,17-08-2017,10.0135
118712,24-08-2017,9.9852
118712,31-08-2017,9.9293
118712,07-09-2017,9.9104
118712,14-09-2017,9.9566
118712,21-09-2017,9.9511
118712,28-09-2017,9.8066
118712,05-10-2017,9.752
118712,12-10-2017,9.6374
118712,19-10-2017,9.6601
118712,26-10-2017,9.7028
118712,02-11-2017,9.7266
118712,09-11-2017,9.6692
118712,16-11-2017,9.6922
118712,23-11-2017,9.6596
118712,30-11-2017,9.5755
118712,07-12-2017,9.6362
118712,14-12-2017,9.7031
118712,21-12-2017,9.7806
118712,28-12-2017,9.737
118712,04-01-2018,9.8327
118712,11-01-2018,9.7978
118712,18-01-2018,9.853
118712,25-01-2018,9.8166
118712,01-02-2018,9.803
118712,08-02-2018,9.617
118712,15-02-2018,9.5976
118712,22-02-2018,9.6085
118712,01-03-2018,9.5808
118712,08-03-2018,9.7192
118712,15-03-2018,9.6327
118712,22-03-2018,9.5932
118712,29-03-2018,9.5275
118712,05-04-2018,9.4884
118712,12-04-2018,9.5705
118712,19-04-2018,9.6875
118712,26-04-2018,9.637
118712,03-05-2018,9.5851
118712,10-05-2018,9.5002
118712,17-05-2018,9.6033
118712,24-05-2018,9.6933
118712,31-05-2018,9.689
118712,07-06-2018,9.5846
118712,14-06-2018,9.4883
118712,21-06-2018,9.505
118712,28-06-2018,9.5506
118712,05-07-2018,9.3965
118712,12-07-2018,9.3761
118712,19-07-2018,9.5013
118712,26-07-2018,9.4885
118712,02-08-2018,9.6054
118712,09-08-2018,9.6591
118712,16-08-2018,9.5792
118712,23-08-2018,9.5606
118712,30-08-2018,9.5546
118712,06-09-2018,9.4856
118712,13-09-2018,9.4158
118712,20-09-2018,9.5331
118712,27-09-2018,9.4623
118712,04-10-2018,9.5478
118712,11-10-2018,9.5182
118712,18-10-2018,9.5201
118712,25-10-2018,9.5667
118712,01-11-2018,9.5247
118712,08-11-2018,9.5718
118712,15-11-2018,9.4189
118712,22-11-2018,9.4558
118712,29-11-2018,9.2729
118712,06-12-2018,9.2598
118712,13-12-2018,9.3267
118712,20-12-2018,9.3769
118712,27-12-2018,9.2833
118712,03-01-2019,9.2001
118712,10-01-2019,9.1531
118712,17-01-2019,9.1704
118712,24-01-2019,9.025
118712,31-01-2019,9.0276
118712,07-02-2019,9.0537
118712,14-02-2019,9.0369
118712,21-02-2019,9.0785
118712,28-02-2019,9.0983
118712,07-03-2019,9.0626
118712,14-03-2019,8.9258
118712,21-03-2019,8.9389
118712,28-03-2019,8.8743
118712,04-04-2019,8.8368
118712,11-04-2019,8.8742
118712,18-04-2019,8.9784
118712,25-04-2019,8.9792
118712,02-05-2019,9.0226
118712,09-05-2019,8.922
118712,16-05-2019,8.9431
118712,23-05-2019,8.9424
118712,30-05-2019,9.0339
118712,06-06-2019,8.9984
118712,13-06-2019,8.9846
118712,20-06-2019,9.0643
118712,27-06-2019,9.0613
118712,04-07-2019,8.9845
118712,11-07-2019,9.1715
118712,18-07-2019,9.0961
118712,25-07-2019,9.095
118712,01-08-2019,9.1239
118712,08-08-2019,9.147
118712,15-08-2019,9.1368
118712,22-08-2019,9.127
118712,29-08-2019,9.1135
118712,05-09-2019,9.0357
118712,12-09-2019,9.1948
118712,19-09-2019,9.1823
118712,26-09-2019,9.2298
118712,03-10-2019,9.2088
118712,10-10-2019,9.1863
118712,17-10-2019,9.1565
118712,24-10-2019,9.0467
118712,31-10-2019,9.0387
118712,07-11-2019,9.0129
118712,14-11-2019,9.1009
118712,21-11-2019,9.0174
118712,28-11-2019,8.9794
118712,05-12-2019,8.9185
118712,12-12-2019,9.025
118712,19-12-2019,8.9658
118712,26-12-2019,9.0097
118712,02-01-2020,9.0832
118712,09-01-2020,9.0763
118712,16-01-2020,8.9799
118712,23-01-2020,8.8855
118712,30-01-2020,8.9502
118712,06-02-2020,8.8635
118712,13-02-2020,8.8948
118712,20-02-2020,8.9065
118712,27-02-2020,8.937
118712,05-03-2020,8.9743
118712,12-03-2020,8.9108
118712,19-03-2020,8.8448
118712,26-03-2020,8.899
118712,02-04-2020,8.8577
118712,09-04-2020,8.6664
118712,16-04-2020,8.7148
118712,23-04-2020,8.6461
118712,30-04-2020,8.6818
118712,07-05-2020,8.782
118712,14-05-2020,8.7867
118712,21-05-2020,8.8602
118712,28-05-2020,8.8747
118712,04-06-2020,8.9909
118712,11-06-2020,8.9182
118712,18-06-2020,8.9211
118712,25-06-2020,8.9727
118712,02-07-2020,8.9627
118712,09-07-2020,9.0489
118712,16-07-2020,9.0212
118712,23-07-2020,9.1742
118712,30-07-2020,9.3336
118712,06-08-2020,9.3584
118712,13-08-2020,9.4035
118712,20-08-2020,9.4969
118712,27-08-2020,9.4105
118712,03-09-2020,9.3155
118712,10-09-2020,9.4129
118712,17-09-2020,9.4373
118712,24-09-2020,9.4239
118712,01-10-2020,9.4285
118712,08-10-2020,9.2523
118712,15-10-2020,9.2419
118712,22-10-2020,9.19
118712,29-10-2020,9.2611
118712,05-11-2020,9.3385
118712,12-11-2020,9.3854
118712,19-11-2020,9.4188
118712,26-11-2020,9.3098
118712,03-12-2020,9.3575
118712,10-12-2020,9.4083
118712,17-12-2020,9.5058
118712,24-12-2020,9.6707
118712,31-12-2020,9.5436
118712,07-01-2021,9.5178
118712,14-01-2021,9.4651
118712,21-01-2021,9.4819
118712,28-01-2021,9.4867
118712,04-02-2021,9.4728
118712,11-02-2021,9.5544
118712,18-02-2021,9.4741
118712,25-02-2021,9.3989
118712,04-03-2021,9.3257
118712,11-03-2021,9.3025
118712,18-03-2021,9.2148
118712,25-03-2021,9.2149
118712,01-04-2021,9.2064
118712,08-04-2021,9.1522
118712,15-04-2021,9.2198
118712,22-04-2021,9.2191
118712,29-04-2021,9.3012
118712,06-05-2021,9.2904
118712,13-05-2021,9.2923
118712,20-05-2021,9.2542
118712,27-05-2021,9.2573
118712,03-06-2021,9.3138
118712,10-06-2021,9.2869
118712,17-06-2021,9.3291
118712,24-06-2021,9.2722
118712,01-07-2021,9.3322
118712,08-07-2021,9.2926
118712,15-07-2021,9.3597
118712,22-07-2021,9.368
118712,29-07-2021,9.4857
118712,05-08-2021,9.4019
118712,12-08-2021,9.2946
118712,19-08-2021,9.2525
118712,26-08-2021,9.1538
118712,02-09-2021,9.0562
118712,09-09-2021,9.1048
118712,16-09-2021,9.1082
118712,23-09-2021,9.0768
118712,30-09-2021,9.0524
118712,07-10-2021,9.0127
118712,14-10-2021,9.1353
118712,21-10-2021,9.0852
118712,28-10-2021,8.9928
118712,04-11-2021,9.0536
118712,11-11-2021,9.0416
118712,18-11-2021,9.1927
118712,25-11-2021,9.1577
118712,02-12-2021,9.2234
118712,09-12-2021,9.3069
118712,16-12-2021,9.2718
118712,23-12-2021,9.2204
118712,30-12-2021,9.2788
118712,06-01-2022,9.3252
118712,13-01-2022,9.2237
118712,20-01-2022,9.1441
118712,27-01-2022,8.9622
118712,03-02-2022,9.0085
118712,10-02-2022,8.9932
118712,17-02-2022,8.9851
118712,24-02-2022,8.8671
118712,03-03-2022,8.7928
118712,10-03-2022,8.7627
118712,17-03-2022,8.7191
118712,24-03-2022,8.7308
118712,31-03-2022,8.775
118712,07-04-2022,8.9379
118712,14-04-2022,8.94
118712,21-04-2022,9.0233
118712,28-04-2022,8.967
118712,05-05-2022,8.8505
118712,12-05-2022,8.8291
118712,19-05-2022,8.7198
118712,26-05-2022,8.7243
118712,02-06-2022,8.6733
118712,09-06-2022,8.5412
118712,16-06-2022,8.6632
118712,23-06-2022,8.6294
118712,30-06-2022,8.5198
118712,07-07-2022,8.5844
118712,14-07-2022,8.5378
118712,21-07-2022,8.6157
118712,28-07-2022,8.5686
118712,04-08-2022,8.5349
118712,11-08-2022,8.5619
118712,18-08-2022,8.606
118712,25-08-2022,8.6623
118712,01-09-2022,8.6596
118712,08-09-2022,8.6996
118712,15-09-2022,8.755
118712,22-09-2022,8.7726
118712,29-09-2022,8.7661
118712,06-10-2022,8.6682
118712,13-10-2022,8.7132
118712,20-10-2022,8.7197
118712,27-10-2022,8.6943
118712,03-11-2022,8.7866
118712,10-11-2022,8.6898
118712,17-11-2022,8.8076
118712,24-11-2022,8.8095
118712,01-12-2022,8.8354
118712,08-12-2022,8.811
118712,15-12-2022,8.697
118712,22-12-2022,8.6908
118712,29-12-2022,8.7175
118712,05-01-2023,8.7682
118712,12-01-2023,8.7578
118712,19-01-2023,8.6077
118712,26-01-2023,8.505
118712,02-02-2023,8.648
118712,09-02-2023,8.5759
118712,16-02-2023,8.6772
118712,23-02-2023,8.6158
118712,02-03-2023,8.6067
118712,09-03-2023,8.6532
118712,16-03-2023,8.5999
118712,23-03-2023,8.7129
118712,30-03-2023,8.7216
118712,06-04-2023,8.7573
118712,13-04-2023,8.742
118712,20-04-2023,8.7916
118712,27-04-2023,8.9062
118712,04-05-2023,8.9004
118712,11-05-2023,9.0271
118712,18-05-2023,8.9865
118712,25-05-2023,9.0451
118712,01-06-2023,9.0841
118712,08-06-2023,9.01
118712,15-06-2023,9.0291
118712,22-06-2023,9.0332
118712,29-06-2023,8.9752
118712,06-07-2023,9.0045
118712,13-07-2023,9.0186
118712,20-07-2023,9.017
118712,27-07-2023,9.0156
118712,03-08-2023,9.0127
118712,10-08-2023,8.9898
118712,17-08-2023,9.0035
118712,24-08-2023,8.9607
118712,31-08-2023,9.1547
118712,07-09-2023,9.0552
118712,14-09-2023,9.0165
118712,21-09-2023,8.9836
118712,28-09-2023,9.1338
118712,05-10-2023,9.041
118712,12-10-2023,9.0754
118712,19-10-2023,9.0971
118712,26-10-2023,9.125
118712,02-11-2023,9.2189
118712,09-11-2023,9.3123
118712,16-11-2023,9.2824
118712,23-11-2023,9.3005
118712,30-11-2023,9.1655
118712,07-12-2023,9.1765
118712,14-12-2023,9.1219
118712,21-12-2023,9.1119
118712,28-12-2023,8.9927
118712,04-01-2024,9.0254
118712,11-01-2024,8.9065
118712,18-01-2024,8.9207
118712,25-01-2024,8.8367
118712,01-02-2024,8.7802
118712,08-02-2024,8.8648
118712,15-02-2024,8.91
118712,22-02-2024,8.9955
118712,29-02-2024,9.1114
118712,07-03-2024,9.0587
118712,14-03-2024,9.1709
118712,21-03-2024,9.0671
118712,28-03-2024,9.1248
118712,04-04-2024,9.0925
118712,11-04-2024,9.0284
118712,18-04-2024,9.0764
118712,25-04-2024,9.1487
118712,02-05-2024,9.2193
118712,09-05-2024,9.2388
118712,16-05-2024,9.2523
118712,23-05-2024,9.295
118712,30-05-2024,9.3213
118712,06-06-2024,9.3654
118712,13-06-2024,9.3844
118712,20-06-2024,9.4514
118712,27-06-2024,9.3322
118712,04-07-2024,9.3261
118712,11-07-2024,9.2266
118712,18-07-2024,9.2507
118712,25-07-2024,9.3759
120333,01-01-2015,9.9661
120333,08-01-2015,9.9802
120333,15-01-2015,10.0446
120333,22-01-2015,9.8825
120333,29-01-2015,9.8451
120333,05-02-2015,9.8778
120333,12-02-2015,9.6528
120333,19-02-2015,9.5812
120333,26-02-2015,9.6694
120333,05-03-2015,9.7509
120333,12-03-2015,9.784
120333,19-03-2015,9.857
120333,26-03-2015,9.8779
120333,02-04-2015,9.9257
120333,09-04-2015,9.9046
120333,16-04-2015,9.9178
120333,23-04-2015,9.8716
120333,30-04-2015,9.9753
120333,07-05-2015,10.1007
120333,14-05-2015,10.2162
120333,21-05-2015,10.187
120333,28-05-2015,10.1133
120333,04-06-2015,10.2207
120333,11-06-2015,10.2692
120333,18-06-2015,10.3003
120333,25-06-2015,10.2522
120333,02-07-2015,10.2913
120333,09-07-2015,10.206
120333,16-07-2015,10.2619
120333,23-07-2015,10.3792
120333,30-07-2015,10.5188
120333,06-08-2015,10.5826
120333,13-08-2015,10.4698
120333,20-08-2015,10.4905
120333,27-08-2015,10.6743
120333,03-09-2015,10.6044
120333,10-09-2015,10.6036
120333,17-09-2015,10.7278
120333,24-09-2015,10.785
120333,01-10-2015,11.0033
120333,08-10-2015,10.9432
120333,15-10-2015,10.861
120333,22-10-2015,10.9717
120333,29-10-2015,10.8711
120333,05-11-2015,10.8583
120333,12-11-2015,10.857
120333,19-11-2015,10.9513
120333,26-11-2015,11.0095
120333,03-12-2015,11.0541
120333,10-12-2015,11.023
120333,17-12-2015,11.1345
120333,24-12-2015,11.4976
120333,31-12-2015,11.5658
120333,07-01-2016,11.5796
120333,14-01-2016,11.464
120333,21-01-2016,11.4101
120333,28-01-2016,11.3952
120333,04-02-2016,11.351
120333,11-02-2016,11.3541
120333,18-02-2016,11.5201
120333,25-02-2016,11.6397
120333,03-03-2016,11.6296
120333,10-03-2016,11.5218
120333,17-03-2016,11.6497
120333,24-03-2016,11.6498
120333,31-03-2016,11.4935
120333,07-04-2016,11.5636
120333,14-04-2016,11.6631
120333,21-04-2016,11.4414
120333,28-04-2016,11.3705
120333,05-05-2016,11.365
120333,12-05-2016,11.4364
120333,19-05-2016,11.3938
120333,26-05-2016,11.3225
120333,02-06-2016,11.3929
120333,09-06-2016,11.3547
120333,16-06-2016,11.4085
120333,23-06-2016,11.3116
120333,30-06-2016,11.1938
120333,07-07-2016,11.2659
120333,14-07-2016,11.2932
120333,21-07-2016,11.381
120333,28-07-2016,11.3371
120333,04-08-2016,11.2695
120333,11-08-2016,11.3967
120333,18-08-2016,11.2624
120333,25-08-2016,11.3797
120333,01-09-2016,11.5044
120333,08-09-2016,11.5882
120333,15-09-2016,11.5291
120333,22-09-2016,11.4584
120333,29-09-2016,11.4437
120333,06-10-2016,11.3297
120333,13-10-2016,11.2471
120333,20-10-2016,11.3096
120333,27-10-2016,11.3729
120333,03-11-2016,11.2819
120333,10-11-2016,11.3474
120333,17-11-2016,11.3932
120333,24-11-2016,11.5354
120333,01-12-2016,11.5925
120333,08-12-2016,11.6953
120333,15-12-2016,11.7447
120333,22-12-2016,11.8414
120333,29-12-2016,11.7242
120333,05-01-2017,11.7175
120333,12-01-2017,11.7185
120333,19-01-2017,11.7004
120333,26-01-2017,11.7466
120333,02-02-2017,11.8109
120333,09-02-2017,11.8527
120333,16-02-2017,11.8407
120333,23-02-2017,11.7757
120333,02-03-2017,11.8838
120333,09-03-2017,11.9218
120333,16-03-2017,11.8294
120333,23-03-2017,11.8158
120333,30-03-2017,11.6557
120333,06-04-2017,11.6637
120333,13-04-2017,11.6499
120333,20-04-2017,11.601
120333,27-04-2017,11.7527
120333,04-05-2017,11.6487
120333,11-05-2017,11.7192
120333,18-05-2017,11.9289
120333,25-05-2017,12.0364
120333,01-06-2017,12.0382
120333,08-06-2017,11.9338
120333,15-06-2017,11.8086
120333,22-06-2017,11.7744
120333,29-06-2017,11.7144
120333,06-07-2017,11.6517
120333,13-07-2017,11.6259
120333,20-07-2017,11.621
120333,27-07-2017,11.6708
120333,03-08-2017,11.5599
120333,10-08-2017,11.5014
120333,17-08-2017,11.4913
120333,24-08-2017,11.478
120333,31-08-2017,11.6512
120333,07-09-2017,11.6775
120333,14-09-2017,11.5314
120333,21-09-2017,11.5746
120333,28-09-2017,11.6298
120333,05-10-2017,11.6228
120333,12-10-2017,11.5146
120333,19-10-2017,11.6812
120333,26-10-2017,11.5858
120333,02-11-2017,11.6517
120333,09-11-2017,11.675
120333,16-11-2017,11.7358
120333,23-11-2017,11.9008
120333,30-11-2017,11.959
120333,07-12-2017,11.9103
120333,14-12-2017,12.0205
120333,21-12-2017,11.9646
120333,28-12-2017,11.985
120333,04-01-2018,11.8659
120333,11-01-2018,11.7725
120333,18-01-2018,11.7821
120333,25-01-2018,11.8215
120333,01-02-2018,11.6652
120333,08-02-2018,11.7163
120333,15-02-2018,11.6442
120333,22-02-2018,11.768
120333,01-03-2018,11.7396
120333,08-03-2018,11.6388
120333,15-03-2018,11.6505
120333,22-03-2018,11.5697
120333,29-03-2018,11.6918
120333,05-04-2018,11.6965
120333,12-04-2018,11.687
120333,19-04-2018,11.747
120333,26-04-2018,11.6573
120333,03-05-2018,11.5417
120333,10-05-2018,11.584
120333,17-05-2018,11.4868
120333,24-05-2018,11.3903
120333,31-05-2018,11.4711
120333,07-06-2018,11.5239
120333,14-06-2018,11.4129
120333,21-06-2018,11.3609
120333,28-06-2018,11.2833
120333,05-07-2018,11.4482
120333,12-07-2018,11.5357
120333,19-07-2018,11.5015
120333,26-07-2018,11.5591
120333,02-08-2018,11.4383
120333,09-08-2018,11.3814
120333,16-08-2018,11.3955
120333,23-08-2018,11.4412
120333,30-08-2018,11.4369
120333,06-09-2018,11.4642
120333,13-09-2018,11.4759
120333,20-09-2018,11.4655
120333,27-09-2018,11.4429
120333,04-10-2018,11.4085
120333,11-10-2018,11.4342
120333,18-10-2018,11.4764
120333,25-10-2018,11.4992
120333,01-11-2018,11.3954
120333,08-11-2018,11.3088
120333,15-11-2018,11.3495
120333,22-11-2018,11.4876
120333,29-11-2018,11.5062
120333,06-12-2018,11.4729
120333,13-12-2018,11.4981
120333,20-12-2018,11.3981
120333,27-12-2018,11.5221
120333,03-01-2019,11.5439
120333,10-01-2019,11.4867
120333,17-01-2019,11.4759
120333,24-01-2019,11.4321
120333,31-01-2019,11.5567
120333,07-02-2019,11.5426
120333,14-02-2019,11.5616
120333,21-02-2019,11.6192
120333,28-02-2019,11.555
120333,07-03-2019,11.5776
120333,14-03-2019,11.6076
120333,21-03-2019,11.4679
120333,28-03-2019,11.4957
120333,04-04-2019,11.4961
120333,11-04-2019,11.5127
120333,18-04-2019,11.5205
120333,25-04-2019,11.549
120333,02-05-2019,11.6772
120333,09-05-2019,11.5717
120333,16-05-2019,11.5447
120333,23-05-2019,11.6108
120333,30-05-2019,11.6602
120333,06-06-2019,11.7077
120333,13-06-2019,11.9703
120333,20-06-2019,12.0339
120333,27-06-2019,12.1475
120333,04-07-2019,12.1226
120333,11-07-2019,12.0311
120333,18-07-2019,12.0057
120333,25-07-2019,12.0789
120333,01-08-2019,12.123
120333,08-08-2019,12.167
120333,15-08-2019,12.151
120333,22-08-2019,12.1195
120333,29-08-2019,12.1069
120333,05-09-2019,12.1819
120333,12-09-2019,12.2687
120333,19-09-2019,12.1749
120333,26-09-2019,12.254
120333,03-10-2019,12.1951
120333,10-10-2019,12.2457
120333,17-10-2019,12.2318
120333,24-10-2019,12.3899
120333,31-10-2019,12.3534
120333,07-11-2019,12.376
120333,14-11-2019,12.441
120333,21-11-2019,12.359
120333,28-11-2019,12.3568
120333,05-12-2019,12.3354
120333,12-12-2019,12.2896
120333,19-12-2019,12.2513
120333,26-12-2019,12.3652
120333,02-01-2020,12.3109
120333,09-01-2020,12.3716
120333,16-01-2020,12.4077
120333,23-01-2020,12.274
120333,30-01-2020,12.3299
120333,06-02-2020,12.1954
120333,13-02-2020,12.2615
120333,20-02-2020,12.2167
120333,27-02-2020,12.2224
120333,05-03-2020,12.1007
120333,12-03-2020,12.1174
120333,19-03-2020,12.2121
120333,26-03-2020,12.1382
120333,02-04-2020,12.0841
120333,09-04-2020,12.1329
120333,16-04-2020,12.1843
120333,23-04-2020,11.9519
120333,30-04-2020,12.1493
120333,07-05-2020,12.2056
120333,14-05-2020,12.2785
120333,21-05-2020,12.2693
120333,28-05-2020,12.0921
120333,04-06-2020,12.1622
120333,11-06-2020,12.1121
120333,18-06-2020,12.1697
120333,25-06-2020,12.1532
120333,02-07-2020,12.1812
120333,09-07-2020,12.1106
120333,16-07-2020,12.1992
120333,23-07-2020,12.0881
120333,30-07-2020,12.3101
120333,06-08-2020,12.5354
120333,13-08-2020,12.7041
120333,20-08-2020,12.8388
120333,27-08-2020,12.8353
120333,03-09-2020,12.9602
120333,10-09-2020,12.9554
120333,17-09-2020,12.7996
120333,24-09-2020,12.9586
120333,01-10-2020,13.0808
120333,08-10-2020,13.0828
120333,15-10-2020,12.9598
120333,22-10-2020,12.9042
120333,29-10-2020,12.7214
120333,05-11-2020,12.8226
120333,12-11-2020,12.6633
120333,19-11-2020,12.6974
120333,26-11-2020,12.6168
120333,03-12-2020,12.4778
120333,10-12-2020,12.5066
120333,17-12-2020,12.4782
120333,24-12-2020,12.5669
120333,31-12-2020,12.4445
120333,07-01-2021,12.3741
120333,14-01-2021,12.1426
120333,21-01-2021,11.9353
120333,28-01-2021,12.1118
120333,04-02-2021,12.3185
120333,11-02-2021,12.3326
120333,18-02-2021,12.2562
120333,25-02-2021,12.2319
120333,04-03-2021,12.3223
120333,11-03-2021,12.2765
120333,18-03-2021,12.3047
120333,25-03-2021,12.3084
120333,01-04-2021,12.2573
120333,08-04-2021,12.2106
120333,15-04-2021,12.2441
120333,22-04-2021,12.1534
120333,29-04-2021,12.2021
120333,06-05-2021,12.161
120333,13-05-2021,12.1782
120333,20-05-2021,12.3179
120333,27-05-2021,12.3063
120333,03-06-2021,12.4018
120333,10-06-2021,12.2289
120333,17-06-2021,12.1878
120333,24-06-2021,12.1954
120333,01-07-2021,12.3879
120333,08-07-2021,12.1986
120333,15-07-2021,12.1941
120333,22-07-2021,12.3411
120333,29-07-2021,12.2685
120333,05-08-2021,12.2526
120333,12-08-2021,12.29
120333,19-08-2021,12.313
120333,26-08-2021,12.4722
120333,02-09-2021,12.5219
120333,09-09-2021,12.6599
120333,16-09-2021,12.6285
120333,23-09-2021,12.5588
120333,30-09-2021,12.5411
120333,07-10-2021,12.4299
120333,14-10-2021,12.4829
120333,21-10-2021,12.4494
120333,28-10-2021,12.3874
120333,04-11-2021,12.4418
120333,11-11-2021,12.3329
120333,18-11-2021,12.4139
120333,25-11-2021,12.3714
120333,02-12-2021,12.491
120333,09-12-2021,12.4568
120333,16-12-2021,12.5247
120333,23-12-2021,12.5477
120333,30-12-2021,12.6274
120333,06-01-2022,12.6436
120333,13-01-2022,12.4804
120333,20-01-2022,12.5861
120333,27-01-2022,12.5823
120333,03-02-2022,12.6668
120333,10-02-2022,12.7418
120333,17-02-2022,12.6681
120333,24-02-2022,12.5805
120333,03-03-2022,12.6514
120333,10-03-2022,12.6258
120333,17-03-2022,12.7254
120333,24-03-2022,12.7124
120333,31-03-2022,12.8216
120333,07-04-2022,12.8701
120333,14-04-2022,12.9049
120333,21-04-2022,12.8715
120333,28-04-2022,12.9005
120333,05-05-2022,13.0288
120333,12-05-2022,13.0284
120333,19-05-2022,13.0889
120333,26-05-2022,13.099
120333,02-06-2022,13.1173
120333,09-06-2022,13.3034
120333,16-06-2022,13.4366
120333,23-06-2022,13.4506
120333,30-06-2022,13.479
120333,07-07-2022,13.4087
120333,14-07-2022,13.3955
120333,21-07-2022,13.434
120333,28-07-2022,13.5308
120333,04-08-2022,13.6173
120333,11-08-2022,13.502
120333,18-08-2022,13.6129
120333,25-08-2022,13.6087
120333,01-09-2022,13.5067
120333,08-09-2022,13.6565
120333,15-09-2022,13.8218
120333,22-09-2022,13.8565
120333,29-09-2022,13.9406
120333,06-10-2022,14.0318
120333,13-10-2022,14.1941
120333,20-10-2022,14.2824
120333,27-10-2022,14.1364
120333,03-11-2022,14.3694
120333,10-11-2022,14.4976
120333,17-11-2022,14.4443
120333,24-11-2022,14.3311
120333,01-12-2022,14.3947
120333,08-12-2022,14.3684
120333,15-12-2022,14.4121
120333,22-12-2022,14.5036
120333,29-12-2022,14.4437
120333,05-01-2023,14.3205
120333,12-01-2023,14.3704
120333,19-01-2023,14.3148
120333,26-01-2023,14.3373
120333,02-02-2023,14.189
120333,09-02-2023,14.166
120333,16-02-2023,14.2527
120333,23-02-2023,14.3275
120333,02-03-2023,14.2429
120333,09-03-2023,14.1154
120333,16-03-2023,14.1229
120333,23-03-2023,14.1919
120333,30-03-2023,14.2436
120333,06-04-2023,14.1909
120333,13-04-2023,14.2304
120333,20-04-2023,14.4071
120333,27-04-2023,14.4365
120333,04-05-2023,14.2537
120333,11-05-2023,14.2826
120333,18-05-2023,14.5218
120333,25-05-2023,14.3781
120333,01-06-2023,14.3872
120333,08-06-2023,14.3669
120333,15-06-2023,14.3837
120333,22-06-2023,14.4118
120333,29-06-2023,14.549
120333,06-07-2023,14.5647
120333,13-07-2023,14.7194
120333,20-07-2023,14.7114
120333,27-07-2023,14.6761
120333,03-08-2023,14.6034
120333,10-08-2023,14.3969
120333,17-08-2023,14.4344
120333,24-08-2023,14.6774
120333,31-08-2023,14.7371
120333,07-09-2023,14.8239
120333,14-09-2023,14.7809
120333,21-09-2023,14.7579
120333,28-09-2023,14.8801
120333,05-10-2023,15.1251
120333,12-10-2023,15.3112
120333,19-10-2023,15.416
120333,26-10-2023,15.4265
120333,02-11-2023,15.4585
120333,09-11-2023,15.3715
120333,16-11-2023,15.1996
120333,23-11-2023,15.0687
120333,30-11-2023,15.0807
120333,07-12-2023,15.0515
120333,14-12-2023,14.8806
120333,21-12-2023,14.8821
120333,28-12-2023,14.8501
120333,04-01-2024,14.7167
120333,11-01-2024,14.679
120333,18-01-2024,14.6472
120333,25-01-2024,14.5808
120333,01-02-2024,14.6947
120333,08-02-2024,14.4769
120333,15-02-2024,14.2527
120333,22-02-2024,14.2588
120333,29-02-2024,14.2755
120333,07-03-2024,14.3273
120333,14-03-2024,14.2713
120333,21-03-2024,14.1722
120333,28-03-2024,14.1771
120333,04-04-2024,14.1326
120333,11-04-2024,14.3137
120333,18-04-2024,14.2823
120333,25-04-2024,14.2819
120333,02-05-2024,14.5704
120333,09-05-2024,14.5536
120333,16-05-2024,14.6241
120333,23-05-2024,14.7056
120333,30-05-2024,14.7975
120333,06-06-2024,14.8377
120333,13-06-2024,14.8667
120333,20-06-2024,14.8845
120333,27-06-2024,14.8219
120333,04-07-2024,14.8664
120333,11-07-2024,15.1136
120333,18-07-2024,15.2661
120333,25-07-2024,15.3093
119644,01-01-2015,10.0725
119644,08-01-2015,10.0065
119644,15-01-2015,9.9896
119644,22-01-2015,10.0694
119644,29-01-2015,10.1932
119644,05-02-2015,10.1344
119644,12-02-2015,10.0992
119644,19-02-2015,10.2795
119644,26-02-2015,10.2915
119644,05-03-2015,10.4458
119644,12-03-2015,10.4673
119644,19-03-2015,10.4921
119644,26-03-2015,10.4706
119644,02-04-2015,10.5538
119644,09-04-2015,10.6726
119644,16-04-2015,10.5885
119644,23-04-2015,10.5629
119644,30-04-2015,10.6444
119644,07-05-2015,10.6377
119644,14-05-2015,10.5999
119644,21-05-2015,10.6898
119644,28-05-2015,10.7884
119644,04-06-2015,10.7539
119644,11-06-2015,10.7765
119644,18-06-2015,10.6766
119644,25-06-2015,10.6044
119644,02-07-2015,10.6192
119644,09-07-2015,10.6261
119644,16-07-2015,10.5482
119644,23-07-2015,10.492
119644,30-07-2015,10.4068
119644,06-08-2015,10.4488
119644,13-08-2015,10.2885
119644,20-08-2015,10.2094
119644,27-08-2015,10.0613
119644,03-09-2015,10.0991
119644,10-09-2015,9.9574
119644,17-09-2015,9.964
119644,24-09-2015,10.0986
119644,01-10-2015,10.2379
119644,08-10-2015,10.0941
119644,15-10-2015,10.1222
119644,22-10-2015,10.0461
119644,29-10-2015,9.9543
119644,05-11-2015,9.9492
119644,12-11-2015,10.051
119644,19-11-2015,10.1032
119644,26-11-2015,10.0494
119644,03-12-2015,10.1101
119644,10-12-2015,9.9327
119644,17-12-2015,9.8769
119644,24-12-2015,9.8157
119644,31-12-2015,9.8258
119644,07-01-2016,9.8138
119644,14-01-2016,9.8066
119644,21-01-2016,9.7968
119644,28-01-2016,9.8025
119644,04-02-2016,9.8488
119644,11-02-2016,9.8645
119644,18-02-2016,9.846
119644,25-02-2016,9.8816
119644,03-03-2016,9.9508
119644,10-03-2016,9.9105
119644,17-03-2016,9.9098
119644,24-03-2016,10.0059
119644,31-03-2016,9.9216
119644,07-04-2016,10.0688
119644,14-04-2016,9.965
119644,21-04-2016,9.9414
119644,28-04-2016,9.8698
119644,05-05-2016,10.0465
119644,12-05-2016,10.0101
119644,19-05-2016,9.974
119644,26-05-2016,9.9484
119644,02-06-2016,9.96
119644,09-06-2016,9.9378
119644,16-06-2016,9.9312
119644,23-06-2016,9.6548
119644,30-06-2016,9.6631
119644,07-07-2016,9.6683
119644,14-07-2016,9.7525
119644,21-07-2016,9.8585
119644,28-07-2016,9.8477
119644,04-08-2016,9.9159
119644,11-08-2016,9.8325
119644,18-08-2016,9.8968
119644,25-08-2016,9.8554
119644,01-09-2016,9.766
119644,08-09-2016,9.7554
119644,15-09-2016,9.8686
119644,22-09-2016,9.8868
119644,29-09-2016,10.0091
119644,06-10-2016,9.9532
119644,13-10-2016,10.0406
119644,20-10-2016,9.9922
119644,27-10-2016,10.0142
119644,03-11-2016,10.0356
119644,10-11-2016,10.0927
119644,17-11-2016,10.117
119644,24-11-2016,10.0612
119644,01-12-2016,10.1361
119644,08-12-2016,10.2806
119644,15-12-2016,10.2367
119644,22-12-2016,10.0905
119644,29-12-2016,10.1348
119644,05-01-2017,10.112
119644,12-01-2017,10.1055
119644,19-01-2017,10.1545
119644,26-01-2017,10.1214
119644,02-02-2017,10.1037
119644,09-02-2017,10.0997
119644,16-02-2017,10.2225
119644,23-02-2017,10.229
119644,02-03-2017,10.132
119644,09-03-2017,10.0391
119644,16-03-2017,10.0543
119644,23-03-2017,9.9675
119644,30-03-2017,9.8469
119644,06-04-2017,9.9009
119644,13-04-2017,9.9591
119644,20-04-2017,9.9337
119644,27-04-2017,9.961
119644,04-05-2017,9.98
119644,11-05-2017,10.0321
119644,18-05-2017,10.0846
119644,25-05-2017,9.8785
119644,01-06-2017,9.8634
119644,08-06-2017,9.9082
119644,15-06-2017,9.8796
119644,22-06-2017,9.8865
119644,29-06-2017,9.9498
119644,06-07-2017,9.9602
119644,13-07-2017,10.0843
119644,20-07-2017,10.1793
119644,27-07-2017,10.1737
119644,03-08-2017,10.1617
119644,10-08-2017,9.934
119644,17-08-2017,9.912
119644,24-08-2017,9.8087
119644,31-08-2017,9.83
119644,07-09-2017,9.8459
119644,14-09-2017,9.9047
119644,21-09-2017,10.0193
119644,28-09-2017,10.0212
119644,05-10-2017,10.208
119644,12-10-2017,10.2311
119644,19-10-2017,10.128
119644,26-10-2017,10.0865
119644,02-11-2017,10.0604
119644,09-11-2017,10.1121
119644,16-11-2017,10.0395
119644,23-11-2017,10.0196
119644,30-11-2017,10.0107
119644,07-12-2017,9.9788
119644,14-12-2017,10.0476
119644,21-12-2017,10.1032
119644,28-12-2017,10.2015
119644,04-01-2018,10.1786
119644,11-01-2018,10.2805
119644,18-01-2018,10.1725
119644,25-01-2018,10.0636
119644,01-02-2018,9.9699
119644,08-02-2018,9.9746
119644,15-02-2018,10.0745
119644,22-02-2018,10.03
119644,01-03-2018,9.9958
119644,08-03-2018,9.9825
119644,15-03-2018,10.0322
119644,22-03-2018,9.9979
119644,29-03-2018,9.9593
119644,05-04-2018,9.8561
119644,12-04-2018,9.8149
119644,19-04-2018,9.9113
119644,26-04-2018,9.9225
119644,03-05-2018,9.8677
119644,10-05-2018,9.9692
119644,17-05-2018,9.9266
119644,24-05-2018,10.0433
119644,31-05-2018,10.1601
119644,07-06-2018,10.1687
119644,14-06-2018,10.0509
119644,21-06-2018,10.239
119644,28-06-2018,10.2748
119644,05-07-2018,10.2523
119644,12-07-2018,10.3348
119644,19-07-2018,10.397
119644,26-07-2018,10.5102
119644,02-08-2018,10.4587
119644,09-08-2018,10.4895
119644,16-08-2018,10.3942
119644,23-08-2018,10.4538
119644,30-08-2018,10.456
119644,06-09-2018,10.4837
119644,13-09-2018,10.4757
119644,20-09-2018,10.4588
119644,27-09-2018,10.3903
119644,04-10-2018,10.4602
119644,11-10-2018,10.589
119644,18-10-2018,10.5461
119644,25-10-2018,10.597
119644,01-11-2018,10.6379
119644,08-11-2018,10.6429
119644,15-11-2018,10.5171
119644,22-11-2018,10.4118
119644,29-11-2018,10.351
119644,06-12-2018,10.178
119644,13-12-2018,10.2967
119644,20-12-2018,10.3311
119644,27-12-2018,10.3328
119644,03-01-2019,10.1558
119644,10-01-2019,10.0117
119644,17-01-2019,10.0155
119644,24-01-2019,10.1774
119644,31-01-2019,10.1246
119644,07-02-2019,10.1986
119644,14-02-2019,10.1635
119644,21-02-2019,10.1721
119644,28-02-2019,10.275
119644,07-03-2019,10.2507
119644,14-03-2019,10.1982
119644,21-03-2019,10.318
119644,28-03-2019,10.3259
119644,04-04-2019,10.4201
119644,11-04-2019,10.3672
119644,18-04-2019,10.488
119644,25-04-2019,10.5151
119644,02-05-2019,10.5559
119644,09-05-2019,10.5713
119644,16-05-2019,10.5327
119644,23-05-2019,10.5368
119644,30-05-2019,10.5037
119644,06-06-2019,10.5886
119644,13-06-2019,10.5756
119644,20-06-2019,10.4532
119644,27-06-2019,10.3169
119644,04-07-2019,10.1786
119644,11-07-2019,10.233
119644,18-07-2019,10.1428
119644,25-07-2019,10.1712
119644,01-08-2019,10.1864
119644,08-08-2019,10.1852
119644,15-08-2019,10.225
119644,22-08-2019,10.242
119644,29-08-2019,10.0241
119644,05-09-2019,10.0021
119644,12-09-2019,10.0401
119644,19-09-2019,10.1759
119644,26-09-2019,10.3173
119644,03-10-2019,10.2089
119644,10-10-2019,10.1844
119644,17-10-2019,10.0609
119644,24-10-2019,10.1872
119644,31-10-2019,10.2739
119644,07-11-2019,10.3068
119644,14-11-2019,10.3246
119644,21-11-2019,10.4428
119644,28-11-2019,10.5481
119644,05-12-2019,10.6501
119644,12-12-2019,10.6933
119644,19-12-2019,10.6677
119644,26-12-2019,10.7374
119644,02-01-2020,10.8118
119644,09-01-2020,10.7996
119644,16-01-2020,10.7736
119644,23-01-2020,10.8756
119644,30-01-2020,11.0247
119644,06-02-2020,10.963
119644,13-02-2020,10.9443
119644,20-02-2020,10.9794
119644,27-02-2020,11.0266
119644,05-03-2020,10.9849
119644,12-03-2020,11.1548
119644,19-03-2020,11.1969
119644,26-03-2020,11.249
119644,02-04-2020,11.4118
119644,09-04-2020,11.3754
119644,16-04-2020,11.3719
119644,23-04-2020,11.2624
119644,30-04-2020,11.2514
119644,07-05-2020,11.1218
119644,14-05-2020,11.1928
119644,21-05-2020,11.2349
119644,28-05-2020,11.2145
119644,04-06-2020,11.21
119644,11-06-2020,11.2828
119644,18-06-2020,11.1848
119644,25-06-2020,11.2075
119644,02-07-2020,11.2747
119644,09-07-2020,11.1184
119644,16-07-2020,11.1838
119644,23-07-2020,11.0385
119644,30-07-2020,11.0325
119644,06-08-2020,10.9343
119644,13-08-2020,11.0638
119644,20-08-2020,10.9659
119644,27-08-2020,10.8255
119644,03-09-2020,10.8414
119644,10-09-2020,10.8098
119644,17-09-2020,10.684
119644,24-09-2020,10.7332
119644,01-10-2020,10.5665
119644,08-10-2020,10.4832
119644,15-10-2020,10.4391
119644,22-10-2020,10.5103
119644,29-10-2020,10.6234
119644,05-11-2020,10.7214
119644,12-11-2020,10.7125
119644,19-11-2020,10.5088
119644,26-11-2020,10.5459
119644,03-12-2020,10.6741
119644,10-12-2020,10.7838
119644,17-12-2020,10.828
119644,24-12-2020,10.7293
119644,31-12-2020,10.6885
119644,07-01-2021,10.8581
119644,14-01-2021,10.7394
119644,21-01-2021,10.6451
119644,28-01-2021,10.7296
119644,04-02-2021,10.6969
119644,11-02-2021,10.6001
119644,18-02-2021,10.7339
119644,25-02-2021,10.7778
119644,04-03-2021,10.7491
119644,11-03-2021,10.6549
119644,18-03-2021,10.8337
119644,25-03-2021,10.8359
119644,01-04-2021,10.9614
119644,08-04-2021,11.0441
119644,15-04-2021,11.0025
119644,22-04-2021,10.9618
119644,29-04-2021,11.093
119644,06-05-2021,11.2272
119644,13-05-2021,11.0631
119644,20-05-2021,11.1162
119644,27-05-2021,11.1099
119644,03-06-2021,11.0225
119644,10-06-2021,11.05
119644,17-06-2021,10.9351
119644,24-06-2021,10.8987
119644,01-07-2021,10.8334
119644,08-07-2021,10.7944
119644,15-07-2021,10.7926
119644,22-07-2021,10.7092
119644,29-07-2021,10.8483
119644,05-08-2021,10.8954
119644,12-08-2021,11.0562
119644,19-08-2021,11.0464
119644,26-08-2021,11.0024
119644,02-09-2021,11.1615
119644,09-09-2021,11.1144
119644,16-09-2021,11.103
119644,23-09-2021,11.1714
119644,30-09-2021,11.0652
119644,07-10-2021,11.1326
119644,14-10-2021,11.189
119644,21-10-2021,11.3071
119644,28-10-2021,11.3922
119644,04-11-2021,11.5152
119644,11-11-2021,11.5096
119644,18-11-2021,11.4348
119644,25-11-2021,11.6324
119644,02-12-2021,11.495
119644,09-12-2021,11.3684
119644,16-12-2021,11.4243
119644,23-12-2021,11.5774
119644,30-12-2021,11.5996
119644,06-01-2022,11.697
119644,13-01-2022,11.5149
119644,20-01-2022,11.4735
119644,27-01-2022,11.3061
119644,03-02-2022,11.3812
119644,10-02-2022,11.2449
119644,17-02-2022,11.1344
119644,24-02-2022,11.1846
119644,03-03-2022,11.2841
119644,10-03-2022,11.2743
119644,17-03-2022,11.3302
119644,24-03-2022,11.3835
119644,31-03-2022,11.3684
119644,07-04-2022,11.2734
119644,14-04-2022,11.3289
119644,21-04-2022,11.389
119644,28-04-2022,11.475
119644,05-05-2022,11.5082
119644,12-05-2022,11.4053
119644,19-05-2022,11.4728
119644,26-05-2022,11.4773
119644,02-06-2022,11.4375
119644,09-06-2022,11.4151
119644,16-06-2022,11.3567
119644,23-06-2022,11.442
119644,30-06-2022,11.3167
119644,07-07-2022,11.2313
119644,14-07-2022,11.2063
119644,21-07-2022,11.3554
119644,28-07-2022,11.4558
119644,04-08-2022,11.31
119644,11-08-2022,11.4368
119644,18-08-2022,11.5648
119644,25-08-2022,11.4608
119644,01-09-2022,11.2342
119644,08-09-2022,11.2322
119644,15-09-2022,11.3376
119644,22-09-2022,11.4864
119644,29-09-2022,11.411
119644,06-10-2022,11.5755
119644,13-10-2022,11.3738
119644,20-10-2022,11.3449
119644,27-10-2022,11.3115
119644,03-11-2022,11.4203
119644,10-11-2022,11.5435
119644,17-11-2022,11.6363
119644,24-11-2022,11.5152
119644,01-12-2022,11.5993
119644,08-12-2022,11.6511
119644,15-12-2022,11.5
119644,22-12-2022,11.3145
119644,29-12-2022,11.4129
119644,05-01-2023,11.4011
119644,12-01-2023,11.2884
119644,19-01-2023,11.2741
119644,26-01-2023,11.3115
119644,02-02-2023,11.3085
119644,09-02-2023,11.1726
119644,16-02-2023,11.3456
119644,23-02-2023,11.4413
119644,02-03-2023,11.4152
119644,09-03-2023,11.3928
119644,16-03-2023,11.4301
119644,23-03-2023,11.3314
119644,30-03-2023,11.3652
119644,06-04-2023,11.2487
119644,13-04-2023,11.2469
119644,20-04-2023,11.1462
119644,27-04-2023,11.051
119644,04-05-2023,11.2009
119644,11-05-2023,11.2107
119644,18-05-2023,11.2338
119644,25-05-2023,11.0575
119644,01-06-2023,11.0091
119644,08-06-2023,11.0542
119644,15-06-2023,11.0757
119644,22-06-2023,10.8893
119644,29-06-2023,10.9117
119644,06-07-2023,10.9481
119644,13-07-2023,11.0649
119644,20-07-2023,11.0113
119644,27-07-2023,10.8182
119644,03-08-2023,10.7363
119644,10-08-2023,10.6463
119644,17-08-2023,10.7134
119644,24-08-2023,10.4848
119644,31-08-2023,10.4514
119644,07-09-2023,10.5748
119644,14-09-2023,10.5796
119644,21-09-2023,10.6597
119644,28-09-2023,10.524
119644,05-10-2023,10.3933
119644,12-10-2023,10.517
119644,19-10-2023,10.5297
119644,26-10-2023,10.5426
119644,02-11-2023,10.4525
119644,09-11-2023,10.4651
119644,16-11-2023,10.3734
119644,23-11-2023,10.476
119644,30-11-2023,10.7088
119644,07-12-2023,10.7545
119644,14-12-2023,10.7042
119644,21-12-2023,10.4915
119644,28-12-2023,10.3544
119644,04-01-2024,10.4873
119644,11-01-2024,10.4051
119644,18-01-2024,10.3784
119644,25-01-2024,10.437
119644,01-02-2024,10.5649
119644,08-02-2024,10.5523
119644,15-02-2024,10.5223
119644,22-02-2024,10.5326
119644,29-02-2024,10.4839
119644,07-03-2024,10.44
119644,14-03-2024,10.4786
119644,21-03-2024,10.4983
119644,28-03-2024,10.6815
119644,04-04-2024,10.7233
119644,11-04-2024,10.8263
119644,18-04-2024,10.7379
119644,25-04-2024,10.7873
119644,02-05-2024,10.7292
119644,09-05-2024,10.7674
119644,16-05-2024,10.831
119644,23-05-2024,10.8397
119644,30-05-2024,11.0528
119644,06-06-2024,11.1835
119644,13-06-2024,11.2933
119644,20-06-2024,11.3668
119644,27-06-2024,11.5317
119644,04-07-2024,11.4038
119644,11-07-2024,11.5334
119644,18-07-2024,11.4465
119644,25-07-2024,11.3994
118890,01-01-2015,10.0489
118890,08-01-2015,10.1521
118890,15-01-2015,10.0624
118890,22-01-2015,10.0252
118890,29-01-2015,10.037
118890,05-02-2015,10.0261
118890,12-02-2015,10.0986
118890,19-02-2015,10.3802
118890,26-02-2015,10.4192
118890,05-03-2015,10.3621
118890,12-03-2015,10.2588
118890,19-03-2015,10.2362
118890,26-03-2015,10.1633
118890,02-04-2015,10.2053
118890,09-04-2015,10.2463
118890,16-04-2015,10.2125
118890,23-04-2015,10.3787
118890,30-04-2015,10.3218
118890,07-05-2015,10.3161
118890,14-05-2015,10.3729
118890,21-05-2015,10.4511
118890,28-05-2015,10.5621
118890,04-06-2015,10.6025
118890,11-06-2015,10.6959
118890,18-06-2015,10.6433
118890,25-06-2015,10.7257
118890,02-07-2015,10.8076
118890,09-07-2015,10.9428
118890,16-07-2015,10.8011
118890,23-07-2015,10.727
118890,30-07-2015,10.802
118890,06-08-2015,10.5772
118890,13-08-2015,10.623
118890,20-08-2015,10.7173
118890,27-08-2015,10.6722
118890,03-09-2015,10.6397
118890,10-09-2015,10.5526
118890,17-09-2015,10.5128
118890,24-09-2015,10.4755
118890,01-10-2015,10.4225
118890,08-10-2015,10.3652
118890,15-10-2015,10.3468
118890,22-10-2015,10.3275
118890,29-10-2015,10.4865
118890,05-11-2015,10.4576
118890,12-11-2015,10.4906
118890,19-11-2015,10.4464
118890,26-11-2015,10.4013
118890,03-12-2015,10.2636
118890,10-12-2015,10.1387
118890,17-12-2015,10.0449
118890,24-12-2015,10.0637
118890,31-12-2015,10.1543
118890,07-01-2016,10.0133
118890,14-01-2016,9.9733
118890,21-01-2016,9.8682
118890,28-01-2016,9.8513
118890,04-02-2016,9.94
118890,11-02-2016,9.9085
118890,18-02-2016,9.9086
118890,25-02-2016,10.028
118890,03-03-2016,10.0687
118890,10-03-2016,10.0115
118890,17-03-2016,10.0282
118890,24-03-2016,9.9659
118890,31-03-2016,10.0034
118890,07-04-2016,10.0486
118890,14-04-2016,9.9427
118890,21-04-2016,9.9606
118890,28-04-2016,9.9553
118890,05-05-2016,10.0026
118890,12-05-2016,10.0731
118890,19-05-2016,10.1157
118890,26-05-2016,10.0952
118890,02-06-2016,10.1746
118890,09-06-2016,10.1076
118890,16-06-2016,10.0048
118890,23-06-2016,9.7531
118890,30-06-2016,9.7515
118890,07-07-2016,9.6913
118890,14-07-2016,9.7261
118890,21-07-2016,9.5766
118890,28-07-2016,9.5308
118890,04-08-2016,9.5705
118890,11-08-2016,9.4955
118890,18-08-2016,9.5304
118890,25-08-2016,9.4917
118890,01-09-2016,9.493
118890,08-09-2016,9.542
118890,15-09-2016,9.6185
118890,22-09-2016,9.6295
118890,29-09-2016,9.5707
118890,06-10-2016,9.5394
118890,13-10-2016,9.5918
118890,20-10-2016,9.5173
118890,27-10-2016,9.5076
118890,03-11-2016,9.482
118890,10-11-2016,9.478
118890,17-11-2016,9.4052
118890,24-11-2016,9.2696
118890,01-12-2016,9.312
118890,08-12-2016,9.3875
118890,15-12-2016,9.2567
118890,22-12-2016,9.2877
118890,29-12-2016,9.3719
118890,05-01-2017,9.4203
118890,12-01-2017,9.3927
118890,19-01-2017,9.3256
118890,26-01-2017,9.3353
118890,02-02-2017,9.3576
118890,09-02-2017,9.3685
118890,16-02-2017,9.3587
118890,23-02-2017,9.2814
118890,02-03-2017,9.3165
118890,09-03-2017,9.3553
118890,16-03-2017,9.3741
118890,23-03-2017,9.3862
118890,30-03-2017,9.516
118890,06-04-2017,9.4723
118890,13-04-2017,9.5732
118890,20-04-2017,9.5208
118890,27-04-2017,9.6091
118890,04-05-2017,9.7077
118890,11-05-2017,9.6889
118890,18-05-2017,9.8215
118890,25-05-2017,9.8623
118890,01-06-2017,9.797
118890,08-06-2017,9.7716
118890,15-06-2017,9.864
118890,22-06-2017,9.9408
118890,29-06-2017,9.8607
118890,06-07-2017,9.8536
118890,13-07-2017,9.8736
118890,20-07-2017,9.8375
118890,27-07-2017,10.027
118890,03-08-2017,10.0497
118890,10-08-2017,10.0488
118890,17-08-2017,10.1485
118890,24-08-2017,10.1229
118890,31-08-2017,10.2086
118890,07-09-2017,10.0764
118890,14-09-2017,10.0439
118890,21-09-2017,10.1322
118890,28-09-2017,10.2635
118890,05-10-2017,10.2042
118890,12-10-2017,10.1356
118890,19-10-2017,10.1857
118890,26-10-2017,10.139
118890,02-11-2017,10.1212
118890,09-11-2017,10.1962
118890,16-11-2017,10.1559
118890,23-11-2017,10.0003
118890,30-11-2017,9.9002
118890,07-12-2017,9.905
118890,14-12-2017,9.7613
118890,21-12-2017,9.742
118890,28-12-2017,9.6374
118890,04-01-2018,9.7677
118890,11-01-2018,9.9408
118890,18-01-2018,9.8606
118890,25-01-2018,9.8848
118890,01-02-2018,9.8128
118890,08-02-2018,9.7924
118890,15-02-2018,9.9376
118890,22-02-2018,9.9045
118890,01-03-2018,9.8858
118890,08-03-2018,9.8152
118890,15-03-2018,9.9092
118890,22-03-2018,9.6544
118890,29-03-2018,9.6241
118890,05-04-2018,9.6244
118890,12-04-2018,9.5774
118890,19-04-2018,9.6474
118890,26-04-2018,9.744
118890,03-05-2018,9.6378
118890,10-05-2018,9.8031
118890,17-05-2018,9.6954
118890,24-05-2018,9.7992
118890,31-05-2018,9.8149
118890,07-06-2018,9.7792
118890,14-06-2018,9.7511
118890,21-06-2018,9.7524
118890,28-06-2018,9.7726
118890,05-07-2018,9.7046
118890,12-07-2018,9.6903
118890,19-07-2018,9.6344
118890,26-07-2018,9.5446
118890,02-08-2018,9.486
118890,09-08-2018,9.4025
118890,16-08-2018,9.3747
118890,23-08-2018,9.4109
118890,30-08-2018,9.4237
118890,06-09-2018,9.5763
118890,13-09-2018,9.4108
118890,20-09-2018,9.4499
118890,27-09-2018,9.4542
118890,04-10-2018,9.5197
118890,11-10-2018,9.578
118890,18-10-2018,9.5692
118890,25-10-2018,9.5863
118890,01-11-2018,9.5331
118890,08-11-2018,9.5837
118890,15-11-2018,9.4434
118890,22-11-2018,9.5059
118890,29-11-2018,9.508
118890,06-12-2018,9.4747
118890,13-12-2018,9.4609
118890,20-12-2018,9.4526
118890,27-12-2018,9.5545
118890,03-01-2019,9.8055
118890,10-01-2019,9.9051
118890,17-01-2019,9.8642
118890,24-01-2019,9.9179
118890,31-01-2019,9.9753
118890,07-02-2019,9.9054
118890,14-02-2019,9.8095
118890,21-02-2019,9.8085
118890,28-02-2019,9.8758
118890,07-03-2019,9.7524
118890,14-03-2019,9.7
118890,21-03-2019,9.7483
118890,28-03-2019,9.7555
118890,04-04-2019,9.8699
118890,11-04-2019,9.7624
118890,18-04-2019,9.95
118890,25-04-2019,9.8316
118890,02-05-2019,9.6759
118890,09-05-2019,9.6752
118890,16-05-2019,9.5913
118890,23-05-2019,9.5922
118890,30-05-2019,9.5903
118890,06-06-2019,9.5792
118890,13-06-2019,9.5184
118890,20-06-2019,9.5552
118890,27-06-2019,9.5348
118890,04-07-2019,9.6227
118890,11-07-2019,9.6127
118890,18-07-2019,9.5424
118890,25-07-2019,9.4174
118890,01-08-2019,9.4082
118890,08-08-2019,9.3164
118890,15-08-2019,9.2195
118890,22-08-2019,9.2621
118890,29-08-2019,9.1341
118890,05-09-2019,9.2409
118890,12-09-2019,9.2564
118890,19-09-2019,9.2569
118890,26-09-2019,9.184
118890,03-10-2019,9.2438
118890,10-10-2019,9.2473
118890,17-10-2019,9.2002
118890,24-10-2019,9.2186
118890,31-10-2019,9.0982
118890,07-11-2019,8.9828
118890,14-11-2019,8.9059
118890,21-11-2019,8.9344
118890,28-11-2019,8.9377
118890,05-12-2019,9.0163
118890,12-12-2019,8.9535
118890,19-12-2019,8.9983
118890,26-12-2019,8.9937
118890,02-01-2020,8.9294
118890,09-01-2020,8.9605
118890,16-01-2020,8.9594
118890,23-01-2020,8.9179
118890,30-01-2020,8.9244
118890,06-02-2020,8.9187
118890,13-02-2020,8.9113
118890,20-02-2020,8.8855
118890,27-02-2020,8.7963
118890,05-03-2020,8.8051
118890,12-03-2020,8.752
118890,19-03-2020,8.6841
118890,26-03-2020,8.6709
118890,02-04-2020,8.7252
118890,09-04-2020,8.7417
118890,16-04-2020,8.708
118890,23-04-2020,8.6717
118890,30-04-2020,8.7193
118890,07-05-2020,8.5556
118890,14-05-2020,8.6136
118890,21-05-2020,8.4879
118890,28-05-2020,8.3952
118890,04-06-2020,8.364
118890,11-06-2020,8.5126
118890,18-06-2020,8.6302
118890,25-06-2020,8.6824
118890,02-07-2020,8.7107
118890,09-07-2020,8.5844
118890,16-07-2020,8.5986
118890,23-07-2020,8.5642
118890,30-07-2020,8.5117
118890,06-08-2020,8.5257
118890,13-08-2020,8.4969
118890,20-08-2020,8.5594
118890,27-08-2020,8.4303
118890,03-09-2020,8.4387
118890,10-09-2020,8.3827
118890,17-09-2020,8.3586
118890,24-09-2020,8.3823
118890,01-10-2020,8.3108
118890,08-10-2020,8.325
118890,15-10-2020,8.3142
118890,22-10-2020,8.2736
118890,29-10-2020,8.2458
118890,05-11-2020,8.2389
118890,12-11-2020,8.1915
118890,19-11-2020,8.1953
118890,26-11-2020,8.1803
118890,03-12-2020,8.1436
118890,10-12-2020,8.2504
118890,17-12-2020,8.2811
118890,24-12-2020,8.2591
118890,31-12-2020,8.272
118890,07-01-2021,8.2074
118890,14-01-2021,8.182
118890,21-01-2021,8.1643
118890,28-01-2021,8.0862
118890,04-02-2021,8.1144
118890,11-02-2021,8.0849
118890,18-02-2021,8.0651
118890,25-02-2021,8.0316
118890,04-03-2021,8.225
118890,11-03-2021,8.1847
118890,18-03-2021,8.0525
118890,25-03-2021,7.9526
118890,01-04-2021,8.0041
118890,08-04-2021,8.0929
118890,15-04-2021,8.052
118890,22-04-2021,8.1376
118890,29-04-2021,8.1892
118890,06-05-2021,8.18
118890,13-05-2021,8.1662
118890,20-05-2021,8.1813
118890,27-05-2021,8.242
118890,03-06-2021,8.2715
118890,10-06-2021,8.23
118890,17-06-2021,8.2219
118890,24-06-2021,8.3555
118890,01-07-2021,8.3756
118890,08-07-2021,8.4372
118890,15-07-2021,8.477
118890,22-07-2021,8.499
118890,29-07-2021,8.5097
118890,05-08-2021,8.5742
118890,12-08-2021,8.627
118890,19-08-2021,8.6486
118890,26-08-2021,8.6041
118890,02-09-2021,8.6341
118890,09-09-2021,8.6329
118890,16-09-2021,8.6151
118890,23-09-2021,8.8031
118890,30-09-2021,8.6983
118890,07-10-2021,8.7684
118890,14-10-2021,8.7114
118890,21-10-2021,8.7241
118890,28-10-2021,8.9068
118890,04-11-2021,8.8418
118890,11-11-2021,8.7941
118890,18-11-2021,8.7964
118890,25-11-2021,8.7403
118890,02-12-2021,8.8056
118890,09-12-2021,8.7715
118890,16-12-2021,8.8209
118890,23-12-2021,8.7306
118890,30-12-2021,8.6079
118890,06-01-2022,8.5956
118890,13-01-2022,8.4912
118890,20-01-2022,8.5977
118890,27-01-2022,8.4959
118890,03-02-2022,8.4288
118890,10-02-2022,8.4601
118890,17-02-2022,8.4238
118890,24-02-2022,8.3248
118890,03-03-2022,8.464
118890,10-03-2022,8.3996
118890,17-03-2022,8.3897
118890,24-03-2022,8.379
118890,31-03-2022,8.43
118890,07-04-2022,8.4646
118890,14-04-2022,8.412
118890,21-04-2022,8.3934
118890,28-04-2022,8.3815
118890,05-05-2022,8.4351
118890,12-05-2022,8.3596
118890,19-05-2022,8.4979
118890,26-05-2022,8.4497
118890,02-06-2022,8.4525
118890,09-06-2022,8.3775
118890,16-06-2022,8.2938
118890,23-06-2022,8.2391
118890,30-06-2022,8.1784
118890,07-07-2022,8.1546
118890,14-07-2022,8.094
118890,21-07-2022,8.1423
118890,28-07-2022,8.0945
118890,04-08-2022,8.0399
118890,11-08-2022,8.0178
118890,18-08-2022,8.0847
118890,25-08-2022,8.1018
118890,01-09-2022,8.0986
118890,08-09-2022,8.009
118890,15-09-2022,7.939
118890,22-09-2022,7.861
118890,29-09-2022,7.9463
118890,06-10-2022,7.9832
118890,13-10-2022,7.9314
118890,20-10-2022,7.8987
118890,27-10-2022,7.8498
118890,03-11-2022,7.7973
118890,10-11-2022,7.8291
118890,17-11-2022,7.8142
118890,24-11-2022,7.9474
118890,01-12-2022,8.0301
118890,08-12-2022,8.1175
118890,15-12-2022,8.1643
118890,22-12-2022,8.14
118890,29-12-2022,8.1821
118890,05-01-2023,8.1626
118890,12-01-2023,8.2723
118890,19-01-2023,8.3024
118890,26-01-2023,8.3231
118890,02-02-2023,8.3349
118890,09-02-2023,8.4543
118890,16-02-2023,8.3607
118890,23-02-2023,8.487
118890,02-03-2023,8.4777
118890,09-03-2023,8.3858
118890,16-03-2023,8.3387
118890,23-03-2023,8.2319
118890,30-03-2023,8.2782
118890,06-04-2023,8.2128
118890,13-04-2023,8.2271
118890,20-04-2023,8.3051
118890,27-04-2023,8.2637
118890,04-05-2023,8.2493
118890,11-05-2023,8.1666
118890,18-05-2023,8.1445
118890,25-05-2023,8.3155
118890,01-06-2023,8.3706
118890,08-06-2023,8.3562
118890,15-06-2023,8.3186
118890,22-06-2023,8.3191
118890,29-06-2023,8.3311
118890,06-07-2023,8.3065
118890,13-07-2023,8.345
118890,20-07-2023,8.2847
118890,27-07-2023,8.2245
118890,03-08-2023,8.2522
118890,10-08-2023,8.1783
118890,17-08-2023,8.2293
118890,24-08-2023,8.2316
118890,31-08-2023,8.1146
118890,07-09-2023,8.1249
118890,14-09-2023,8.0186
118890,21-09-2023,8.0663
118890,28-09-2023,8.0535
118890,05-10-2023,8.176
118890,12-10-2023,8.2493
118890,19-10-2023,8.1826
118890,26-10-2023,8.0536
118890,02-11-2023,8.0082
118890,09-11-2023,7.9331
118890,16-11-2023,8.0522
118890,23-11-2023,8.0547
118890,30-11-2023,8.1181
118890,07-12-2023,8.1029
118890,14-12-2023,8.0944
118890,21-12-2023,8.0956
118890,28-12-2023,8.1705
118890,04-01-2024,8.1941
118890,11-01-2024,8.1281
118890,18-01-2024,8.2368
118890,25-01-2024,8.2208
118890,01-02-2024,8.1942
118890,08-02-2024,8.012
118890,15-02-2024,8.0558
118890,22-02-2024,8.0656
118890,29-02-2024,8.0752
118890,07-03-2024,8.0524
118890,14-03-2024,8.0186
118890,21-03-2024,7.9981
118890,28-03-2024,8.0309
118890,04-04-2024,8.0752
118890,11-04-2024,8.0635
118890,18-04-2024,8.128
118890,25-04-2024,8.1261
118890,02-05-2024,8.0965
118890,09-05-2024,8.1126
118890,16-05-2024,8.0277
118890,23-05-2024,8.0458
118890,30-05-2024,7.9498
118890,06-06-2024,7.8876
118890,13-06-2024,7.7634
118890,20-06-2024,7.7556
118890,27-06-2024,7.8586
118890,04-07-2024,7.8543
118890,11-07-2024,7.8979
118890,18-07-2024,8.0497
118890,25-07-2024,8.0789
120712,01-01-2015,9.9428
120712,08-01-2015,9.8968
120712,15-01-2015,9.9009
120712,22-01-2015,9.8547
120712,29-01-2015,9.8146
120712,05-02-2015,9.8959
120712,12-02-2015,9.9811
120712,19-02-2015,9.8536
120712,26-02-2015,9.793
120712,05-03-2015,9.7606
120712,12-03-2015,9.8113
120712,19-03-2015,9.9049
120712,26-03-2015,10.123
120712,02-04-2015,10.0893
120712,09-04-2015,10.0598
120712,16-04-2015,10.1112
120712,23-04-2015,10.0601
120712,30-04-2015,10.0528
120712,07-05-2015,10.0234
120712,14-05-2015,9.8172
120712,21-05-2015,9.8308
120712,28-05-2015,9.8204
120712,04-06-2015,9.9242
120712,11-06-2015,9.9286
120712,18-06-2015,9.8329
120712,25-06-2015,9.8165
120712,02-07-2015,9.6562
120712,09-07-2015,9.5665
120712,16-07-2015,9.619
120712,23-07-2015,9.6038
120712,30-07-2015,9.6785
120712,06-08-2015,9.5301
120712,13-08-2015,9.5155
120712,20-08-2015,9.4831
120712,27-08-2015,9.5594
120712,03-09-2015,9.6146
120712,10-09-2015,9.6679
120712,17-09-2015,9.791
120712,24-09-2015,9.7661
120712,01-10-2015,9.8743
120712,08-10-2015,9.7957
120712,15-10-2015,9.7149
120712,22-10-2015,9.7773
120712,29-10-2015,9.6635
120712,05-11-2015,9.7117
120712,12-11-2015,9.7234
120712,19-11-2015,9.8107
120712,26-11-2015,9.81
120712,03-12-2015,9.8183
120712,10-12-2015,9.8622
120712,17-12-2015,9.8139
120712,24-12-2015,9.7624
120712,31-12-2015,9.8033
120712,07-01-2016,9.805
120712,14-01-2016,9.7769
120712,21-01-2016,9.7744
120712,28-01-2016,9.903
120712,04-02-2016,9.8718
120712,11-02-2016,9.8385
120712,18-02-2016,9.708
120712,25-02-2016,9.7086
120712,03-03-2016,9.7635
120712,10-03-2016,9.8328
120712,17-03-2016,9.8452
120712,24-03-2016,9.9244
120712,31-03-2016,9.9864
120712,07-04-2016,10.0794
120712,14-04-2016,10.1628
120712,21-04-2016,10.2945
120712,28-04-2016,10.2846
120712,05-05-2016,10.1795
120712,12-05-2016,10.2377
120712,19-05-2016,10.3057
120712,26-05-2016,10.4392
120712,02-06-2016,10.5504
120712,09-06-2016,10.7188
120712,16-06-2016,10.7763
120712,23-06-2016,10.8003
120712,30-06-2016,10.685
120712,07-07-2016,10.7156
120712,14-07-2016,10.6725
120712,21-07-2016,10.6948
120712,28-07-2016,10.7038
120712,04-08-2016,10.7485
120712,11-08-2016,10.7444
120712,18-08-2016,10.8291
120712,25-08-2016,10.5975
120712,01-09-2016,10.6178
120712,08-09-2016,10.7242
120712,15-09-2016,10.8889
120712,22-09-2016,10.9571
120712,29-09-2016,11.1091
120712,06-10-2016,11.1286
120712,13-10-2016,11.1333
120712,20-10-2016,11.1849
120712,27-10-2016,11.1891
120712,03-11-2016,11.1235
120712,10-11-2016,11.0821
120712,17-11-2016,10.988
120712,24-11-2016,11.0388
120712,01-12-2016,11.0442
120712,08-12-2016,11.0168
120712,15-12-2016,10.9713
120712,22-12-2016,11.02
120712,29-12-2016,11.0932
120712,05-01-2017,10.9973
120712,12-01-2017,10.8884
120712,19-01-2017,10.9759
120712,26-01-2017,10.8596
120712,02-02-2017,10.9115
120712,09-02-2017,11.057
120712,16-02-2017,11.2046
120712,23-02-2017,11.2753
120712,02-03-2017,11.3437
120712,09-03-2017,11.5526
120712,16-03-2017,11.3415
120712,23-03-2017,11.3039
120712,30-03-2017,11.3851
120712,06-04-2017,11.359
120712,13-04-2017,11.4762
120712,20-04-2017,11.4771
120712,27-04-2017,11.4938
120712,04-05-2017,11.4732
120712,11-05-2017,11.4298
120712,18-05-2017,11.3844
120712,25-05-2017,11.4136
120712,01-06-2017,11.3474
120712,08-06-2017,11.4385
120712,15-06-2017,11.5029
120712,22-06-2017,11.6086
120712,29-06-2017,11.5084
120712,06-07-2017,11.3566
120712,13-07-2017,11.3607
120712,20-07-2017,11.6287
120712,27-07-2017,11.7512
120712,03-08-2017,11.7038
120712,10-08-2017,11.7482
120712,17-08-2017,11.8213
120712,24-08-2017,11.6966
120712,31-08-2017,11.8294
120712,07-09-2017,11.8183
120712,14-09-2017,11.8145
120712,21-09-2017,11.8215
120712,28-09-2017,11.9344
120712,05-10-2017,11.8671
120712,12-10-2017,11.7098
120712,19-10-2017,11.7447
120712,26-10-2017,11.5574
120712,02-11-2017,11.5342
120712,09-11-2017,11.6483
120712,16-11-2017,11.7069
120712,23-11-2017,11.8092
120712,30-11-2017,11.8726
120712,07-12-2017,12.1063
120712,14-12-2017,12.0541
120712,21-12-2017,12.0973
120712,28-12-2017,12.0598
120712,04-01-2018,12.1569
120712,11-01-2018,12.1558
120712,18-01-2018,12.3278
120712,25-01-2018,12.2804
120712,01-02-2018,12.4235
120712,08-02-2018,12.4875
120712,15-02-2018,12.4892
120712,22-02-2018,12.5484
120712,01-03-2018,12.5797
120712,08-03-2018,12.6205
120712,15-03-2018,12.6047
120712,22-03-2018,12.539
120712,29-03-2018,12.5104
120712,05-04-2018,12.3469
120712,12-04-2018,12.435
120712,19-04-2018,12.3171
120712,26-04-2018,12.3006
120712,03-05-2018,12.3693
120712,10-05-2018,12.4573
120712,17-05-2018,12.2854
120712,24-05-2018,12.2813
120712,31-05-2018,12.3314
120712,07-06-2018,12.3415
120712,14-06-2018,12.4791
120712,21-06-2018,12.402
120712,28-06-2018,12.2037
120712,05-07-2018,12.2877
120712,12-07-2018,12.2398
120712,19-07-2018,12.0725
120712,26-07-2018,12.062
120712,02-08-2018,12.1856
120712,09-08-2018,12.0673
120712,16-08-2018,12.2977
120712,23-08-2018,12.2202
120712,30-08-2018,12.2336
120712,06-09-2018,12.1191
120712,13-09-2018,12.128
120712,20-09-2018,12.1199
120712,27-09-2018,11.9803
120712,04-10-2018,12.256
120712,11-10-2018,12.2123
120712,18-10-2018,12.1689
120712,25-10-2018,12.2681
120712,01-11-2018,12.451
120712,08-11-2018,12.5682
120712,15-11-2018,12.4525
120712,22-11-2018,12.4788
120712,29-11-2018,12.2959
120712,06-12-2018,12.3896
120712,13-12-2018,12.2324
120712,20-12-2018,12.1587
120712,27-12-2018,12.1633
120712,03-01-2019,12.2114
120712,10-01-2019,12.1908
120712,17-01-2019,12.3439
120712,24-01-2019,12.4202
120712,31-01-2019,12.4893
120712,07-02-2019,12.3714
120712,14-02-2019,12.5446
120712,21-02-2019,12.469
120712,28-02-2019,12.6473
120712,07-03-2019,12.8569
120712,14-03-2019,12.9148
120712,21-03-2019,13.0266
120712,28-03-2019,12.7105
120712,04-04-2019,12.6958
120712,11-04-2019,12.8128
120712,18-04-2019,12.9127
120712,25-04-2019,12.7919
120712,02-05-2019,12.7669
120712,09-05-2019,12.513
120712,16-05-2019,12.5593
120712,23-05-2019,12.3751
120712,30-05-2019,12.492
120712,06-06-2019,12.6152
120712,13-06-2019,12.5724
120712,20-06-2019,12.6298
120712,27-06-2019,12.6129
120712,04-07-2019,12.6424
120712,11-07-2019,12.5314
120712,18-07-2019,12.5988
120712,25-07-2019,12.4385
120712,01-08-2019,12.2613
120712,08-08-2019,12.2543
120712,15-08-2019,12.2385
120712,22-08-2019,12.27
120712,29-08-2019,12.2112
120712,05-09-2019,12.4003
120712,12-09-2019,12.4212
120712,19-09-2019,12.4493
120712,26-09-2019,12.4739
120712,03-10-2019,12.579
120712,10-10-2019,12.642
120712,17-10-2019,12.6917
120712,24-10-2019,12.7715
120712,31-10-2019,12.5902
120712,07-11-2019,12.4153
120712,14-11-2019,12.4127
120712,21-11-2019,12.398
120712,28-11-2019,12.4605
120712,05-12-2019,12.4675
120712,12-12-2019,12.5305
120712,19-12-2019,12.4107
120712,26-12-2019,12.4146
120712,02-01-2020,12.2863
120712,09-01-2020,12.3293
120712,16-01-2020,12.1489
120712,23-01-2020,12.1877
120712,30-01-2020,12.0493
120712,06-02-2020,12.0171
120712,13-02-2020,12.108
120712,20-02-2020,12.1349
120712,27-02-2020,11.98
120712,05-03-2020,11.9203
120712,12-03-2020,11.7819
120712,19-03-2020,11.6269
120712,26-03-2020,11.6425
120712,02-04-2020,11.6993
120712,09-04-2020,11.7452
120712,16-04-2020,11.8065
120712,23-04-2020,11.8101
120712,30-04-2020,11.789
120712,07-05-2020,11.6926
120712,14-05-2020,11.6561
120712,21-05-2020,11.5375
120712,28-05-2020,11.4641
120712,04-06-2020,11.4769
120712,11-06-2020,11.4706
120712,18-06-2020,11.7565
120712,25-06-2020,11.6346
120712,02-07-2020,11.6276
120712,09-07-2020,11.4998
120712,16-07-2020,11.4687
120712,23-07-2020,11.4415
120712,30-07-2020,11.5234
120712,06-08-2020,11.4865
120712,13-08-2020,11.4736
120712,20-08-2020,11.4386
120712,27-08-2020,11.315
120712,03-09-2020,11.2605
120712,10-09-2020,11.2306
120712,17-09-2020,11.2417
120712,24-09-2020,11.2965
120712,01-10-2020,11.2798
120712,08-10-2020,11.2616
120712,15-10-2020,11.111
120712,22-10-2020,11.1635
120712,29-10-2020,11.1058
120712,05-11-2020,11.1766
120712,12-11-2020,11.2988
120712,19-11-2020,11.2863
120712,26-11-2020,11.1984
120712,03-12-2020,11.2014
120712,10-12-2020,11.2371
120712,17-12-2020,11.2133
120712,24-12-2020,11.1672
120712,31-12-2020,11.222
120712,07-01-2021,11.2711
120712,14-01-2021,11.2444
120712,21-01-2021,11.1001
120712,28-01-2021,11.1451
120712,04-02-2021,11.0811
120712,11-02-2021,11.1046
120712,18-02-2021,11.1224
120712,25-02-2021,10.9588
120712,04-03-2021,10.9703
120712,11-03-2021,11.0198
120712,18-03-2021,11.0804
120712,25-03-2021,11.0953
120712,01-04-2021,10.9242
120712,08-04-2021,11.0402
120712,15-04-2021,11.0809
120712,22-04-2021,10.9787
120712,29-04-2021,10.9139
120712,06-05-2021,10.9384
120712,13-05-2021,11.0023
120712,20-05-2021,10.9637
120712,27-05-2021,11.0405
120712,03-06-2021,10.8866
120712,10-06-2021,10.8002
120712,17-06-2021,10.6261
120712,24-06-2021,10.5541
120712,01-07-2021,10.6856
120712,08-07-2021,10.8658
120712,15-07-2021,10.8905
120712,22-07-2021,10.8393
120712,29-07-2021,10.8244
120712,05-08-2021,10.8697
120712,12-08-2021,10.7382
120712,19-08-2021,10.6933
120712,26-08-2021,10.8203
120712,02-09-2021,10.7341
120712,09-09-2021,10.6741
120712,16-09-2021,10.6795
120712,23-09-2021,10.7079
120712,30-09-2021,10.6587
120712,07-10-2021,10.6695
120712,14-10-2021,10.7257
120712,21-10-2021,10.8983
120712,28-10-2021,10.8916
120712,04-11-2021,10.8924
120712,11-11-2021,11.0298
120712,18-11-2021,10.9858
120712,25-11-2021,10.8738
120712,02-12-2021,10.8999
120712,09-12-2021,10.9981
120712,16-12-2021,11.0343
120712,23-12-2021,11.0301
120712,30-12-2021,10.9067
120712,06-01-2022,10.906
120712,13-01-2022,11.0179
120712,20-01-2022,10.9136
120712,27-01-2022,10.8966
120712,03-02-2022,10.8671
120712,10-02-2022,10.8108
120712,17-02-2022,10.8366
120712,24-02-2022,10.8794
120712,03-03-2022,10.9214
120712,10-03-2022,10.8404
120712,17-03-2022,10.702
120712,24-03-2022,10.7288
120712,31-03-2022,10.6896
120712,07-04-2022,10.8511
120712,14-04-2022,11.019
120712,21-04-2022,11.1989
120712,28-04-2022,11.1192
120712,05-05-2022,11.1743
120712,12-05-2022,11.2566
120712,19-05-2022,11.3294
120712,26-05-2022,11.3018
120712,02-06-2022,11.422
120712,09-06-2022,11.4266
120712,16-06-2022,11.4429
120712,23-06-2022,11.3067
120712,30-06-2022,11.3695
120712,07-07-2022,11.3504
120712,14-07-2022,11.3971
120712,21-07-2022,11.4231
120712,28-07-2022,11.4442
120712,04-08-2022,11.4446
120712,11-08-2022,11.5212
120712,18-08-2022,11.5075
120712,25-08-2022,11.3781
120712,01-09-2022,11.4345
120712,08-09-2022,11.365
120712,15-09-2022,11.2492
120712,22-09-2022,11.1617
120712,29-09-2022,11.1915
120712,06-10-2022,11.1873
120712,13-10-2022,11.0009
120712,20-10-2022,10.9715
120712,27-10-2022,11.0785
120712,03-11-2022,11.043
120712,10-11-2022,11.0328
120712,17-11-2022,11.1292
120712,24-11-2022,11.2045
120712,01-12-2022,11.3006
120712,08-12-2022,11.0545
120712,15-12-2022,11.2122
120712,22-12-2022,11.2738
120712,29-12-2022,11.5003
120712,05-01-2023,11.4329
120712,12-01-2023,11.2762
120712,19-01-2023,11.2813
120712,26-01-2023,11.261
120712,02-02-2023,11.3244
120712,09-02-2023,11.4263
120712,16-02-2023,11.4229
120712,23-02-2023,11.4055
120712,02-03-2023,11.4577
120712,09-03-2023,11.4388
120712,16-03-2023,11.4123
120712,23-03-2023,11.5115
120712,30-03-2023,11.6321
120712,06-04-2023,11.7377
120712,13-04-2023,11.7266
120712,20-04-2023,11.5305
120712,27-04-2023,11.5215
120712,04-05-2023,11.4562
120712,11-05-2023,11.4489
120712,18-05-2023,11.392
120712,25-05-2023,11.3947
120712,01-06-2023,11.3045
120712,08-06-2023,11.1932
120712,15-06-2023,11.3072
120712,22-06-2023,11.224
120712,29-06-2023,11.2285
120712,06-07-2023,11.3187
120712,13-07-2023,11.406
120712,20-07-2023,11.4831
120712,27-07-2023,11.5155
120712,03-08-2023,11.5868
120712,10-08-2023,11.7188
120712,17-08-2023,11.7633
120712,24-08-2023,11.5951
120712,31-08-2023,11.5507
120712,07-09-2023,11.6197
120712,14-09-2023,11.566
120712,21-09-2023,11.7206
120712,28-09-2023,11.7193
120712,05-10-2023,11.732
120712,12-10-2023,11.8423
120712,19-10-2023,11.8297
120712,26-10-2023,11.8511
120712,02-11-2023,11.9411
120712,09-11-2023,11.8052
120712,16-11-2023,11.783
120712,23-11-2023,11.8659
120712,30-11-2023,11.8768
120712,07-12-2023,12.021
120712,14-12-2023,11.8743
120712,21-12-2023,11.7185
120712,28-12-2023,11.7953
120712,04-01-2024,11.8817
120712,11-01-2024,11.8681
120712,18-01-2024,11.9109
120712,25-01-2024,11.9867
120712,01-02-2024,11.9134
120712,08-02-2024,11.8508
120712,15-02-2024,11.8735
120712,22-02-2024,11.9642
120712,29-02-2024,11.8574
120712,07-03-2024,11.8433
120712,14-03-2024,11.8249
120712,21-03-2024,11.8692
120712,28-03-2024,11.8731
120712,04-04-2024,11.826
120712,11-04-2024,11.9489
120712,18-04-2024,11.9021
120712,25-04-2024,11.879
120712,02-05-2024,11.7325
120712,09-05-2024,11.6703
120712,16-05-2024,11.7231
120712,23-05-2024,11.7579
120712,30-05-2024,11.819
120712,06-06-2024,11.8758
120712,13-06-2024,12.0789
120712,20-06-2024,12.0114
120712,27-06-2024,11.8606
120712,04-07-2024,11.7657
120712,11-07-2024,11.7042
120712,18-07-2024,11.6176
120712,25-07-2024,11.631
121001,01-01-2015,10.1042
121001,08-01-2015,10.2327
121001,15-01-2015,10.2781
121001,22-01-2015,10.4583
121001,29-01-2015,10.4326
121001,05-02-2015,10.3006
121001,12-02-2015,10.3915
121001,19-02-2015,10.2428
121001,26-02-2015,10.185
121001,05-03-2015,10.2315
121001,12-03-2015,10.2272
121001,19-03-2015,10.2156
121001,26-03-2015,10.1232
121001,02-04-2015,10.1264
121001,09-04-2015,10.2118
121001,16-04-2015,10.2175
121001,23-04-2015,10.1537
121001,30-04-2015,10.0564
121001,07-05-2015,9.9953
121001,14-05-2015,10.0307
121001,21-05-2015,10.0623
121001,28-05-2015,10.0018
121001,04-06-2015,9.829
121001,11-06-2015,9.8659
121001,18-06-2015,9.799
121001,25-06-2015,9.8569
121001,02-07-2015,9.8013
121001,09-07-2015,9.7277
121001,16-07-2015,9.7435
121001,23-07-2015,9.9312
121001,30-07-2015,9.9947
121001,06-08-2015,10.0096
121001,13-08-2015,10.0423
121001,20-08-2015,9.9057
121001,27-08-2015,9.8207
121001,03-09-2015,9.6273
121001,10-09-2015,9.7644
121001,17-09-2015,9.8876
121001,24-09-2015,9.9227
121001,01-10-2015,9.9374
121001,08-10-2015,9.818
121001,15-10-2015,9.8047
121001,22-10-2015,9.9492
121001,29-10-2015,9.9636
121001,05-11-2015,9.9226
121001,12-11-2015,9.787
121001,19-11-2015,9.899
121001,26-11-2015,9.8974
121001,03-12-2015,9.7623
121001,10-12-2015,9.694
121001,17-12-2015,9.5988
121001,24-12-2015,9.5925
121001,31-12-2015,9.6123
121001,07-01-2016,9.5774
121001,14-01-2016,9.6408
121001,21-01-2016,9.6507
121001,28-01-2016,9.7366
121001,04-02-2016,9.7127
121001,11-02-2016,9.9532
121001,18-02-2016,9.9122
121001,25-02-2016,9.8446
121001,03-03-2016,9.7677
121001,10-03-2016,9.7551
121001,17-03-2016,9.6248
121001,24-03-2016,9.6513
121001,31-03-2016,9.5081
121001,07-04-2016,9.5242
121001,14-04-2016,9.425
121001,21-04-2016,9.4001
121001,28-04-2016,9.4493
121001,05-05-2016,9.6272
121001,12-05-2016,9.5481
121001,19-05-2016,9.5404
121001,26-05-2016,9.489
121001,02-06-2016,9.4267
121001,09-06-2016,9.3766
121001,16-06-2016,9.4421
121001,23-06-2016,9.4091
121001,30-06-2016,9.5821
121001,07-07-2016,9.6179
121001,14-07-2016,9.544
121001,21-07-2016,9.5198
121001,28-07-2016,9.4625
121001,04-08-2016,9.5269
121001,11-08-2016,9.4058
121001,18-08-2016,9.3087
121001,25-08-2016,9.2683
121001,01-09-2016,9.3227
121001,08-09-2016,9.4184
121001,15-09-2016,9.5262
121001,22-09-2016,9.5704
121001,29-09-2016,9.5678
121001,06-10-2016,9.6325
121001,13-10-2016,9.5481
121001,20-10-2016,9.4111
121001,27-10-2016,9.4477
121001,03-11-2016,9.3755
121001,10-11-2016,9.3743
121001,17-11-2016,9.387
121001,24-11-2016,9.4094
121001,01-12-2016,9.4838
121001,08-12-2016,9.5507
121001,15-12-2016,9.5694
121001,22-12-2016,9.5394
121001,29-12-2016,9.5515
121001,05-01-2017,9.5097
121001,12-01-2017,9.4986
121001,19-01-2017,9.7013
121001,26-01-2017,9.7193
121001,02-02-2017,9.7582
121001,09-02-2017,9.7071
121001,16-02-2017,9.7902
121001,23-02-2017,9.8536
121001,02-03-2017,9.9181
121001,09-03-2017,9.9391
121001,16-03-2017,10.0253
121001,23-03-2017,10.1313
121001,30-03-2017,10.1583
121001,06-04-2017,10.153
121001,13-04-2017,10.2298
121001,20-04-2017,10.1599
121001,27-04-2017,10.1056
121001,04-05-2017,10.1053
121001,11-05-2017,9.9686
121001,18-05-2017,10.0386
121001,25-05-2017,9.9652
121001,01-06-2017,9.9316
121001,08-06-2017,9.9187
121001,15-06-2017,9.9257
121001,22-06-2017,9.9024
121001,29-06-2017,9.9011
121001,06-07-2017,9.9003
121001,13-07-2017,9.8688
121001,20-07-2017,9.8117
121001,27-07-2017,9.9006
121001,03-08-2017,9.7378
121001,10-08-2017,9.7257
121001,17-08-2017,9.6931
121001,24-08-2017,9.7295
121001,31-08-2017,9.6202
121001,07-09-2017,9.5856
121001,14-09-2017,9.5815
121001,21-09-2017,9.6674
121001,28-09-2017,9.697
121001,05-10-2017,9.609
121001,12-10-2017,9.5754
121001,19-10-2017,9.6471
121001,26-10-2017,9.5583
121001,02-11-2017,9.5561
121001,09-11-2017,9.5592
121001,16-11-2017,9.5335
121001,23-11-2017,9.743
121001,30-11-2017,9.7147
121001,07-12-2017,9.7535
121001,14-12-2017,9.6976
121001,21-12-2017,9.7425
121001,28-12-2017,9.8142
121001,04-01-2018,9.772
121001,11-01-2018,9.7716
121001,18-01-2018,9.7055
121001,25-01-2018,9.6206
121001,01-02-2018,9.7042
121001,08-02-2018,9.6651
121001,15-02-2018,9.4823
121001,22-02-2018,9.62
121001,01-03-2018,9.5622
121001,08-03-2018,9.5471
121001,15-03-2018,9.6763
121001,22-03-2018,9.6692
121001,29-03-2018,9.6604
121001,05-04-2018,9.5694
121001,12-04-2018,9.448
121001,19-04-2018,9.4392
121001,26-04-2018,9.4704
121001,03-05-2018,9.4973
121001,10-05-2018,9.4646
121001,17-05-2018,9.4699
121001,24-05-2018,9.3345
121001,31-05-2018,9.3726
121001,07-06-2018,9.3884
121001,14-06-2018,9.5404
121001,21-06-2018,9.5448
121001,28-06-2018,9.4767
121001,05-07-2018,9.4766
121001,12-07-2018,9.4555
121001,19-07-2018,9.4922
121001,26-07-2018,9.498
121001,02-08-2018,9.4061
121001,09-08-2018,9.2868
121001,16-08-2018,9.31
121001,23-08-2018,9.4168
121001,30-08-2018,9.4265
121001,06-09-2018,9.4916
121001,13-09-2018,9.5723
121001,20-09-2018,9.5966
121001,27-09-2018,9.5379
121001,04-10-2018,9.5566
121001,11-10-2018,9.6527
121001,18-10-2018,9.6975
121001,25-10-2018,9.7594
121001,01-11-2018,9.7272
121001,08-11-2018,9.7154
121001,15-11-2018,9.71
121001,22-11-2018,9.7099
121001,29-11-2018,9.8045
121001,06-12-2018,9.6243
121001,13-12-2018,9.6305
121001,20-12-2018,9.6283
121001,27-12-2018,9.5265
121001,03-01-2019,9.5815
121001,10-01-2019,9.5298
121001,17-01-2019,9.5064
121001,24-01-2019,9.6508
121001,31-01-2019,9.7326
121001,07-02-2019,9.7812
121001,14-02-2019,9.8149
121001,21-02-2019,9.8059
121001,28-02-2019,9.9667
121001,07-03-2019,10.0347
121001,14-03-2019,9.9785
121001,21-03-2019,9.8707
121001,28-03-2019,9.9194
121001,04-04-2019,9.919
121001,11-04-2019,9.8095
121001,18-04-2019,9.8471
121001,25-04-2019,9.8298
121001,02-05-2019,9.8755
121001,09-05-2019,9.9144
121001,16-05-2019,9.8701
121001,23-05-2019,9.924
121001,30-05-2019,9.8884
121001,06-06-2019,9.8582
121001,13-06-2019,9.8201
121001,20-06-2019,9.9129
121001,27-06-2019,9.8946
121001,04-07-2019,10.0072
121001,11-07-2019,10.154
121001,18-07-2019,10.098
121001,25-07-2019,9.8661
121001,01-08-2019,9.9525
121001,08-08-2019,9.9293
121001,15-08-2019,9.8644
121001,22-08-2019,9.8219
121001,29-08-2019,9.7932
121001,05-09-2019,9.8988
121001,12-09-2019,9.9154
121001,19-09-2019,10.0212
121001,26-09-2019,10.0648
121001,03-10-2019,10.044
121001,10-10-2019,10.0166
121001,17-10-2019,10.0656
121001,24-10-2019,10.1357
121001,31-10-2019,10.2206
121001,07-11-2019,10.2033
121001,14-11-2019,10.2217
121001,21-11-2019,10.2735
121001,28-11-2019,10.2461
121001,05-12-2019,10.1571
121001,12-12-2019,10.0957
121001,19-12-2019,10.0803
121001,26-12-2019,10.1377
121001,02-01-2020,10.2439
121001,09-01-2020,10.1368
121001,16-01-2020,10.0924
121001,23-01-2020,10.0676
121001,30-01-2020,10.1356
121001,06-02-2020,10.0968
121001,13-02-2020,10.0662
121001,20-02-2020,9.9565
121001,27-02-2020,9.999
121001,05-03-2020,9.9901
121001,12-03-2020,9.9418
121001,19-03-2020,9.9251
121001,26-03-2020,10.0186
121001,02-04-2020,9.9421
121001,09-04-2020,9.8791
121001,16-04-2020,9.982
121001,23-04-2020,9.9921
121001,30-04-2020,10.0496
121001,07-05-2020,10.0859
121001,14-05-2020,10.0871
121001,21-05-2020,10.063
121001,28-05-2020,10.134
121001,04-06-2020,10.2323
121001,11-06-2020,10.3251
121001,18-06-2020,10.2313
121001,25-06-2020,10.3422
121001,02-07-2020,10.3167
121001,09-07-2020,10.2586
121001,16-07-2020,10.2488
121001,23-07-2020,10.321
121001,30-07-2020,10.3698
121001,06-08-2020,10.3527
121001,13-08-2020,10.4262
121001,20-08-2020,10.4421
121001,27-08-2020,10.3984
121001,03-09-2020,10.3436
121001,10-09-2020,10.3817
121001,17-09-2020,10.379
121001,24-09-2020,10.269
121001,01-10-2020,10.3427
121001,08-10-2020,10.3071
121001,15-10-2020,10.4425
121001,22-10-2020,10.3295
121001,29-10-2020,10.3186
121001,05-11-2020,10.265
121001,12-11-2020,10.189
121001,19-11-2020,10.1534
121001,26-11-2020,10.3013
121001,03-12-2020,10.3172
121001,10-12-2020,10.256
121001,17-12-2020,10.1101
121001,24-12-2020,9.9749
121001,31-12-2020,9.9361
121001,07-01-2021,9.8897
121001,14-01-2021,9.8759
121001,21-01-2021,9.7003
121001,28-01-2021,9.6971
121001,04-02-2021,9.7807
121001,11-02-2021,9.9116
121001,18-02-2021,9.7653
121001,25-02-2021,9.7066
121001,04-03-2021,9.6442
121001,11-03-2021,9.6593
121001,18-03-2021,9.5689
121001,25-03-2021,9.7015
121001,01-04-2021,9.7088
121001,08-04-2021,9.7031
121001,15-04-2021,9.8306
121001,22-04-2021,9.8333
121001,29-04-2021,9.8687
121001,06-05-2021,9.8134
121001,13-05-2021,9.7097
121001,20-05-2021,9.6662
121001,27-05-2021,9.8391
121001,03-06-2021,9.8929
121001,10-06-2021,9.9186
121001,17-06-2021,9.8451
121001,24-06-2021,9.9208
121001,01-07-2021,9.817
121001,08-07-2021,9.6979
121001,15-07-2021,9.6584
121001,22-07-2021,9.8133
121001,29-07-2021,9.9662
121001,05-08-2021,9.9342
121001,12-08-2021,9.8846
121001,19-08-2021,9.7588
121001,26-08-2021,9.7688
121001,02-09-2021,9.7854
121001,09-09-2021,9.8511
121001,16-09-2021,9.9268
121001,23-09-2021,9.9151
121001,30-09-2021,9.9632
121001,07-10-2021,9.9113
121001,14-10-2021,9.9579
121001,21-10-2021,9.9215
121001,28-10-2021,9.9619
121001,04-11-2021,9.996
121001,11-11-2021,10.0055
121001,18-11-2021,10.0731
121001,25-11-2021,9.9506
121001,02-12-2021,9.8698
121001,09-12-2021,9.8525
121001,16-12-2021,9.7426
121001,23-12-2021,9.7148
121001,30-12-2021,9.6896
121001,06-01-2022,9.795
121001,13-01-2022,9.8101
121001,20-01-2022,9.8948
121001,27-01-2022,9.9226
121001,03-02-2022,9.8841
121001,10-02-2022,9.8986
121001,17-02-2022,9.9603
121001,24-02-2022,10.0594
121001,03-03-2022,10.0528
121001,10-03-2022,9.9243
121001,17-03-2022,9.7919
121001,24-03-2022,9.7702
121001,31-03-2022,9.5914
121001,07-04-2022,9.733
121001,14-04-2022,9.7834
121001,21-04-2022,9.7375
121001,28-04-2022,9.655
121001,05-05-2022,9.7382
121001,12-05-2022,9.6554
121001,19-05-2022,9.5806
121001,26-05-2022,9.5257
121001,02-06-2022,9.5382
121001,09-06-2022,9.5894
121001,16-06-2022,9.6847
121001,23-06-2022,9.7696
121001,30-06-2022,9.7735
121001,07-07-2022,9.8572
121001,14-07-2022,9.8083
121001,21-07-2022,9.6693
121001,28-07-2022,9.6213
121001,04-08-2022,9.5631
121001,11-08-2022,9.5185
121001,18-08-2022,9.4493
121001,25-08-2022,9.4182
121001,01-09-2022,9.4687
121001,08-09-2022,9.6024
121001,15-09-2022,9.4737
121001,22-09-2022,9.3799
121001,29-09-2022,9.3243
121001,06-10-2022,9.3851
121001,13-10-2022,9.3735
121001,20-10-2022,9.3229
121001,27-10-2022,9.3801
121001,03-11-2022,9.4556
121001,10-11-2022,9.458
121001,17-11-2022,9.4
121001,24-11-2022,9.4241
121001,01-12-2022,9.4103
121001,08-12-2022,9.3959
121001,15-12-2022,9.3612
121001,22-12-2022,9.4342
121001,29-12-2022,9.4568
121001,05-01-2023,9.539
121001,12-01-2023,9.6447
121001,19-01-2023,9.684
121001,26-01-2023,9.6487
121001,02-02-2023,9.7328
121001,09-02-2023,9.773
121001,16-02-2023,9.9804
121001,23-02-2023,10.0092
121001,02-03-2023,10.069
121001,09-03-2023,10.0965
121001,16-03-2023,10.0925
121001,23-03-2023,10.0756
121001,30-03-2023,10.1034
121001,06-04-2023,10.1496
121001,13-04-2023,10.2473
121001,20-04-2023,10.2768
121001,27-04-2023,10.2428
121001,04-05-2023,10.2201
121001,11-05-2023,10.1161
121001,18-05-2023,10.2545
121001,25-05-2023,10.2142
121001,01-06-2023,10.2974
121001,08-06-2023,10.3243
121001,15-06-2023,10.3535
121001,22-06-2023,10.3479
121001,29-06-2023,10.2868
121001,06-07-2023,10.2112
121001,13-07-2023,10.3565
121001,20-07-2023,10.3701
121001,27-07-2023,10.4676
121001,03-08-2023,10.5878
121001,10-08-2023,10.5572
121001,17-08-2023,10.5972
121001,24-08-2023,10.6053
121001,31-08-2023,10.5113
121001,07-09-2023,10.4999
121001,14-09-2023,10.5535
121001,21-09-2023,10.5156
121001,28-09-2023,10.4924
121001,05-10-2023,10.4821
121001,12-10-2023,10.6633
121001,19-10-2023,10.5112
121001,26-10-2023,10.5575
121001,02-11-2023,10.5404
121001,09-11-2023,10.4906
121001,16-11-2023,10.4714
121001,23-11-2023,10.5315
121001,30-11-2023,10.5968
121001,07-12-2023,10.6168
121001,14-12-2023,10.7139
121001,21-12-2023,10.8269
121001,28-12-2023,10.9019
121001,04-01-2024,10.8587
121001,11-01-2024,10.906
121001,18-01-2024,10.9539
121001,25-01-2024,10.8868
121001,01-02-2024,10.7544
121001,08-02-2024,10.5847
121001,15-02-2024,10.5949
121001,22-02-2024,10.6244
121001,29-02-2024,10.5282
121001,07-03-2024,10.6205
121001,14-03-2024,10.6377
121001,21-03-2024,10.7568
121001,28-03-2024,10.7929
121001,04-04-2024,10.7052
121001,11-04-2024,10.7487
121001,18-04-2024,10.8106
121001,25-04-2024,10.7676
121001,02-05-2024,10.6477
121001,09-05-2024,10.6605
121001,16-05-2024,10.5794
121001,23-05-2024,10.6785
121001,30-05-2024,10.648
121001,06-06-2024,10.7992
121001,13-06-2024,10.62
121001,20-06-2024,10.6357
121001,27-06-2024,10.7615
121001,04-07-2024,10.6892
121001,11-07-2024,10.6799
121001,18-07-2024,10.6497
121001,25-07-2024,10.5957
121002,01-01-2015,10.0236
121002,08-01-2015,9.9237
121002,15-01-2015,9.9189
121002,22-01-2015,9.9638
121002,29-01-2015,9.9506
121002,05-02-2015,9.875
121002,12-02-2015,9.9603
121002,19-02-2015,10.0225
121002,26-02-2015,9.943
121002,05-03-2015,9.844
121002,12-03-2015,9.773
121002,19-03-2015,9.8196
121002,26-03-2015,9.8451
121002,02-04-2015,9.9113
121002,09-04-2015,9.8894
121002,16-04-2015,9.8202
121002,23-04-2015,9.8963
121002,30-04-2015,9.8565
121002,07-05-2015,9.8751
121002,14-05-2015,9.7566
121002,21-05-2015,9.716
121002,28-05-2015,9.7984
121002,04-06-2015,9.7462
121002,11-06-2015,9.8136
121002,18-06-2015,9.6345
121002,25-06-2015,9.5952
121002,02-07-2015,9.5859
121002,09-07-2015,9.7234
121002,16-07-2015,9.6363
121002,23-07-2015,9.6919
121002,30-07-2015,9.7777
121002,06-08-2015,9.7252
121002,13-08-2015,9.7
121002,20-08-2015,9.7149
121002,27-08-2015,9.6036
121002,03-09-2015,9.5725
121002,10-09-2015,9.6741
121002,17-09-2015,9.7184
121002,24-09-2015,9.7101
121002,01-10-2015,9.7228
121002,08-10-2015,9.7718
121002,15-10-2015,9.8361
121002,22-10-2015,9.7963
121002,29-10-2015,9.9205
121002,05-11-2015,10.0289
121002,12-11-2015,10.0873
121002,19-11-2015,10.0233
121002,26-11-2015,9.9455
121002,03-12-2015,9.9235
121002,10-12-2015,9.9323
121002,17-12-2015,9.7957
121002,24-12-2015,9.8384
121002,31-12-2015,9.9437
121002,07-01-2016,9.9935
121002,14-01-2016,9.9435
121002,21-01-2016,9.8842
121002,28-01-2016,9.9119
121002,04-02-2016,9.9037
121002,11-02-2016,9.9428
121002,18-02-2016,9.9946
121002,25-02-2016,10.0859
121002,03-03-2016,9.9986
121002,10-03-2016,10.0203
121002,17-03-2016,9.9952
121002,24-03-2016,9.9913
121002,31-03-2016,10.0644
121002,07-04-2016,10.1468
121002,14-04-2016,10.2643
121002,21-04-2016,10.3034
121002,28-04-2016,10.2985
121002,05-05-2016,10.2817
121002,12-05-2016,10.1432
121002,19-05-2016,10.2559
121002,26-05-2016,10.2336
121002,02-06-2016,10.2791
121002,09-06-2016,10.3391
121002,16-06-2016,10.2402
121002,23-06-2016,10.1687
121002,30-06-2016,10.2986
121002,07-07-2016,10.3266
121002,14-07-2016,10.2828
121002,21-07-2016,10.2765
121002,28-07-2016,10.3699
121002,04-08-2016,10.4516
121002,11-08-2016,10.3332
121002,18-08-2016,10.4724
121002,25-08-2016,10.5576
121002,01-09-2016,10.5489
121002,08-09-2016,10.4525
121002,15-09-2016,10.5449
121002,22-09-2016,10.5893
121002,29-09-2016,10.47
121002,06-10-2016,10.4548
121002,13-10-2016,10.7204
121002,20-10-2016,10.7261
121002,27-10-2016,10.6667
121002,03-11-2016,10.5849
121002,10-11-2016,10.7392
121002,17-11-2016,10.8164
121002,24-11-2016,10.9425
121002,01-12-2016,10.9686
121002,08-12-2016,11.083
121002,15-12-2016,11.0122
121002,22-12-2016,11.031
121002,29-12-2016,11.0607
121002,05-01-2017,11.1875
121002,12-01-2017,11.2205
121002,19-01-2017,11.1688
121002,26-01-2017,11.179
121002,02-02-2017,11.0335
121002,09-02-2017,10.8331
121002,16-02-2017,10.9095
121002,23-02-2017,10.8811
121002,02-03-2017,10.8627
121002,09-03-2017,10.9393
121002,16-03-2017,11.0659
121002,23-03-2017,11.1177
121002,30-03-2017,11.2936
121002,06-04-2017,11.3435
121002,13-04-2017,11.3755
121002,20-04-2017,11.4019
121002,27-04-2017,11.2892
121002,04-05-2017,11.3801
121002,11-05-2017,11.162
121002,18-05-2017,11.1141
121002,25-05-2017,11.1206
121002,01-06-2017,11.0548
121002,08-06-2017,11.0192
121002,15-06-2017,11.1858
121002,22-06-2017,11.2891
121002,29-06-2017,11.2316
121002,06-07-2017,11.1939
121002,13-07-2017,11.0841
121002,20-07-2017,11.151
121002,27-07-2017,11.1332
121002,03-08-2017,10.9625
121002,10-08-2017,10.9757
121002,17-08-2017,11.0187
121002,24-08-2017,11.108
121002,31-08-2017,11.1059
121002,07-09-2017,11.0772
121002,14-09-2017,11.2577
121002,21-09-2017,11.2628
121002,28-09-2017,11.3321
121002,05-10-2017,11.2877
121002,12-10-2017,11.3545
121002,19-10-2017,11.2269
121002,26-10-2017,11.1899
121002,02-11-2017,11.0862
121002,09-11-2017,11.0369
121002,16-11-2017,11.1518
121002,23-11-2017,11.1016
121002,30-11-2017,11.1698
121002,07-12-2017,11.3099
121002,14-12-2017,11.3119
121002,21-12-2017,11.4064
121002,28-12-2017,11.4594
121002,04-01-2018,11.4747
121002,11-01-2018,11.5481
121002,18-01-2018,11.7227
121002,25-01-2018,11.6676
121002,01-02-2018,11.5828
121002,08-02-2018,11.4931
121002,15-02-2018,11.5891
121002,22-02-2018,11.6985
121002,01-03-2018,11.6529
121002,08-03-2018,11.4584
121002,15-03-2018,11.4011
121002,22-03-2018,11.4557
121002,29-03-2018,11.4541
121002,05-04-2018,11.4753
121002,12-04-2018,11.4318
121002,19-04-2018,11.5291
121002,26-04-2018,11.5654
121002,03-05-2018,11.6243
121002,10-05-2018,11.6437
121002,17-05-2018,11.6972
121002,24-05-2018,11.7448
121002,31-05-2018,11.6623
121002,07-06-2018,11.7018
121002,14-06-2018,11.7805
121002,21-06-2018,11.8941
121002,28-06-2018,11.9385
121002,05-07-2018,11.8511
121002,12-07-2018,11.7789
121002,19-07-2018,11.7426
121002,26-07-2018,11.7651
121002,02-08-2018,11.7583
121002,09-08-2018,11.6573
121002,16-08-2018,11.5566
121002,23-08-2018,11.3672
121002,30-08-2018,11.0881
121002,06-09-2018,11.0808
121002,13-09-2018,11.2909
121002,20-09-2018,11.4577
121002,27-09-2018,11.3727
121002,04-10-2018,11.3908
121002,11-10-2018,11.2619
121002,18-10-2018,11.1482
121002,25-10-2018,11.0459
121002,01-11-2018,11.0304
121002,08-11-2018,11.0187
121002,15-11-2018,11.0454
121002,22-11-2018,11.1084
121002,29-11-2018,11.0829
121002,06-12-2018,11.0906
121002,13-12-2018,10.9979
121002,20-12-2018,10.884
121002,27-12-2018,10.7579
121002,03-01-2019,10.8181
121002,10-01-2019,10.7931
121002,17-01-2019,10.6359
121002,24-01-2019,10.6348
121002,31-01-2019,10.5328
121002,07-02-2019,10.6769
121002,14-02-2019,10.6317
121002,21-02-2019,10.694
121002,28-02-2019,10.7914
121002,07-03-2019,10.7133
121002,14-03-2019,10.7241
121002,21-03-2019,10.7759
121002,28-03-2019,10.7901
121002,04-04-2019,10.8256
121002,11-04-2019,10.7148
121002,18-04-2019,10.7666
121002,25-04-2019,10.729
121002,02-05-2019,10.7633
121002,09-05-2019,10.8468
121002,16-05-2019,10.9092
121002,23-05-2019,10.944
121002,30-05-2019,11.0046
121002,06-06-2019,11.0696
121002,13-06-2019,11.2064
121002,20-06-2019,11.2079
121002,27-06-2019,11.2271
121002,04-07-2019,11.3153
121002,11-07-2019,11.2754
121002,18-07-2019,11.1595
121002,25-07-2019,11.208
121002,01-08-2019,11.194
121002,08-08-2019,11.0903
121002,15-08-2019,11.1392
121002,22-08-2019,11.2711
121002,29-08-2019,11.1287
121002,05-09-2019,11.2242
121002,12-09-2019,11.0008
121002,19-09-2019,10.97
121002,26-09-2019,11.1359
121002,03-10-2019,11.1111
121002,10-10-2019,11.1236
121002,17-10-2019,11.1959
121002,24-10-2019,11.0467
121002,31-10-2019,11.0574
121002,07-11-2019,11.0675
121002,14-11-2019,11.2369
121002,21-11-2019,11.1303
121002,28-11-2019,11.1007
121002,05-12-2019,11.0227
121002,12-12-2019,10.9359
121002,19-12-2019,11.0389
121002,26-12-2019,11.0457
121002,02-01-2020,11.001
121002,09-01-2020,10.9599
121002,16-01-2020,10.9149
121002,23-01-2020,10.8779
121002,30-01-2020,10.7722
121002,06-02-2020,10.7542
121002,13-02-2020,10.7276
121002,20-02-2020,10.6668
121002,27-02-2020,10.6843
121002,05-03-2020,10.7091
121002,12-03-2020,10.6657
121002,19-03-2020,10.6577
121002,26-03-2020,10.846
121002,02-04-2020,11.0343
121002,09-04-2020,10.9457
121002,16-04-2020,10.87
121002,23-04-2020,10.7822
121002,30-04-2020,10.8777
121002,07-05-2020,10.8474
121002,14-05-2020,10.8725
121002,21-05-2020,11.0506
121002,28-05-2020,11.054
121002,04-06-2020,11.1209
121002,11-06-2020,11.1717
121002,18-06-2020,11.1236
121002,25-06-2020,11.2223
121002,02-07-2020,11.1505
121002,09-07-2020,11.2745
121002,16-07-2020,11.226
121002,23-07-2020,11.1875
121002,30-07-2020,11.0946
121002,06-08-2020,11.017
121002,13-08-2020,10.9838
121002,20-08-2020,10.7746
121002,27-08-2020,10.7587
121002,03-09-2020,10.7193
121002,10-09-2020,10.7914
121002,17-09-2020,10.8322
121002,24-09-2020,10.7752
121002,01-10-2020,10.74
121002,08-10-2020,10.7241
121002,15-10-2020,10.8559
121002,22-10-2020,10.7888
121002,29-10-2020,10.731
121002,05-11-2020,10.6384
121002,12-11-2020,10.5166
121002,19-11-2020,10.5466
121002,26-11-2020,10.5679
121002,03-12-2020,10.6806
121002,10-12-2020,10.7739
121002,17-12-2020,10.9848
121002,24-12-2020,10.9827
121002,31-12-2020,10.9642
121002,07-01-2021,10.8545
121002,14-01-2021,10.9193
121002,21-01-2021,10.9341
121002,28-01-2021,10.9954
121002,04-02-2021,10.8996
121002,11-02-2021,10.9346
121002,18-02-2021,10.957
121002,25-02-2021,10.9735
121002,04-03-2021,10.9179
121002,11-03-2021,11.0262
121002,18-03-2021,11.2114
121002,25-03-2021,11.1163
121002,01-04-2021,11.1849
121002,08-04-2021,10.9318
121002,15-04-2021,10.9947
121002,22-04-2021,10.8346
121002,29-04-2021,10.7934
121002,06-05-2021,10.6843
121002,13-05-2021,10.6702
121002,20-05-2021,10.7461
121002,27-05-2021,10.5907
121002,03-06-2021,10.5645
121002,10-06-2021,10.5253
121002,17-06-2021,10.6626
121002,24-06-2021,10.7037
121002,01-07-2021,10.6072
121002,08-07-2021,10.5715
121002,15-07-2021,10.7073
121002,22-07-2021,10.7728
121002,29-07-2021,10.6979
121002,05-08-2021,10.6794
121002,12-08-2021,10.6636
121002,19-08-2021,10.6219
121002,26-08-2021,10.4808
121002,02-09-2021,10.4282
121002,09-09-2021,10.5483
121002,16-09-2021,10.5203
121002,23-09-2021,10.5159
121002,30-09-2021,10.5319
121002,07-10-2021,10.723
121002,14-10-2021,10.728
121002,21-10-2021,10.8262
121002,28-10-2021,10.7787
121002,04-11-2021,10.7607
121002,11-11-2021,10.7661
121002,18-11-2021,10.7037
121002,25-11-2021,10.6905
121002,02-12-2021,10.7708
121002,09-12-2021,10.7061
121002,16-12-2021,10.7104
121002,23-12-2021,10.7754
121002,30-12-2021,10.7086
121002,06-01-2022,10.8068
121002,13-01-2022,10.8174
121002,20-01-2022,10.8074
121002,27-01-2022,10.6381
121002,03-02-2022,10.6106
121002,10-02-2022,10.6464
121002,17-02-2022,10.7993
121002,24-02-2022,10.8527
121002,03-03-2022,10.9548
121002,10-03-2022,10.8532
121002,17-03-2022,10.8465
121002,24-03-2022,10.9568
121002,31-03-2022,10.8834
121002,07-04-2022,10.9718
121002,14-04-2022,11.0405
121002,21-04-2022,11.0692
121002,28-04-2022,11.0445
121002,05-05-2022,10.9618
121002,12-05-2022,11.1219
121002,19-05-2022,11.1825
121002,26-05-2022,11.2175
121002,02-06-2022,11.1849
121002,09-06-2022,11.1928
121002,16-06-2022,11.212
121002,23-06-2022,11.2524
121002,30-06-2022,11.323
121002,07-07-2022,11.2566
121002,14-07-2022,11.1291
121002,21-07-2022,11.141
121002,28-07-2022,10.9897
121002,04-08-2022,10.9657
121002,11-08-2022,10.9254
121002,18-08-2022,10.9727
121002,25-08-2022,11.1512
121002,01-09-2022,10.9822
121002,08-09-2022,11.1864
121002,15-09-2022,11.17
121002,22-09-2022,11.2055
121002,29-09-2022,11.0832
121002,06-10-2022,11.176
121002,13-10-2022,11.1842
121002,20-10-2022,11.1831
121002,27-10-2022,11.0143
121002,03-11-2022,11.0252
121002,10-11-2022,11.1042
121002,17-11-2022,11.0877
121002,24-11-2022,11.1962
121002,01-12-2022,11.3022
121002,08-12-2022,11.2488
121002,15-12-2022,11.3968
121002,22-12-2022,11.4055
121002,29-12-2022,11.4146
121002,05-01-2023,11.4282
121002,12-01-2023,11.4391
121002,19-01-2023,11.203
121002,26-01-2023,11.1908
121002,02-02-2023,11.0732
121002,09-02-2023,11.2217
121002,16-02-2023,11.3686
121002,23-02-2023,11.4506
121002,02-03-2023,11.4334
121002,09-03-2023,11.3457
121002,16-03-2023,11.2906
121002,23-03-2023,11.4706
121002,30-03-2023,11.4116
121002,06-04-2023,11.2011
121002,13-04-2023,11.2979
121002,20-04-2023,11.4381
121002,27-04-2023,11.5945
121002,04-05-2023,11.6954
121002,11-05-2023,11.8125
121002,18-05-2023,11.8223
121002,25-05-2023,11.6306
121002,01-06-2023,11.6379
121002,08-06-2023,11.7004
121002,15-06-2023,11.6924
121002,22-06-2023,11.6802
121002,29-06-2023,11.5947
121002,06-07-2023,11.5065
121002,13-07-2023,11.6803
121002,20-07-2023,11.8601
121002,27-07-2023,11.8646
121002,03-08-2023,11.896
121002,10-08-2023,11.8075
121002,17-08-2023,11.8729
121002,24-08-2023,12.0448
121002,31-08-2023,11.9022
121002,07-09-2023,11.9512
121002,14-09-2023,12.0075
121002,21-09-2023,12.063
121002,28-09-2023,12.2263
121002,05-10-2023,12.4304
121002,12-10-2023,12.4121
121002,19-10-2023,12.4839
121002,26-10-2023,12.4973
121002,02-11-2023,12.4391
121002,09-11-2023,12.4711
121002,16-11-2023,12.543
121002,23-11-2023,12.5698
121002,30-11-2023,12.4862
121002,07-12-2023,12.4449
121002,14-12-2023,12.4045
121002,21-12-2023,12.3259
121002,28-12-2023,12.3617
121002,04-01-2024,12.408
121002,11-01-2024,12.5102
121002,18-01-2024,12.4294
121002,25-01-2024,12.3769
121002,01-02-2024,12.5358
121002,08-02-2024,12.5243
121002,15-02-2024,12.5324
121002,22-02-2024,12.5198
121002,29-02-2024,12.6383
121002,07-03-2024,12.7618
121002,14-03-2024,12.8806
121002,21-03-2024,12.8885
121002,28-03-2024,12.8037
121002,04-04-2024,13.006
121002,11-04-2024,13.1003
121002,18-04-2024,13.0577
121002,25-04-2024,13.2116
121002,02-05-2024,13.1603
121002,09-05-2024,13.3141
121002,16-05-2024,13.4769
121002,23-05-2024,13.3829
121002,30-05-2024,13.4506
121002,06-06-2024,13.5401
121002,13-06-2024,13.8288
121002,20-06-2024,13.7522
121002,27-06-2024,13.9153
121002,04-07-2024,13.9228
121002,11-07-2024,13.7901
121002,18-07-2024,13.7824
121002,25-07-2024,13.7882
121003,01-01-2015,9.9193
121003,08-01-2015,9.948
121003,15-01-2015,10.0282
121003,22-01-2015,10.0514
121003,29-01-2015,10.0118
121003,05-02-2015,10.0039
121003,12-02-2015,10.0076
121003,19-02-2015,10.029
121003,26-02-2015,10.122
121003,05-03-2015,10.1481
121003,12-03-2015,10.0383
121003,19-03-2015,9.9971
121003,26-03-2015,10.0144
121003,02-04-2015,10.1085
121003,09-04-2015,10.2175
121003,16-04-2015,10.3666
121003,23-04-2015,10.3816
121003,30-04-2015,10.4491
121003,07-05-2015,10.3317
121003,14-05-2015,10.3714
121003,21-05-2015,10.2863
121003,28-05-2015,10.2853
121003,04-06-2015,10.5387
121003,11-06-2015,10.5685
121003,18-06-2015,10.4997
121003,25-06-2015,10.5382
121003,02-07-2015,10.4988
121003,09-07-2015,10.4223
121003,16-07-2015,10.6018
121003,23-07-2015,10.6965
121003,30-07-2015,10.7304
121003,06-08-2015,10.7011
121003,13-08-2015,10.6787
121003,20-08-2015,10.8148
121003,27-08-2015,10.8456
121003,03-09-2015,10.5825
121003,10-09-2015,10.7917
121003,17-09-2015,10.8118
121003,24-09-2015,10.8458
121003,01-10-2015,10.9444
121003,08-10-2015,10.9896
121003,15-10-2015,11.0596
121003,22-10-2015,11.0266
121003,29-10-2015,10.9225
121003,05-11-2015,10.9513
121003,12-11-2015,11.0812
121003,19-11-2015,11.0282
121003,26-11-2015,10.9683
121003,03-12-2015,11.0799
121003,10-12-2015,11.0438
121003,17-12-2015,11.0119
121003,24-12-2015,10.9834
121003,31-12-2015,10.9821
121003,07-01-2016,10.8483
121003,14-01-2016,10.8058
121003,21-01-2016,10.83
121003,28-01-2016,10.8537
121003,04-02-2016,10.9586
121003,11-02-2016,11.1242
121003,18-02-2016,11.2633
121003,25-02-2016,11.3502
121003,03-03-2016,11.3412
121003,10-03-2016,11.2893
121003,17-03-2016,11.2954
121003,24-03-2016,11.3528
121003,31-03-2016,11.432
121003,07-04-2016,11.4936
121003,14-04-2016,11.487
121003,21-04-2016,11.5639
121003,28-04-2016,11.6852
121003,05-05-2016,11.7721
121003,12-05-2016,11.7738
121003,19-05-2016,11.7
121003,26-05-2016,11.6244
121003,02-06-2016,11.5657
121003,09-06-2016,11.5941
121003,16-06-2016,11.647
121003,23-06-2016,11.5198
121003,30-06-2016,11.478
121003,07-07-2016,11.5049
121003,14-07-2016,11.4267
121003,21-07-2016,11.471
121003,28-07-2016,11.4473
121003,04-08-2016,11.3857
121003,11-08-2016,11.3951
121003,18-08-2016,11.4354
121003,25-08-2016,11.3623
121003,01-09-2016,11.3448
121003,08-09-2016,11.3918
121003,15-09-2016,11.3269
121003,22-09-2016,11.1812
121003,29-09-2016,11.0483
121003,06-10-2016,11.0157
121003,13-10-2016,10.9039
121003,20-10-2016,10.878
121003,27-10-2016,11.0272
121003,03-11-2016,10.91
121003,10-11-2016,10.8897
121003,17-11-2016,11.0798
121003,24-11-2016,11.1204
121003,01-12-2016,11.0922
121003,08-12-2016,11.0827
121003,15-12-2016,11.1252
121003,22-12-2016,11.2806
121003,29-12-2016,11.2372
121003,05-01-2017,11.1736
121003,12-01-2017,11.0548
121003,19-01-2017,11.0683
121003,26-01-2017,10.9483
121003,02-02-2017,10.912
121003,09-02-2017,10.8371
121003,16-02-2017,10.9345
121003,23-02-2017,10.8944
121003,02-03-2017,10.9334
121003,09-03-2017,10.7975
121003,16-03-2017,10.8131
121003,23-03-2017,10.7134
121003,30-03-2017,10.6812
121003,06-04-2017,10.8744
121003,13-04-2017,10.9598
121003,20-04-2017,10.953
121003,27-04-2017,11.2377
121003,04-05-2017,11.1599
121003,11-05-2017,11.2684
121003,18-05-2017,11.1347
121003,25-05-2017,11.1174
121003,01-06-2017,11.002
121003,08-06-2017,11.0291
121003,15-06-2017,11.0384
121003,22-06-2017,11.0156
121003,29-06-2017,11.1163
121003,06-07-2017,11.0703
121003,13-07-2017,11.1037
121003,20-07-2017,11.181
121003,27-07-2017,11.0528
121003,03-08-2017,10.9911
121003,10-08-2017,11.0002
121003,17-08-2017,11.06
121003,24-08-2017,11.1902
121003,31-08-2017,11.1754
121003,07-09-2017,11.1515
121003,14-09-2017,11.0782
121003,21-09-2017,11.1118
121003,28-09-2017,11.0899
121003,05-10-2017,11.07
121003,12-10-2017,11.0661
121003,19-10-2017,11.1194
121003,26-10-2017,11.0737
121003,02-11-2017,11.0097
121003,09-11-2017,11.0521
121003,16-11-2017,10.789
121003,23-11-2017,10.7412
121003,30-11-2017,10.6466
121003,07-12-2017,10.7533
121003,14-12-2017,10.7197
121003,21-12-2017,10.6759
121003,28-12-2017,10.676
121003,04-01-2018,10.6294
121003,11-01-2018,10.5995
121003,18-01-2018,10.6119
121003,25-01-2018,10.5803
121003,01-02-2018,10.5483
121003,08-02-2018,10.4672
121003,15-02-2018,10.3748
121003,22-02-2018,10.384
121003,01-03-2018,10.4136
121003,08-03-2018,10.2988
121003,15-03-2018,10.3655
121003,22-03-2018,10.433
121003,29-03-2018,10.5186
121003,05-04-2018,10.548
121003,12-04-2018,10.606
121003,19-04-2018,10.7956
121003,26-04-2018,10.7739
121003,03-05-2018,10.6881
121003,10-05-2018,10.5612
121003,17-05-2018,10.7137
121003,24-05-2018,10.8696
121003,31-05-2018,10.7936
121003,07-06-2018,10.7351
121003,14-06-2018,10.7116
121003,21-06-2018,10.8207
121003,28-06-2018,10.7136
121003,05-07-2018,10.5494
121003,12-07-2018,10.7365
121003,19-07-2018,10.7676
121003,26-07-2018,10.8111
121003,02-08-2018,10.7977
121003,09-08-2018,10.8422
121003,16-08-2018,10.7152
121003,23-08-2018,10.6474
121003,30-08-2018,10.6606
121003,06-09-2018,10.4712
121003,13-09-2018,10.4501
121003,20-09-2018,10.4238
121003,27-09-2018,10.4027
121003,04-10-2018,10.361
121003,11-10-2018,10.2826
121003,18-10-2018,10.1369
121003,25-10-2018,10.1527
121003,01-11-2018,10.1324
121003,08-11-2018,10.0249
121003,15-11-2018,10.034
121003,22-11-2018,10.0143
121003,29-11-2018,9.9814
121003,06-12-2018,9.8131
121003,13-12-2018,9.8706
121003,20-12-2018,9.7772
121003,27-12-2018,9.7861
121003,03-01-2019,9.7267
121003,10-01-2019,9.7004
121003,17-01-2019,9.7937
121003,24-01-2019,9.8392
121003,31-01-2019,9.9321
121003,07-02-2019,9.9623
121003,14-02-2019,9.9979
121003,21-02-2019,9.8594
121003,28-02-2019,9.8383
121003,07-03-2019,9.8246
121003,14-03-2019,9.9247
121003,21-03-2019,9.8885
121003,28-03-2019,9.9134
121003,04-04-2019,9.9352
121003,11-04-2019,10.0312
121003,18-04-2019,10.0245
121003,25-04-2019,10.0949
121003,02-05-2019,9.9613
121003,09-05-2019,9.8366
121003,16-05-2019,9.6609
121003,23-05-2019,9.7255
121003,30-05-2019,9.7818
121003,06-06-2019,9.8559
121003,13-06-2019,9.8064
121003,20-06-2019,9.7661
121003,27-06-2019,9.7606
121003,04-07-2019,9.8772
121003,11-07-2019,10.015
121003,18-07-2019,10.0826
121003,25-07-2019,10.1133
121003,01-08-2019,10.2254
121003,08-08-2019,10.2086
121003,15-08-2019,10.1807
121003,22-08-2019,10.1743
121003,29-08-2019,10.0987
121003,05-09-2019,10.0886
121003,12-09-2019,10.0025
121003,19-09-2019,10.0885
121003,26-09-2019,10.1364
121003,03-10-2019,10.2564
121003,10-10-2019,10.1268
121003,17-10-2019,10.2849
121003,24-10-2019,10.1596
121003,31-10-2019,10.0663
121003,07-11-2019,10.0203
121003,14-11-2019,10.1292
121003,21-11-2019,10.1515
121003,28-11-2019,10.1358
121003,05-12-2019,10.0756
121003,12-12-2019,9.9687
121003,19-12-2019,10.063
121003,26-12-2019,10.1313
121003,02-01-2020,10.245
121003,09-01-2020,10.2816
121003,16-01-2020,10.0684
121003,23-01-2020,9.9722
121003,30-01-2020,10.0133
121003,06-02-2020,9.9876
121003,13-02-2020,9.947
121003,20-02-2020,9.8632
121003,27-02-2020,9.9419
121003,05-03-2020,9.9821
121003,12-03-2020,10.0262
121003,19-03-2020,9.9794
121003,26-03-2020,9.9974
121003,02-04-2020,9.8944
121003,09-04-2020,9.8881
121003,16-04-2020,9.6921
121003,23-04-2020,9.5744
121003,30-04-2020,9.5535
121003,07-05-2020,9.7389
121003,14-05-2020,9.6025
121003,21-05-2020,9.5108
121003,28-05-2020,9.5311
121003,04-06-2020,9.6698
121003,11-06-2020,9.6893
121003,18-06-2020,9.7476
121003,25-06-2020,9.7252
121003,02-07-2020,9.6893
121003,09-07-2020,9.6996
121003,16-07-2020,9.6524
121003,23-07-2020,9.7122
121003,30-07-2020,9.5913
121003,06-08-2020,9.6634
121003,13-08-2020,9.6703
121003,20-08-2020,9.6575
121003,27-08-2020,9.5345
121003,03-09-2020,9.4636
121003,10-09-2020,9.5581
121003,17-09-2020,9.546
121003,24-09-2020,9.571
121003,01-10-2020,9.5075
121003,08-10-2020,9.5091
121003,15-10-2020,9.4085
121003,22-10-2020,9.4198
121003,29-10-2020,9.4515
121003,05-11-2020,9.4795
121003,12-11-2020,9.4148
121003,19-11-2020,9.3928
121003,26-11-2020,9.4369
121003,03-12-2020,9.4247
121003,10-12-2020,9.4069
121003,17-12-2020,9.5539
121003,24-12-2020,9.485
121003,31-12-2020,9.5708
121003,07-01-2021,9.4862
121003,14-01-2021,9.5397
121003,21-01-2021,9.5975
121003,28-01-2021,9.5622
121003,04-02-2021,9.4729
121003,11-02-2021,9.3273
121003,18-02-2021,9.2852
121003,25-02-2021,9.328
121003,04-03-2021,9.2513
121003,11-03-2021,9.2622
121003,18-03-2021,9.1565
121003,25-03-2021,9.143
121003,01-04-2021,9.0628
121003,08-04-2021,9.0607
121003,15-04-2021,9.028
121003,22-04-2021,8.9457
121003,29-04-2021,8.9021
121003,06-05-2021,8.8391
121003,13-05-2021,8.7498
121003,20-05-2021,8.829
121003,27-05-2021,8.8071
121003,03-06-2021,8.6555
121003,10-06-2021,8.6158
121003,17-06-2021,8.6823
121003,24-06-2021,8.6329
121003,01-07-2021,8.7398
121003,08-07-2021,8.6834
121003,15-07-2021,8.7218
121003,22-07-2021,8.7976
121003,29-07-2021,8.8328
121003,05-08-2021,8.7393
121003,12-08-2021,8.6769
121003,19-08-2021,8.7616
121003,26-08-2021,8.7087
121003,02-09-2021,8.7801
121003,09-09-2021,8.7534
121003,16-09-2021,8.7668
121003,23-09-2021,8.6731
121003,30-09-2021,8.6344
121003,07-10-2021,8.5774
121003,14-10-2021,8.5963
121003,21-10-2021,8.6061
121003,28-10-2021,8.6414
121003,04-11-2021,8.611
121003,11-11-2021,8.5503
121003,18-11-2021,8.5662
121003,25-11-2021,8.4991
121003,02-12-2021,8.5758
121003,09-12-2021,8.5714
121003,16-12-2021,8.5525
121003,23-12-2021,8.5875
121003,30-12-2021,8.5857
121003,06-01-2022,8.4753
121003,13-01-2022,8.4067
121003,20-01-2022,8.4812
121003,27-01-2022,8.4903
121003,03-02-2022,8.3794
121003,10-02-2022,8.4064
121003,17-02-2022,8.3721
121003,24-02-2022,8.3169
121003,03-03-2022,8.2441
121003,10-03-2022,8.3133
121003,17-03-2022,8.1859
121003,24-03-2022,8.1344
121003,31-03-2022,8.1454
121003,07-04-2022,8.2515
121003,14-04-2022,8.2914
121003,21-04-2022,8.2386
121003,28-04-2022,8.3427
121003,05-05-2022,8.2556
121003,12-05-2022,8.2764
121003,19-05-2022,8.312
121003,26-05-2022,8.2568
121003,02-06-2022,8.3061
121003,09-06-2022,8.2753
121003,16-06-2022,8.3246
121003,23-06-2022,8.2055
121003,30-06-2022,8.2307
121003,07-07-2022,8.2069
121003,14-07-2022,8.2857
121003,21-07-2022,8.2861
121003,28-07-2022,8.3722
121003,04-08-2022,8.4095
121003,11-08-2022,8.4043
121003,18-08-2022,8.4606
121003,25-08-2022,8.5178
121003,01-09-2022,8.5533
121003,08-09-2022,8.3999
121003,15-09-2022,8.3372
121003,22-09-2022,8.4329
121003,29-09-2022,8.3515
121003,06-10-2022,8.4138
121003,13-10-2022,8.4647
121003,20-10-2022,8.419
121003,27-10-2022,8.288
121003,03-11-2022,8.2536
121003,10-11-2022,8.3941
121003,17-11-2022,8.3394
121003,24-11-2022,8.2898
121003,01-12-2022,8.227
121003,08-12-2022,8.3102
121003,15-12-2022,8.2974
121003,22-12-2022,8.2591
121003,29-12-2022,8.3558
121003,05-01-2023,8.3979
121003,12-01-2023,8.3395
121003,19-01-2023,8.2612
121003,26-01-2023,8.3411
121003,02-02-2023,8.3455
121003,09-02-2023,8.2454
121003,16-02-2023,8.1311
121003,23-02-2023,8.0618
121003,02-03-2023,7.9851
121003,09-03-2023,7.8575
121003,16-03-2023,7.7916
121003,23-03-2023,7.7374
121003,30-03-2023,7.7119
121003,06-04-2023,7.8194
121003,13-04-2023,7.8058
121003,20-04-2023,7.7985
121003,27-04-2023,7.8334
121003,04-05-2023,7.8216
121003,11-05-2023,7.8498
121003,18-05-2023,7.8706
121003,25-05-2023,7.8814
121003,01-06-2023,8.059
121003,08-06-2023,8.121
121003,15-06-2023,8.0539
121003,22-06-2023,8.081
121003,29-06-2023,8.0331
121003,06-07-2023,8.065
121003,13-07-2023,7.9795
121003,20-07-2023,7.9119
121003,27-07-2023,7.9369
121003,03-08-2023,8.0034
121003,10-08-2023,8.0388
121003,17-08-2023,8.0969
121003,24-08-2023,8.1244
121003,31-08-2023,8.1388
121003,07-09-2023,8.1093
121003,14-09-2023,8.1653
121003,21-09-2023,8.2355
121003,28-09-2023,8.2346
121003,05-10-2023,8.2302
121003,12-10-2023,8.3383
121003,19-10-2023,8.3403
121003,26-10-2023,8.3487
121003,02-11-2023,8.3843
121003,09-11-2023,8.3811
121003,16-11-2023,8.3295
121003,23-11-2023,8.358
121003,30-11-2023,8.3587
121003,07-12-2023,8.4853
121003,14-12-2023,8.5422
121003,21-12-2023,8.5049
121003,28-12-2023,8.5579
121003,04-01-2024,8.5824
121003,11-01-2024,8.6758
121003,18-01-2024,8.6428
121003,25-01-2024,8.6593
121003,01-02-2024,8.6559
121003,08-02-2024,8.6634
121003,15-02-2024,8.6056
121003,22-02-2024,8.6487
121003,29-02-2024,8.681
121003,07-03-2024,8.7738
121003,14-03-2024,8.7766
121003,21-03-2024,8.7512
121003,28-03-2024,8.8099
121003,04-04-2024,8.7575
121003,11-04-2024,8.837
121003,18-04-2024,8.9171
121003,25-04-2024,9.0103
121003,02-05-2024,9.0411
121003,09-05-2024,9.0095
121003,16-05-2024,9.021
121003,23-05-2024,9.052
121003,30-05-2024,9.0151
121003,06-06-2024,9.1148
121003,13-06-2024,9.1608
121003,20-06-2024,9.0991
121003,27-06-2024,9.2398
121003,04-07-2024,9.2506
121003,11-07-2024,9.1734
121003,18-07-2024,9.1161
121003,25-07-2024,9.2283
121004,01-01-2015,10.15
121004,08-01-2015,10.236
121004,15-01-2015,10.3482
121004,22-01-2015,10.453
121004,29-01-2015,10.5038
121004,05-02-2015,10.5356
121004,12-02-2015,10.5853
121004,19-02-2015,10.6519
121004,26-02-2015,10.593
121004,05-03-2015,10.6592
121004,12-03-2015,10.7879
121004,19-03-2015,10.7744
121004,26-03-2015,10.7517
121004,02-04-2015,10.797
121004,09-04-2015,10.7452
121004,16-04-2015,10.6363
121004,23-04-2015,10.7382
121004,30-04-2015,10.7038
121004,07-05-2015,10.7096
121004,14-05-2015,10.6616
121004,21-05-2015,10.7748
121004,28-05-2015,10.8526
121004,04-06-2015,10.8361
121004,11-06-2015,10.7381
121004,18-06-2015,10.7126
121004,25-06-2015,10.7658
121004,02-07-2015,10.7863
121004,09-07-2015,10.8001
121004,16-07-2015,10.8227
121004,23-07-2015,10.8927
121004,30-07-2015,10.8934
121004,06-08-2015,10.937
121004,13-08-2015,10.855
121004,20-08-2015,11.0811
121004,27-08-2015,11.0604
121004,03-09-2015,11.0828
121004,10-09-2015,11.1375
121004,17-09-2015,11.1053
121004,24-09-2015,11.1105
121004,01-10-2015,11.1145
121004,08-10-2015,11.0377
121004,15-10-2015,11.0809
121004,22-10-2015,10.9391
121004,29-10-2015,11.0968
121004,05-11-2015,11.1717
121004,12-11-2015,11.2333
121004,19-11-2015,11.0817
121004,26-11-2015,11.0159
121004,03-12-2015,11.1427
121004,10-12-2015,11.5172
121004,17-12-2015,11.6319
121004,24-12-2015,11.733
121004,31-12-2015,11.787
121004,07-01-2016,11.7118
121004,14-01-2016,11.8097
121004,21-01-2016,11.7104
121004,28-01-2016,11.6017
121004,04-02-2016,11.4881
121004,11-02-2016,11.5824
121004,18-02-2016,11.5817
121004,25-02-2016,11.5957
121004,03-03-2016,11.5989
121004,10-03-2016,11.4991
121004,17-03-2016,11.442
121004,24-03-2016,11.3898
121004,31-03-2016,11.2663
121004,07-04-2016,11.2253
121004,14-04-2016,11.1327
121004,21-04-2016,11.1886
121004,28-04-2016,11.2523
121004,05-05-2016,11.1403
121004,12-05-2016,11.1183
121004,19-05-2016,11.2879
121004,26-05-2016,11.2038
121004,02-06-2016,11.2466
121004,09-06-2016,11.2605
121004,16-06-2016,11.3635
121004,23-06-2016,11.3949
121004,30-06-2016,11.3601
121004,07-07-2016,11.3708
121004,14-07-2016,11.3827
121004,21-07-2016,11.3789
121004,28-07-2016,11.2634
121004,04-08-2016,11.3799
121004,11-08-2016,11.4815
121004,18-08-2016,11.3902
121004,25-08-2016,11.3674
121004,01-09-2016,11.3515
121004,08-09-2016,11.251
121004,15-09-2016,11.0874
121004,22-09-2016,11.0324
121004,29-09-2016,11.0054
121004,06-10-2016,10.8829
121004,13-10-2016,10.9026
121004,20-10-2016,11.0084
121004,27-10-2016,11.087
121004,03-11-2016,11.0802
121004,10-11-2016,10.9215
121004,17-11-2016,10.9884
121004,24-11-2016,11.0056
121004,01-12-2016,11.0474
121004,08-12-2016,11.2229
121004,15-12-2016,11.1534
121004,22-12-2016,10.9013
121004,29-12-2016,10.8138
121004,05-01-2017,10.8602
121004,12-01-2017,10.8669
121004,19-01-2017,10.7655
121004,26-01-2017,10.6476
121004,02-02-2017,10.6216
121004,09-02-2017,10.52
121004,16-02-2017,10.568
121004,23-02-2017,10.5374
121004,02-03-2017,10.4888
121004,09-03-2017,10.4294
121004,16-03-2017,10.4555
121004,23-03-2017,10.4632
121004,30-03-2017,10.4843
121004,06-04-2017,10.5036
121004,13-04-2017,10.5018
121004,20-04-2017,10.4192
121004,27-04-2017,10.3625
121004,04-05-2017,10.3339
121004,11-05-2017,10.5087
121004,18-05-2017,10.3996
121004,25-05-2017,10.3689
121004,01-06-2017,10.3812
121004,08-06-2017,10.3601
121004,15-06-2017,10.4533
121004,22-06-2017,10.4317
121004,29-06-2017,10.4163
121004,06-07-2017,10.4883
121004,13-07-2017,10.6444
121004,20-07-2017,10.7685
121004,27-07-2017,10.7611
121004,03-08-2017,10.7611
121004,10-08-2017,10.7694
121004,17-08-2017,10.7864
121004,24-08-2017,10.7176
121004,31-08-2017,10.8022
121004,07-09-2017,10.8244
121004,14-09-2017,10.8248
121004,21-09-2017,10.7191
121004,28-09-2017,10.7287
121004,05-10-2017,10.5705
121004,12-10-2017,10.5255
121004,19-10-2017,10.4823
121004,26-10-2017,10.5106
121004,02-11-2017,10.6729
121004,09-11-2017,10.726
121004,16-11-2017,10.8545
121004,23-11-2017,10.9149
121004,30-11-2017,11.0175
121004,07-12-2017,11.1856
121004,14-12-2017,11.1246
121004,21-12-2017,11.0581
121004,28-12-2017,11.1217
121004,04-01-2018,11.1258
121004,11-01-2018,11.1499
121004,18-01-2018,11.1322
121004,25-01-2018,11.0835
121004,01-02-2018,11.2317
121004,08-02-2018,11.1373
121004,15-02-2018,11.2029
121004,22-02-2018,11.2544
121004,01-03-2018,11.1167
121004,08-03-2018,11.0473
121004,15-03-2018,10.9932
121004,22-03-2018,11.0472
121004,29-03-2018,11.0192
121004,05-04-2018,11.016
121004,12-04-2018,10.892
121004,19-04-2018,11.099
121004,26-04-2018,11.1098
121004,03-05-2018,11.1586
121004,10-05-2018,11.1148
121004,17-05-2018,11.0612
121004,24-05-2018,11.2349
121004,31-05-2018,11.0671
121004,07-06-2018,11.0962
121004,14-06-2018,10.9931
121004,21-06-2018,10.9619
121004,28-06-2018,10.9103
121004,05-07-2018,10.8286
121004,12-07-2018,10.836
121004,19-07-2018,10.6177
121004,26-07-2018,10.5952
121004,02-08-2018,10.5917
121004,09-08-2018,10.4808
121004,16-08-2018,10.6119
121004,23-08-2018,10.5657
121004,30-08-2018,10.5498
121004,06-09-2018,10.504
121004,13-09-2018,10.5014
121004,20-09-2018,10.6155
121004,27-09-2018,10.8298
121004,04-10-2018,10.8987
121004,11-10-2018,10.9979
121004,18-10-2018,11.1533
121004,25-10-2018,11.18
121004,01-11-2018,11.3249
121004,08-11-2018,11.4012
121004,15-11-2018,11.4189
121004,22-11-2018,11.4555
121004,29-11-2018,11.2932
121004,06-12-2018,11.3241
121004,13-12-2018,11.1887
121004,20-12-2018,11.0477
121004,27-12-2018,11.0692
121004,03-01-2019,10.975
121004,10-01-2019,10.9787
121004,17-01-2019,10.9953
121004,24-01-2019,11.0158
121004,31-01-2019,10.9405
121004,07-02-2019,11.0236
121004,14-02-2019,11.0201
121004,21-02-2019,11.0634
121004,28-02-2019,10.9619
121004,07-03-2019,10.9507
121004,14-03-2019,11.0512
121004,21-03-2019,11.1414
121004,28-03-2019,11.0748
121004,04-04-2019,11.0309
121004,11-04-2019,10.948
121004,18-04-2019,10.8949
121004,25-04-2019,10.7773
121004,02-05-2019,10.7697
121004,09-05-2019,10.8286
121004,16-05-2019,10.7649
121004,23-05-2019,10.7614
121004,30-05-2019,10.7467
121004,06-06-2019,10.8417
121004,13-06-2019,10.793
121004,20-06-2019,10.7477
121004,27-06-2019,10.6792
121004,04-07-2019,10.5863
121004,11-07-2019,10.6354
121004,18-07-2019,10.6281
121004,25-07-2019,10.637
121004,01-08-2019,10.7498
121004,08-08-2019,10.8686
121004,15-08-2019,10.7298
121004,22-08-2019,10.7897
121004,29-08-2019,10.8135
121004,05-09-2019,10.7779
121004,12-09-2019,10.8105
121004,19-09-2019,10.6655
121004,26-09-2019,10.7946
121004,03-10-2019,10.8434
121004,10-10-2019,10.7726
121004,17-10-2019,10.7265
121004,24-10-2019,10.5846
121004,31-10-2019,10.5623
121004,07-11-2019,10.5257
121004,14-11-2019,10.4184
121004,21-11-2019,10.4873
121004,28-11-2019,10.5986
121004,05-12-2019,10.6005
121004,12-12-2019,10.5788
121004,19-12-2019,10.6199
121004,26-12-2019,10.6224
121004,02-01-2020,10.5347
121004,09-01-2020,10.4839
121004,16-01-2020,10.4633
121004,23-01-2020,10.4882
121004,30-01-2020,10.4932
121004,06-02-2020,10.5151
121004,13-02-2020,10.391
121004,20-02-2020,10.4504
121004,27-02-2020,10.4549
121004,05-03-2020,10.6726
121004,12-03-2020,10.6438
121004,19-03-2020,10.6756
121004,26-03-2020,10.9215
121004,02-04-2020,10.9428
121004,09-04-2020,10.9413
121004,16-04-2020,10.8592
121004,23-04-2020,10.9964
121004,30-04-2020,10.8988
121004,07-05-2020,10.9404
121004,14-05-2020,10.9033
121004,21-05-2020,10.8912
121004,28-05-2020,10.7715
121004,04-06-2020,10.8915
121004,11-06-2020,10.8717
121004,18-06-2020,10.7703
121004,25-06-2020,10.8826
121004,02-07-2020,10.843
121004,09-07-2020,10.8764
121004,16-07-2020,10.954
121004,23-07-2020,10.9999
121004,30-07-2020,10.811
121004,06-08-2020,10.8754
121004,13-08-2020,10.871
121004,20-08-2020,10.8468
121004,27-08-2020,10.8416
121004,03-09-2020,10.7063
121004,10-09-2020,10.7271
121004,17-09-2020,10.6143
121004,24-09-2020,10.5943
121004,01-10-2020,10.6117
121004,08-10-2020,10.7072
121004,15-10-2020,10.6412
121004,22-10-2020,10.7691
121004,29-10-2020,10.8549
121004,05-11-2020,10.822
121004,12-11-2020,10.7303
121004,19-11-2020,10.6107
121004,26-11-2020,10.638
121004,03-12-2020,10.5795
121004,10-12-2020,10.6853
121004,17-12-2020,10.6314
121004,24-12-2020,10.5591
121004,31-12-2020,10.583
121004,07-01-2021,10.5292
121004,14-01-2021,10.5341
121004,21-01-2021,10.6214
121004,28-01-2021,10.6356
121004,04-02-2021,10.6502
121004,11-02-2021,10.6719
121004,18-02-2021,10.5317
121004,25-02-2021,10.5689
121004,04-03-2021,10.5866
121004,11-03-2021,10.6665
121004,18-03-2021,10.7224
121004,25-03-2021,10.7094
121004,01-04-2021,10.8021
121004,08-04-2021,10.7812
121004,15-04-2021,10.8068
121004,22-04-2021,10.7842
121004,29-04-2021,10.8284
121004,06-05-2021,10.8001
121004,13-05-2021,10.9468
121004,20-05-2021,11.1278
121004,27-05-2021,11.2101
121004,03-06-2021,11.3528
121004,10-06-2021,11.2175
121004,17-06-2021,11.0945
121004,24-06-2021,11.0704
121004,01-07-2021,11.0784
121004,08-07-2021,11.0653
121004,15-07-2021,10.9244
121004,22-07-2021,11.0294
121004,29-07-2021,11.2239
121004,05-08-2021,11.3434
121004,12-08-2021,11.4464
121004,19-08-2021,11.4717
121004,26-08-2021,11.3989
121004,02-09-2021,11.4101
121004,09-09-2021,11.6069
121004,16-09-2021,11.5788
121004,23-09-2021,11.5413
121004,30-09-2021,11.6482
121004,07-10-2021,11.7622
121004,14-10-2021,11.6871
121004,21-10-2021,11.6673
121004,28-10-2021,11.6252
121004,04-11-2021,11.6363
121004,11-11-2021,11.7437
121004,18-11-2021,11.6728
121004,25-11-2021,11.7793
121004,02-12-2021,11.7936
121004,09-12-2021,12.0177
121004,16-12-2021,12.0532
121004,23-12-2021,12.0487
121004,30-12-2021,12.1089
121004,06-01-2022,12.0811
121004,13-01-2022,11.9124
121004,20-01-2022,11.8942
121004,27-01-2022,11.8746
121004,03-02-2022,11.7281
121004,10-02-2022,11.7259
121004,17-02-2022,11.5367
121004,24-02-2022,11.5092
121004,03-03-2022,11.5363
121004,10-03-2022,11.5498
121004,17-03-2022,11.5165
121004,24-03-2022,11.5132
121004,31-03-2022,11.4456
121004,07-04-2022,11.4512
121004,14-04-2022,11.4611
121004,21-04-2022,11.3831
121004,28-04-2022,11.412
121004,05-05-2022,11.4405
121004,12-05-2022,11.4298
121004,19-05-2022,11.6558
121004,26-05-2022,11.6473
121004,02-06-2022,11.626
121004,09-06-2022,11.5913
121004,16-06-2022,11.5059
121004,23-06-2022,11.5737
121004,30-06-2022,11.5148
121004,07-07-2022,11.4671
121004,14-07-2022,11.4223
121004,21-07-2022,11.3368
121004,28-07-2022,11.1826
121004,04-08-2022,11.1456
121004,11-08-2022,11.2279
121004,18-08-2022,11.2501
121004,25-08-2022,11.3951
121004,01-09-2022,11.4681
121004,08-09-2022,11.5208
121004,15-09-2022,11.6989
121004,22-09-2022,11.6945
121004,29-09-2022,11.705
121004,06-10-2022,11.7087
121004,13-10-2022,11.8579
121004,20-10-2022,11.8629
121004,27-10-2022,11.8061
121004,03-11-2022,11.8664
121004,10-11-2022,11.7936
121004,17-11-2022,11.8487
121004,24-11-2022,11.8926
121004,01-12-2022,11.8794
121004,08-12-2022,11.9379
121004,15-12-2022,11.8006
121004,22-12-2022,11.8207
121004,29-12-2022,11.7817
121004,05-01-2023,12.0562
121004,12-01-2023,12.076
121004,19-01-2023,12.0232
121004,26-01-2023,11.8955
121004,02-02-2023,12.0244
121004,09-02-2023,11.9956
121004,16-02-2023,11.9244
121004,23-02-2023,11.9613
121004,02-03-2023,12.0282
121004,09-03-2023,12.0941
121004,16-03-2023,12.1008
121004,23-03-2023,12.1211
121004,30-03-2023,12.1484
121004,06-04-2023,12.186
121004,13-04-2023,12.2323
121004,20-04-2023,12.3442
121004,27-04-2023,12.3548
121004,04-05-2023,12.279
121004,11-05-2023,12.2697
121004,18-05-2023,12.3486
121004,25-05-2023,12.1771
121004,01-06-2023,12.0085
121004,08-06-2023,12.1015
121004,15-06-2023,12.2535
121004,22-06-2023,12.1344
121004,29-06-2023,12.149
121004,06-07-2023,12.115
121004,13-07-2023,12.0946
121004,20-07-2023,12.129
121004,27-07-2023,12.0084
121004,03-08-2023,11.9068
121004,10-08-2023,11.8829
121004,17-08-2023,11.8738
121004,24-08-2023,11.7716
121004,31-08-2023,11.8507
121004,07-09-2023,11.8158
121004,14-09-2023,11.7807
121004,21-09-2023,11.812
121004,28-09-2023,11.8046
121004,05-10-2023,11.8884
121004,12-10-2023,11.8044
121004,19-10-2023,11.6771
121004,26-10-2023,11.6528
121004,02-11-2023,11.6631
121004,09-11-2023,11.552
121004,16-11-2023,11.4284
121004,23-11-2023,11.4496
121004,30-11-2023,11.3848
121004,07-12-2023,11.2571
121004,14-12-2023,11.3485
121004,21-12-2023,11.2957
121004,28-12-2023,11.4041
121004,04-01-2024,11.4113
121004,11-01-2024,11.4427
121004,18-01-2024,11.4279
121004,25-01-2024,11.1898
121004,01-02-2024,11.0925
121004,08-02-2024,11.0858
121004,15-02-2024,11.1225
121004,22-02-2024,10.9677
121004,29-02-2024,10.9674
121004,07-03-2024,10.8734
121004,14-03-2024,10.8981
121004,21-03-2024,10.9008
121004,28-03-2024,10.97
121004,04-04-2024,11.068
121004,11-04-2024,11.1131
121004,18-04-2024,11.194
121004,25-04-2024,11.1671
121004,02-05-2024,11.4238
121004,09-05-2024,11.317
121004,16-05-2024,11.2737
121004,23-05-2024,11.3595
121004,30-05-2024,11.4325
121004,06-06-2024,11.4816
121004,13-06-2024,11.5482
121004,20-06-2024,11.3604
121004,27-06-2024,11.5093
121004,04-07-2024,11.4952
121004,11-07-2024,11.6143
121004,18-07-2024,11.43
121004,25-07-2024,11.4581
121005,01-01-2015,9.9589
121005,08-01-2015,10.0085
121005,15-01-2015,10.0379
121005,22-01-2015,10.0713
121005,29-01-2015,9.99
121005,05-02-2015,9.9894
121005,12-02-2015,9.979
121005,19-02-2015,10.0226
121005,26-02-2015,10.1059
121005,05-03-2015,10.1221
121005,12-03-2015,10.0228
121005,19-03-2015,10.0355
121005,26-03-2015,10.2491
121005,02-04-2015,10.3882
121005,09-04-2015,10.1451
121005,16-04-2015,10.1543
121005,23-04-2015,10.2341
121005,30-04-2015,10.2233
121005,07-05-2015,10.1897
121005,14-05-2015,10.172
121005,21-05-2015,10.221
121005,28-05-2015,10.1312
121005,04-06-2015,10.2316
121005,11-06-2015,10.2311
121005,18-06-2015,10.1587
121005,25-06-2015,10.2541
121005,02-07-2015,10.1315
121005,09-07-2015,10.0905
121005,16-07-2015,10.0484
121005,23-07-2015,10.2248
121005,30-07-2015,10.1728
121005,06-08-2015,10.0015
121005,13-08-2015,9.959
121005,20-08-2015,9.9993
121005,27-08-2015,10.066
121005,03-09-2015,10.2533
121005,10-09-2015,10.3728
121005,17-09-2015,10.3926
121005,24-09-2015,10.3226
121005,01-10-2015,10.4609
121005,08-10-2015,10.4342
121005,15-10-2015,10.3834
121005,22-10-2015,10.353
121005,29-10-2015,10.2534
121005,05-11-2015,10.2193
121005,12-11-2015,10.2044
121005,19-11-2015,10.2681
121005,26-11-2015,10.2403
121005,03-12-2015,10.1406
121005,10-12-2015,10.0145
121005,17-12-2015,10.0353
121005,24-12-2015,10.0452
121005,31-12-2015,10.0046
121005,07-01-2016,9.9712
121005,14-01-2016,10.0062
121005,21-01-2016,10.1215
121005,28-01-2016,10.0624
121005,04-02-2016,10.0736
121005,11-02-2016,10.1548
121005,18-02-2016,10.0959
121005,25-02-2016,10.0986
121005,03-03-2016,10.0996
121005,10-03-2016,9.9977
121005,17-03-2016,10.0152
121005,24-03-2016,10.0217
121005,31-03-2016,10.0702
121005,07-04-2016,9.9786
121005,14-04-2016,9.9834
121005,21-04-2016,10.0978
121005,28-04-2016,10.2696
121005,05-05-2016,10.3789
121005,12-05-2016,10.2853
121005,19-05-2016,10.3265
121005,26-05-2016,10.2908
121005,02-06-2016,10.3183
121005,09-06-2016,10.2586
121005,16-06-2016,10.1221
121005,23-06-2016,10.0983
121005,30-06-2016,10.1607
121005,07-07-2016,10.1882
121005,14-07-2016,10.2251
121005,21-07-2016,10.2469
121005,28-07-2016,10.2841
121005,04-08-2016,10.3318
121005,11-08-2016,10.3132
121005,18-08-2016,10.3242
121005,25-08-2016,10.4723
121005,01-09-2016,10.4884
121005,08-09-2016,10.4962
121005,15-09-2016,10.509
121005,22-09-2016,10.4949
121005,29-09-2016,10.4625
121005,06-10-2016,10.4842
121005,13-10-2016,10.446
121005,20-10-2016,10.438
121005,27-10-2016,10.3761
121005,03-11-2016,10.3893
121005,10-11-2016,10.442
121005,17-11-2016,10.4284
121005,24-11-2016,10.2651
121005,01-12-2016,10.3176
121005,08-12-2016,10.3317
121005,15-12-2016,10.2537
121005,22-12-2016,10.3213
121005,29-12-2016,10.2099
121005,05-01-2017,10.2994
121005,12-01-2017,10.2988
121005,19-01-2017,10.116
121005,26-01-2017,10.1345
121005,02-02-2017,10.1056
121005,09-02-2017,10.0646
121005,16-02-2017,10.0092
121005,23-02-2017,10.003
121005,02-03-2017,9.9682
121005,09-03-2017,9.8241
121005,16-03-2017,9.928
121005,23-03-2017,9.9126
121005,30-03-2017,9.8585
121005,06-04-2017,9.7735
121005,13-04-2017,9.8376
121005,20-04-2017,9.7394
121005,27-04-2017,9.7537
121005,04-05-2017,9.7121
121005,11-05-2017,9.6752
121005,18-05-2017,9.5936
121005,25-05-2017,9.5498
121005,01-06-2017,9.5543
121005,08-06-2017,9.5761
121005,15-06-2017,9.5198
121005,22-06-2017,9.5167
121005,29-06-2017,9.5881
121005,06-07-2017,9.4644
121005,13-07-2017,9.4677
121005,20-07-2017,9.3995
121005,27-07-2017,9.3241
121005,03-08-2017,9.3473
121005,10-08-2017,9.3103
121005,17-08-2017,9.2234
121005,24-08-2017,9.3248
121005,31-08-2017,9.3971
121005,07-09-2017,9.2556
121005,14-09-2017,9.1502
121005,21-09-2017,9.1973
121005,28-09-2017,9.18
121005,05-10-2017,9.2938
121005,12-10-2017,9.3434
121005,19-10-2017,9.3695
121005,26-10-2017,9.2967
121005,02-11-2017,9.3369
121005,09-11-2017,9.2454
121005,16-11-2017,9.3456
121005,23-11-2017,9.3809
121005,30-11-2017,9.3228
121005,07-12-2017,9.3865
121005,14-12-2017,9.5586
121005,21-12-2017,9.5458
121005,28-12-2017,9.5916
121005,04-01-2018,9.5623
121005,11-01-2018,9.5727
121005,18-01-2018,9.4611
121005,25-01-2018,9.4648
121005,01-02-2018,9.4719
121005,08-02-2018,9.612
121005,15-02-2018,9.4778
121005,22-02-2018,9.4603
121005,01-03-2018,9.5616
121005,08-03-2018,9.5469
121005,15-03-2018,9.5377
121005,22-03-2018,9.4779
121005,29-03-2018,9.411
121005,05-04-2018,9.2773
121005,12-04-2018,9.2343
121005,19-04-2018,9.1649
121005,26-04-2018,9.1772
121005,03-05-2018,9.1231
121005,10-05-2018,9.0917
121005,17-05-2018,9.0624
121005,24-05-2018,9.0626
121005,31-05-2018,9.0279
121005,07-06-2018,8.9548
121005,14-06-2018,8.9645
121005,21-06-2018,9.0447
121005,28-06-2018,9.0576
121005,05-07-2018,9.017
121005,12-07-2018,9.0118
121005,19-07-2018,8.8675
121005,26-07-2018,8.8612
121005,02-08-2018,8.8363
121005,09-08-2018,8.7739
121005,16-08-2018,8.7246
121005,23-08-2018,8.6995
121005,30-08-2018,8.772
121005,06-09-2018,8.8522
121005,13-09-2018,8.79
121005,20-09-2018,8.7571
121005,27-09-2018,8.726
121005,04-10-2018,8.7861
121005,11-10-2018,8.7998
121005,18-10-2018,8.8098
121005,25-10-2018,8.8512
121005,01-11-2018,8.8125
121005,08-11-2018,8.9122
121005,15-11-2018,8.9156
121005,22-11-2018,8.8581
121005,29-11-2018,8.8454
121005,06-12-2018,8.9361
121005,13-12-2018,8.9093
121005,20-12-2018,8.9805
121005,27-12-2018,8.9392
121005,03-01-2019,8.888
121005,10-01-2019,8.9385
121005,17-01-2019,8.8795
121005,24-01-2019,8.9415
121005,31-01-2019,8.9703
121005,07-02-2019,8.9111
121005,14-02-2019,8.9096
121005,21-02-2019,8.8741
121005,28-02-2019,8.9024
121005,07-03-2019,9.0404
121005,14-03-2019,9.0172
121005,21-03-2019,9.0593
121005,28-03-2019,9.0647
121005,04-04-2019,9.0701
121005,11-04-2019,9.0617
121005,18-04-2019,9.0032
121005,25-04-2019,9.0309
121005,02-05-2019,9.0137
121005,09-05-2019,8.952
121005,16-05-2019,9.0283
121005,23-05-2019,9.039
121005,30-05-2019,9.0261
121005,06-06-2019,9.1265
121005,13-06-2019,8.9961
121005,20-06-2019,9.0913
121005,27-06-2019,9.0309
121005,04-07-2019,9.0498
121005,11-07-2019,9.0109
121005,18-07-2019,8.9479
121005,25-07-2019,9.0456
121005,01-08-2019,9.1835
121005,08-08-2019,9.1709
121005,15-08-2019,9.1992
121005,22-08-2019,9.2071
121005,29-08-2019,9.3382
121005,05-09-2019,9.1841
121005,12-09-2019,9.2155
121005,19-09-2019,9.1656
121005,26-09-2019,8.9965
121005,03-10-2019,8.9741
121005,10-10-2019,9.1104
121005,17-10-2019,9.0662
121005,24-10-2019,9.1272
121005,31-10-2019,9.2184
121005,07-11-2019,9.2211
121005,14-11-2019,9.2337
121005,21-11-2019,9.1106
121005,28-11-2019,9.0621
121005,05-12-2019,9.1314
121005,12-12-2019,9.1395
121005,19-12-2019,9.17
121005,26-12-2019,9.1835
121005,02-01-2020,9.3482
121005,09-01-2020,9.3197
121005,16-01-2020,9.4432
121005,23-01-2020,9.457
121005,30-01-2020,9.589
121005,06-02-2020,9.4989
121005,13-02-2020,9.5167
121005,20-02-2020,9.4905
121005,27-02-2020,9.5049
121005,05-03-2020,9.6017
121005,12-03-2020,9.6346
121005,19-03-2020,9.7325
121005,26-03-2020,9.6842
121005,02-04-2020,9.6243
121005,09-04-2020,9.6294
121005,16-04-2020,9.6303
121005,23-04-2020,9.6198
121005,30-04-2020,9.5499
121005,07-05-2020,9.6453
121005,14-05-2020,9.6212
121005,21-05-2020,9.7348
121005,28-05-2020,9.7397
121005,04-06-2020,9.7941
121005,11-06-2020,9.8417
121005,18-06-2020,9.7807
121005,25-06-2020,9.8134
121005,02-07-2020,9.9687
121005,09-07-2020,9.9928
121005,16-07-2020,10.0688
121005,23-07-2020,10.1287
121005,30-07-2020,10.1576
121005,06-08-2020,10.1768
121005,13-08-2020,10.2255
121005,20-08-2020,10.292
121005,27-08-2020,10.1848
121005,03-09-2020,10.209
121005,10-09-2020,10.198
121005,17-09-2020,10.1702
121005,24-09-2020,10.2797
121005,01-10-2020,10.2235
121005,08-10-2020,10.1135
121005,15-10-2020,10.1819
121005,22-10-2020,10.0703
121005,29-10-2020,9.919
121005,05-11-2020,9.9951
121005,12-11-2020,10.0118
121005,19-11-2020,10.0536
121005,26-11-2020,10.0221
121005,03-12-2020,9.9151
121005,10-12-2020,9.825
121005,17-12-2020,9.8075
121005,24-12-2020,9.7116
121005,31-12-2020,9.7394
121005,07-01-2021,9.7072
121005,14-01-2021,9.7255
121005,21-01-2021,9.7414
121005,28-01-2021,9.7755
121005,04-02-2021,9.8184
121005,11-02-2021,9.7954
121005,18-02-2021,9.8137
121005,25-02-2021,9.8361
121005,04-03-2021,9.649
121005,11-03-2021,9.7027
121005,18-03-2021,9.7182
121005,25-03-2021,9.766
121005,01-04-2021,9.6693
121005,08-04-2021,9.6488
121005,15-04-2021,9.5684
121005,22-04-2021,9.6292
121005,29-04-2021,9.5248
121005,06-05-2021,9.4579
121005,13-05-2021,9.5021
121005,20-05-2021,9.458
121005,27-05-2021,9.3916
121005,03-06-2021,9.4635
121005,10-06-2021,9.539
121005,17-06-2021,9.5979
121005,24-06-2021,9.6669
121005,01-07-2021,9.6529
121005,08-07-2021,9.6409
121005,15-07-2021,9.5948
121005,22-07-2021,9.6115
121005,29-07-2021,9.5748
121005,05-08-2021,9.5454
121005,12-08-2021,9.5951
121005,19-08-2021,9.6898
121005,26-08-2021,9.7246
121005,02-09-2021,9.8681
121005,09-09-2021,9.8163
121005,16-09-2021,9.6759
121005,23-09-2021,9.7351
121005,30-09-2021,9.6789
121005,07-10-2021,9.6615
121005,14-10-2021,9.5286
121005,21-10-2021,9.4639
121005,28-10-2021,9.3539
121005,04-11-2021,9.3252
121005,11-11-2021,9.2995
121005,18-11-2021,9.3099
121005,25-11-2021,9.4059
121005,02-12-2021,9.4606
121005,09-12-2021,9.3416
121005,16-12-2021,9.3908
121005,23-12-2021,9.403
121005,30-12-2021,9.3994
121005,06-01-2022,9.4014
121005,13-01-2022,9.4206
121005,20-01-2022,9.3722
121005,27-01-2022,9.3623
121005,03-02-2022,9.4547
121005,10-02-2022,9.4052
121005,17-02-2022,9.3315
121005,24-02-2022,9.3306
121005,03-03-2022,9.25
121005,10-03-2022,9.1262
121005,17-03-2022,9.1047
121005,24-03-2022,9.2138
121005,31-03-2022,9.2147
121005,07-04-2022,9.2315
121005,14-04-2022,9.0779
121005,21-04-2022,9.1134
121005,28-04-2022,9.1238
121005,05-05-2022,9.0789
121005,12-05-2022,9.0956
121005,19-05-2022,9.1117
121005,26-05-2022,9.0381
121005,02-06-2022,9.0657
121005,09-06-2022,9.1561
121005,16-06-2022,9.1431
121005,23-06-2022,9.0833
121005,30-06-2022,9.074
121005,07-07-2022,9.1397
121005,14-07-2022,9.0537
121005,21-07-2022,9.0992
121005,28-07-2022,9.0535
121005,04-08-2022,9.0746
121005,11-08-2022,9.0373
121005,18-08-2022,8.9999
121005,25-08-2022,9.1132
121005,01-09-2022,9.0141
121005,08-09-2022,9.0527
121005,15-09-2022,9.1817
121005,22-09-2022,9.2357
121005,29-09-2022,9.1411
121005,06-10-2022,9.051
121005,13-10-2022,9.0002
121005,20-10-2022,9.0152
121005,27-10-2022,9.0351
121005,03-11-2022,8.9468
121005,10-11-2022,8.8879
121005,17-11-2022,8.8338
121005,24-11-2022,8.8245
121005,01-12-2022,8.9682
121005,08-12-2022,8.9048
121005,15-12-2022,8.8388
121005,22-12-2022,8.7622
121005,29-12-2022,8.8102
121005,05-01-2023,8.8108
121005,12-01-2023,8.7512
121005,19-01-2023,8.7293
121005,26-01-2023,8.6775
121005,02-02-2023,8.7015
121005,09-02-2023,8.8919
121005,16-02-2023,8.9346
121005,23-02-2023,8.9315
121005,02-03-2023,8.8876
121005,09-03-2023,8.7956
121005,16-03-2023,8.8508
121005,23-03-2023,8.9024
121005,30-03-2023,8.8728
121005,06-04-2023,8.9625
121005,13-04-2023,8.9676
121005,20-04-2023,9.0267
121005,27-04-2023,9.0517
121005,04-05-2023,9.0425
121005,11-05-2023,8.9771
121005,18-05-2023,8.9702
121005,25-05-2023,9.0342
121005,01-06-2023,9.0011
121005,08-06-2023,9.0364
121005,15-06-2023,8.9617
121005,22-06-2023,9.0212
121005,29-06-2023,9.0474
121005,06-07-2023,8.964
121005,13-07-2023,8.9515
121005,20-07-2023,9.0218
121005,27-07-2023,8.9346
121005,03-08-2023,8.8616
121005,10-08-2023,8.8602
121005,17-08-2023,9.015
121005,24-08-2023,8.9701
121005,31-08-2023,9.0092
121005,07-09-2023,9.0316
121005,14-09-2023,8.9926
121005,21-09-2023,9.0078
121005,28-09-2023,8.9791
121005,05-10-2023,8.957
121005,12-10-2023,8.8415
121005,19-10-2023,8.8433
121005,26-10-2023,8.9105
121005,02-11-2023,8.9181
121005,09-11-2023,8.9995
121005,16-11-2023,9.0449
121005,23-11-2023,9.0442
121005,30-11-2023,9.0024
121005,07-12-2023,8.971
121005,14-12-2023,8.869
121005,21-12-2023,8.8536
121005,28-12-2023,8.8675
121005,04-01-2024,8.9927
121005,11-01-2024,9.0343
121005,18-01-2024,8.9754
121005,25-01-2024,8.8757
121005,01-02-2024,8.8646
121005,08-02-2024,8.9257
121005,15-02-2024,8.9135
121005,22-02-2024,8.9557
121005,29-02-2024,8.9463
121005,07-03-2024,9.0012
121005,14-03-2024,8.8898
121005,21-03-2024,9.0074
121005,28-03-2024,8.9309
121005,04-04-2024,8.9912
121005,11-04-2024,8.9752
121005,18-04-2024,8.9704
121005,25-04-2024,8.9567
121005,02-05-2024,8.9786
121005,09-05-2024,9.0151
121005,16-05-2024,9.095
121005,23-05-2024,9.2011
121005,30-05-2024,9.2292
121005,06-06-2024,9.3594
121005,13-06-2024,9.3701
121005,20-06-2024,9.4546
121005,27-06-2024,9.4909
121005,04-07-2024,9.453
121005,11-07-2024,9.4704
121005,18-07-2024,9.5123
121005,25-07-2024,9.5137
121006,01-01-2015,10.037
121006,08-01-2015,10.1105
121006,15-01-2015,10.1127
121006,22-01-2015,9.8786
121006,29-01-2015,10.0151
121006,05-02-2015,9.9953
121006,12-02-2015,9.9335
121006,19-02-2015,9.8481
121006,26-02-2015,9.8255
121006,05-03-2015,9.7852
121006,12-03-2015,9.7315
121006,19-03-2015,9.6823
121006,26-03-2015,9.7272
121006,02-04-2015,9.889
121006,09-04-2015,9.9579
121006,16-04-2015,10.0513
121006,23-04-2015,10.025
121006,30-04-2015,10.0374
121006,07-05-2015,10.0757
121006,14-05-2015,10.0265
121006,21-05-2015,9.9964
121006,28-05-2015,10.0687
121006,04-06-2015,10.1606
121006,11-06-2015,10.1701
121006,18-06-2015,10.077
121006,25-06-2015,10.0572
121006,02-07-2015,9.9452
121006,09-07-2015,9.9552
121006,16-07-2015,9.9795
121006,23-07-2015,9.9619
121006,30-07-2015,9.9851
121006,06-08-2015,10.0224
121006,13-08-2015,10.047
121006,20-08-2015,9.9545
121006,27-08-2015,9.9383
121006,03-09-2015,9.9748
121006,10-09-2015,10.1048
121006,17-09-2015,10.0869
121006,24-09-2015,10.1354
121006,01-10-2015,10.2106
121006,08-10-2015,10.1986
121006,15-10-2015,10.2964
121006,22-10-2015,10.3996
121006,29-10-2015,10.5186
121006,05-11-2015,10.5613
121006,12-11-2015,10.765
121006,19-11-2015,10.7163
121006,26-11-2015,10.9027
121006,03-12-2015,10.9741
121006,10-12-2015,11.0961
121006,17-12-2015,11.0722
121006,24-12-2015,11.1514
121006,31-12-2015,11.2831
121006,07-01-2016,11.1895
121006,14-01-2016,11.1794
121006,21-01-2016,10.9923
121006,28-01-2016,10.981
121006,04-02-2016,10.9138
121006,11-02-2016,10.8991
121006,18-02-2016,11.1584
121006,25-02-2016,11.3162
121006,03-03-2016,11.1904
121006,10-03-2016,11.2446
121006,17-03-2016,11.321
121006,24-03-2016,11.2949
121006,31-03-2016,11.3156
121006,07-04-2016,11.3451
121006,14-04-2016,11.2274
121006,21-04-2016,11.1392
121006,28-04-2016,11.1591
121006,05-05-2016,11.1724
121006,12-05-2016,11.1135
121006,19-05-2016,11.0474
121006,26-05-2016,11.0438
121006,02-06-2016,11.1265
121006,09-06-2016,11.1242
121006,16-06-2016,11.273
121006,23-06-2016,11.2148
121006,30-06-2016,11.2366
121006,07-07-2016,11.2093
121006,14-07-2016,11.2665
121006,21-07-2016,11.2005
121006,28-07-2016,11.3777
121006,04-08-2016,11.2284
121006,11-08-2016,11.387
121006,18-08-2016,11.3997
121006,25-08-2016,11.4547
121006,01-09-2016,11.5815
121006,08-09-2016,11.6656
121006,15-09-2016,11.6022
121006,22-09-2016,11.6625
121006,29-09-2016,11.8414
121006,06-10-2016,11.7621
121006,13-10-2016,11.9661
121006,20-10-2016,12.0078
121006,27-10-2016,11.971
121006,03-11-2016,11.8903
121006,10-11-2016,11.8738
121006,17-11-2016,11.6928
121006,24-11-2016,11.6586
121006,01-12-2016,11.6388
121006,08-12-2016,11.5434
121006,15-12-2016,11.6171
121006,22-12-2016,11.6014
121006,29-12-2016,11.547
121006,05-01-2017,11.5216
121006,12-01-2017,11.5589
121006,19-01-2017,11.5703
121006,26-01-2017,11.5101
121006,02-02-2017,11.5262
121006,09-02-2017,11.5262
121006,16-02-2017,11.4257
121006,23-02-2017,11.4039
121006,02-03-2017,11.4613
121006,09-03-2017,11.5184
121006,16-03-2017,11.5018
121006,23-03-2017,11.5687
121006,30-03-2017,11.4826
121006,06-04-2017,11.4
121006,13-04-2017,11.3817
121006,20-04-2017,11.5226
121006,27-04-2017,11.5422
121006,04-05-2017,11.5214
121006,11-05-2017,11.6684
121006,18-05-2017,11.6462
121006,25-05-2017,11.8591
121006,01-06-2017,11.8153
121006,08-06-2017,11.7244
121006,15-06-2017,11.7135
121006,22-06-2017,11.6949
121006,29-06-2017,11.624
121006,06-07-2017,11.8706
121006,13-07-2017,11.9056
121006,20-07-2017,11.9546
121006,27-07-2017,11.9152
121006,03-08-2017,11.8649
121006,10-08-2017,11.967
121006,17-08-2017,11.8113
121006,24-08-2017,11.7081
121006,31-08-2017,11.6896
121006,07-09-2017,11.8206
121006,14-09-2017,11.7899
121006,21-09-2017,11.8339
121006,28-09-2017,11.8412
121006,05-10-2017,11.9688
121006,12-10-2017,11.8218
121006,19-10-2017,11.8962
121006,26-10-2017,11.882
121006,02-11-2017,11.9747
121006,09-11-2017,11.901
121006,16-11-2017,11.908
121006,23-11-2017,11.903
121006,30-11-2017,11.8123
121006,07-12-2017,11.6961
121006,14-12-2017,11.6464
121006,21-12-2017,11.6632
121006,28-12-2017,11.5972
121006,04-01-2018,11.5713
121006,11-01-2018,11.4013
121006,18-01-2018,11.3721
121006,25-01-2018,11.4697
121006,01-02-2018,11.539
121006,08-02-2018,11.5356
121006,15-02-2018,11.5627
121006,22-02-2018,11.4907
121006,01-03-2018,11.6447
121006,08-03-2018,11.842
121006,15-03-2018,11.8623
121006,22-03-2018,12.1129
121006,29-03-2018,12.0518
121006,05-04-2018,11.936
121006,12-04-2018,11.873
121006,19-04-2018,11.8569
121006,26-04-2018,12.081
121006,03-05-2018,12.0587
121006,10-05-2018,11.9806
121006,17-05-2018,11.8992
121006,24-05-2018,12.0125
121006,31-05-2018,12.1132
121006,07-06-2018,12.071
121006,14-06-2018,11.8946
121006,21-06-2018,11.792
121006,28-06-2018,11.9591
121006,05-07-2018,12.0298
121006,12-07-2018,12.0409
121006,19-07-2018,12.2257
121006,26-07-2018,12.4222
121006,02-08-2018,12.4236
121006,09-08-2018,12.4268
121006,16-08-2018,12.3739
121006,23-08-2018,12.3507
121006,30-08-2018,12.2087
121006,06-09-2018,12.0681
121006,13-09-2018,11.9066
121006,20-09-2018,12.0146
121006,27-09-2018,11.8694
121006,04-10-2018,12.0593
121006,11-10-2018,11.9936
121006,18-10-2018,12.1651
121006,25-10-2018,12.1345
121006,01-11-2018,11.9873
121006,08-11-2018,12.1152
121006,15-11-2018,12.2559
121006,22-11-2018,12.172
121006,29-11-2018,12.1445
121006,06-12-2018,12.0614
121006,13-12-2018,12.0546
121006,20-12-2018,12.0698
121006,27-12-2018,12.0407
121006,03-01-2019,11.8703
121006,10-01-2019,11.8199
121006,17-01-2019,11.8912
121006,24-01-2019,11.876
121006,31-01-2019,11.8497
121006,07-02-2019,11.7662
121006,14-02-2019,11.7135
121006,21-02-2019,11.8502
121006,28-02-2019,11.7469
121006,07-03-2019,11.8193
121006,14-03-2019,11.8285
121006,21-03-2019,11.8564
121006,28-03-2019,11.7917
121006,04-04-2019,11.7632
121006,11-04-2019,11.7674
121006,18-04-2019,11.7231
121006,25-04-2019,11.7588
121006,02-05-2019,11.8066
121006,09-05-2019,12.0165
121006,16-05-2019,12.048
121006,23-05-2019,11.8686
121006,30-05-2019,11.9837
121006,06-06-2019,11.969
121006,13-06-2019,12.1664
121006,20-06-2019,12.3144
121006,27-06-2019,12.2696
121006,04-07-2019,12.3454
121006,11-07-2019,12.2916
121006,18-07-2019,12.2968
121006,25-07-2019,12.3682
121006,01-08-2019,12.4833
121006,08-08-2019,12.5777
121006,15-08-2019,12.5903
121006,22-08-2019,12.8455
121006,29-08-2019,12.8131
121006,05-09-2019,12.6535
121006,12-09-2019,12.5153
121006,19-09-2019,12.6679
121006,26-09-2019,12.6652
121006,03-10-2019,12.6864
121006,10-10-2019,12.6364
121006,17-10-2019,12.5957
121006,24-10-2019,12.5214
121006,31-10-2019,12.5736
121006,07-11-2019,12.5689
121006,14-11-2019,12.6176
121006,21-11-2019,12.6569
121006,28-11-2019,12.6189
121006,05-12-2019,12.4767
121006,12-12-2019,12.3274
121006,19-12-2019,12.6308
121006,26-12-2019,12.7852
121006,02-01-2020,12.9274
121006,09-01-2020,12.8628
121006,16-01-2020,12.8689
121006,23-01-2020,12.7901
121006,30-01-2020,12.661
121006,06-02-2020,12.6064
121006,13-02-2020,12.7452
121006,20-02-2020,12.836
121006,27-02-2020,12.7415
121006,05-03-2020,12.7145
121006,12-03-2020,12.7958
121006,19-03-2020,12.7425
121006,26-03-2020,12.7557
121006,02-04-2020,12.8018
121006,09-04-2020,12.847
121006,16-04-2020,12.8782
121006,23-04-2020,12.816
121006,30-04-2020,12.7647
121006,07-05-2020,12.654
121006,14-05-2020,12.501
121006,21-05-2020,12.4945
121006,28-05-2020,12.5811
121006,04-06-2020,12.4472
121006,11-06-2020,12.4794
121006,18-06-2020,12.5627
121006,25-06-2020,12.3832
121006,02-07-2020,12.3613
121006,09-07-2020,12.529
121006,16-07-2020,12.5894
121006,23-07-2020,12.406
121006,30-07-2020,12.4763
121006,06-08-2020,12.4067
121006,13-08-2020,12.4803
121006,20-08-2020,12.4164
121006,27-08-2020,12.4161
121006,03-09-2020,12.3676
121006,10-09-2020,12.3729
121006,17-09-2020,12.3217
121006,24-09-2020,12.3046
121006,01-10-2020,12.1938
121006,08-10-2020,12.2465
121006,15-10-2020,12.2686
121006,22-10-2020,12.1148
121006,29-10-2020,12.2159
121006,05-11-2020,12.2036
121006,12-11-2020,12.2243
121006,19-11-2020,12.3039
121006,26-11-2020,12.3411
121006,03-12-2020,12.4611
121006,10-12-2020,12.4369
121006,17-12-2020,12.5448
121006,24-12-2020,12.5621
121006,31-12-2020,12.6182
121006,07-01-2021,12.6639
121006,14-01-2021,12.7947
121006,21-01-2021,12.8737
121006,28-01-2021,12.8332
121006,04-02-2021,12.7725
121006,11-02-2021,12.7725
121006,18-02-2021,12.7
121006,25-02-2021,12.5981
121006,04-03-2021,12.3887
121006,11-03-2021,12.2401
121006,18-03-2021,12.4394
121006,25-03-2021,12.3791
121006,01-04-2021,12.5725
121006,08-04-2021,12.6181
121006,15-04-2021,12.6181
121006,22-04-2021,12.4717
121006,29-04-2021,12.4772
121006,06-05-2021,12.671
121006,13-05-2021,12.834
121006,20-05-2021,12.8673
121006,27-05-2021,12.7542
121006,03-06-2021,12.6616
121006,10-06-2021,12.5803
121006,17-06-2021,12.714
121006,24-06-2021,12.885
121006,01-07-2021,12.9104
121006,08-07-2021,12.8842
121006,15-07-2021,13.049
121006,22-07-2021,12.9521
121006,29-07-2021,12.9626
121006,05-08-2021,13.0158
121006,12-08-2021,12.9312
121006,19-08-2021,12.8706
121006,26-08-2021,12.8023
121006,02-09-2021,12.9525
121006,09-09-2021,13.156
121006,16-09-2021,13.1734
121006,23-09-2021,13.1504
121006,30-09-2021,13.0925
121006,07-10-2021,13.0979
121006,14-10-2021,13.0455
121006,21-10-2021,13.0406
121006,28-10-2021,13.0889
121006,04-11-2021,13.0517
121006,11-11-2021,13.0372
121006,18-11-2021,13.023
121006,25-11-2021,12.9952
121006,02-12-2021,12.9545
121006,09-12-2021,13.0386
121006,16-12-2021,12.8591
121006,23-12-2021,13.0262
121006,30-12-2021,13.0456
121006,06-01-2022,13.1145
121006,13-01-2022,13.1958
121006,20-01-2022,13.1263
121006,27-01-2022,13.0355
121006,03-02-2022,12.9331
121006,10-02-2022,12.9127
121006,17-02-2022,12.9901
121006,24-02-2022,12.9346
121006,03-03-2022,13.0027
121006,10-03-2022,12.7616
121006,17-03-2022,12.7273
121006,24-03-2022,12.8513
121006,31-03-2022,12.8388
121006,07-04-2022,12.7588
121006,14-04-2022,12.6969
121006,21-04-2022,12.3944
121006,28-04-2022,12.299
121006,05-05-2022,12.408
121006,12-05-2022,12.3551
121006,19-05-2022,12.3141
121006,26-05-2022,12.0893
121006,02-06-2022,11.9364
121006,09-06-2022,12.0549
121006,16-06-2022,12.1192
121006,23-06-2022,11.9983
121006,30-06-2022,11.9425
121006,07-07-2022,11.9445
121006,14-07-2022,11.835
121006,21-07-2022,11.65
121006,28-07-2022,11.6398
121006,04-08-2022,11.6978
121006,11-08-2022,11.7578
121006,18-08-2022,11.8449
121006,25-08-2022,11.7024
121006,01-09-2022,11.7125
121006,08-09-2022,11.692
121006,15-09-2022,11.6886
121006,22-09-2022,11.6734
121006,29-09-2022,11.6164
121006,06-10-2022,11.3406
121006,13-10-2022,11.4506
121006,20-10-2022,11.4854
121006,27-10-2022,11.3536
121006,03-11-2022,11.4011
121006,10-11-2022,11.3649
121006,17-11-2022,11.3313
121006,24-11-2022,11.2662
121006,01-12-2022,11.3191
121006,08-12-2022,11.2512
121006,15-12-2022,11.157
121006,22-12-2022,11.2624
121006,29-12-2022,11.2508
121006,05-01-2023,11.2421
121006,12-01-2023,11.3088
121006,19-01-2023,11.253
121006,26-01-2023,11.2153
121006,02-02-2023,11.2472
121006,09-02-2023,11.113
121006,16-02-2023,11.1371
121006,23-02-2023,11.0743
121006,02-03-2023,11.1545
121006,09-03-2023,11.2077
121006,16-03-2023,11.2494
121006,23-03-2023,11.1093
121006,30-03-2023,11.1045
121006,06-04-2023,11.0044
121006,13-04-2023,11.0055
121006,20-04-2023,10.8061
121006,27-04-2023,10.6772
121006,04-05-2023,10.783
121006,11-05-2023,10.8192
121006,18-05-2023,10.7929
121006,25-05-2023,10.7187
121006,01-06-2023,10.6301
121006,08-06-2023,10.6513
121006,15-06-2023,10.6263
121006,22-06-2023,10.762
121006,29-06-2023,10.7504
121006,06-07-2023,10.7598
121006,13-07-2023,10.6446
121006,20-07-2023,10.6181
121006,27-07-2023,10.6374
121006,03-08-2023,10.6099
121006,10-08-2023,10.573
121006,17-08-2023,10.6048
121006,24-08-2023,10.7376
121006,31-08-2023,10.7543
121006,07-09-2023,10.8571
121006,14-09-2023,10.9154
121006,21-09-2023,11.0145
121006,28-09-2023,10.9652
121006,05-10-2023,10.9514
121006,12-10-2023,10.938
121006,19-10-2023,10.9902
121006,26-10-2023,11.0642
121006,02-11-2023,11.0797
121006,09-11-2023,11.1619
121006,16-11-2023,11.116
121006,23-11-2023,11.1992
121006,30-11-2023,11.2947
121006,07-12-2023,11.3604
121006,14-12-2023,11.3772
121006,21-12-2023,11.4467
121006,28-12-2023,11.3694
121006,04-01-2024,11.392
121006,11-01-2024,11.4239
121006,18-01-2024,11.307
121006,25-01-2024,11.3544
121006,01-02-2024,11.2455
121006,08-02-2024,11.2115
121006,15-02-2024,11.2196
121006,22-02-2024,11.1585
121006,29-02-2024,11.1703
121006,07-03-2024,11.1807
121006,14-03-2024,11.1118
121006,21-03-2024,11.1668
121006,28-03-2024,11.103
121006,04-04-2024,11.3106
121006,11-04-2024,11.3053
121006,18-04-2024,11.2038
121006,25-04-2024,11.1201
121006,02-05-2024,11.2266
121006,09-05-2024,11.1944
121006,16-05-2024,11.0767
121006,23-05-2024,11.1568
121006,30-05-2024,11.1242
121006,06-06-2024,11.1868
121006,13-06-2024,11.275
121006,20-06-2024,11.3042
121006,27-06-2024,11.5254
121006,04-07-2024,11.371
121006,11-07-2024,11.3012
121006,18-07-2024,11.2825
121006,25-07-2024,11.4912
121007,01-01-2015,10.1478
121007,08-01-2015,10.2565
121007,15-01-2015,10.1955
121007,22-01-2015,10.1443
121007,29-01-2015,10.0811
121007,05-02-2015,10.0219
121007,12-02-2015,10.1456
121007,19-02-2015,10.1299
121007,26-02-2015,10.1249
121007,05-03-2015,10.1917
121007,12-03-2015,10.0601
121007,19-03-2015,10.0684
121007,26-03-2015,9.9841
121007,02-04-2015,9.9646
121007,09-04-2015,9.9218
121007,16-04-2015,9.8751
121007,23-04-2015,9.8969
121007,30-04-2015,9.9184
121007,07-05-2015,9.9049
121007,14-05-2015,9.9382
121007,21-05-2015,9.8731
121007,28-05-2015,9.9309
121007,04-06-2015,9.9185
121007,11-06-2015,9.8841
121007,18-06-2015,9.8252
121007,25-06-2015,9.8102
121007,02-07-2015,9.9609
121007,09-07-2015,9.9598
121007,16-07-2015,9.8726
121007,23-07-2015,9.9492
121007,30-07-2015,9.9156
121007,06-08-2015,9.9421
121007,13-08-2015,9.8979
121007,20-08-2015,10.0032
121007,27-08-2015,9.96
121007,03-09-2015,10.0753
121007,10-09-2015,9.9948
121007,17-09-2015,9.9754
121007,24-09-2015,10.0911
121007,01-10-2015,10.1087
121007,08-10-2015,10.2964
121007,15-10-2015,10.2784
121007,22-10-2015,10.3036
121007,29-10-2015,10.4648
121007,05-11-2015,10.3422
121007,12-11-2015,10.2109
121007,19-11-2015,10.15
121007,26-11-2015,10.2201
121007,03-12-2015,10.0925
121007,10-12-2015,10.1448
121007,17-12-2015,10.1916
121007,24-12-2015,10.3599
121007,31-12-2015,10.4507
121007,07-01-2016,10.4853
121007,14-01-2016,10.6035
121007,21-01-2016,10.6535
121007,28-01-2016,10.6185
121007,04-02-2016,10.5255
121007,11-02-2016,10.4818
121007,18-02-2016,10.4826
121007,25-02-2016,10.5015
121007,03-03-2016,10.3263
121007,10-03-2016,10.3123
121007,17-03-2016,10.3188
121007,24-03-2016,10.3681
121007,31-03-2016,10.5072
121007,07-04-2016,10.527
121007,14-04-2016,10.4546
121007,21-04-2016,10.3067
121007,28-04-2016,10.3675
121007,05-05-2016,10.2996
121007,12-05-2016,10.3751
121007,19-05-2016,10.4953
121007,26-05-2016,10.3698
121007,02-06-2016,10.4199
121007,09-06-2016,10.5318
121007,16-06-2016,10.6219
121007,23-06-2016,10.448
121007,30-06-2016,10.3808
121007,07-07-2016,10.2787
121007,14-07-2016,10.3258
121007,21-07-2016,10.3641
121007,28-07-2016,10.1446
121007,04-08-2016,10.1242
121007,11-08-2016,10.1931
121007,18-08-2016,10.2093
121007,25-08-2016,10.2253
121007,01-09-2016,10.1995
121007,08-09-2016,10.1172
121007,15-09-2016,10.1199
121007,22-09-2016,10.1281
121007,29-09-2016,10.182
121007,06-10-2016,10.2428
121007,13-10-2016,10.254
121007,20-10-2016,10.3479
121007,27-10-2016,10.321
121007,03-11-2016,10.2059
121007,10-11-2016,10.2489
121007,17-11-2016,10.2634
121007,24-11-2016,10.3083
121007,01-12-2016,10.2081
121007,08-12-2016,10.3585
121007,15-12-2016,10.4215
121007,22-12-2016,10.4016
121007,29-12-2016,10.328
121007,05-01-2017,10.4211
121007,12-01-2017,10.3334
121007,19-01-2017,10.5245
121007,26-01-2017,10.4771
121007,02-02-2017,10.6255
121007,09-02-2017,10.614
121007,16-02-2017,10.7525
121007,23-02-2017,10.6936
121007,02-03-2017,10.6995
121007,09-03-2017,10.7726
121007,16-03-2017,10.834
121007,23-03-2017,10.9337
121007,30-03-2017,10.8955
121007,06-04-2017,10.9072
121007,13-04-2017,11.0205
121007,20-04-2017,10.9627
121007,27-04-2017,11.0173
121007,04-05-2017,11.0024
121007,11-05-2017,11.025
121007,18-05-2017,11.0368
121007,25-05-2017,10.9716
121007,01-06-2017,10.9531
121007,08-06-2017,10.9702
121007,15-06-2017,10.9656
121007,22-06-2017,11.108
121007,29-06-2017,11.2021
121007,06-07-2017,11.2326
121007,13-07-2017,11.1685
121007,20-07-2017,11.0994
121007,27-07-2017,11.2791
121007,03-08-2017,11.1925
121007,10-08-2017,11.2071
121007,17-08-2017,11.244
121007,24-08-2017,11.2205
121007,31-08-2017,11.135
121007,07-09-2017,11.0695
121007,14-09-2017,11.0256
121007,21-09-2017,10.9674
121007,28-09-2017,11.0883
121007,05-10-2017,11.0919
121007,12-10-2017,11.0499
121007,19-10-2017,11.0637
121007,26-10-2017,11.1273
121007,02-11-2017,11.1011
121007,09-11-2017,11.1856
121007,16-11-2017,11.0763
121007,23-11-2017,11.1845
121007,30-11-2017,11.1882
121007,07-12-2017,11.1884
121007,14-12-2017,11.1308
121007,21-12-2017,11.026
121007,28-12-2017,10.8834
121007,04-01-2018,10.8213
121007,11-01-2018,10.8765
121007,18-01-2018,10.7972
121007,25-01-2018,10.6678
121007,01-02-2018,10.5945
121007,08-02-2018,10.5661
121007,15-02-2018,10.5411
121007,22-02-2018,10.5344
121007,01-03-2018,10.6257
121007,08-03-2018,10.7361
121007,15-03-2018,10.9127
121007,22-03-2018,10.7752
121007,29-03-2018,10.7057
121007,05-04-2018,10.7698
121007,12-04-2018,10.735
121007,19-04-2018,10.8132
121007,26-04-2018,10.8355
121007,03-05-2018,10.9767
121007,10-05-2018,11.0726
121007,17-05-2018,11.1711
121007,24-05-2018,11.1387
121007,31-05-2018,11.1345
121007,07-06-2018,11.1118
121007,14-06-2018,10.9823
121007,21-06-2018,11.116
121007,28-06-2018,11.1868
121007,05-07-2018,11.1604
121007,12-07-2018,11.2813
121007,19-07-2018,11.2289
121007,26-07-2018,11.0683
121007,02-08-2018,11.1619
121007,09-08-2018,11.0522
121007,16-08-2018,11.0393
121007,23-08-2018,11.062
121007,30-08-2018,11.1005
121007,06-09-2018,11.1803
121007,13-09-2018,11.2367
121007,20-09-2018,11.2906
121007,27-09-2018,11.2237
121007,04-10-2018,11.2546
121007,11-10-2018,11.1236
121007,18-10-2018,11.267
121007,25-10-2018,11.1451
121007,01-11-2018,11.1187
121007,08-11-2018,11.0058
121007,15-11-2018,10.9459
121007,22-11-2018,10.9515
121007,29-11-2018,10.9095
121007,06-12-2018,11.0138
121007,13-12-2018,11.0382
121007,20-12-2018,11.0017
121007,27-12-2018,10.9944
121007,03-01-2019,11.106
121007,10-01-2019,11.1912
121007,17-01-2019,11.0937
121007,24-01-2019,11.0378
121007,31-01-2019,11.0841
121007,07-02-2019,11.1199
121007,14-02-2019,11.0309
121007,21-02-2019,11.1014
121007,28-02-2019,11.0267
121007,07-03-2019,11.1462
121007,14-03-2019,11.1978
121007,21-03-2019,11.1009
121007,28-03-2019,11.0584
121007,04-04-2019,11.0144
121007,11-04-2019,11.0329
121007,18-04-2019,11.0193
121007,25-04-2019,10.9228
121007,02-05-2019,10.8053
121007,09-05-2019,10.8571
121007,16-05-2019,10.8863
121007,23-05-2019,10.8998
121007,30-05-2019,10.9278
121007,06-06-2019,10.8781
121007,13-06-2019,10.8984
121007,20-06-2019,11.1241
121007,27-06-2019,11.2331
121007,04-07-2019,11.2117
121007,11-07-2019,11.1692
121007,18-07-2019,10.9181
121007,25-07-2019,11.0158
121007,01-08-2019,11.0895
121007,08-08-2019,11.0457
121007,15-08-2019,10.9236
121007,22-08-2019,10.827
121007,29-08-2019,10.8699
121007,05-09-2019,10.8664
121007,12-09-2019,10.9309
121007,19-09-2019,10.9428
121007,26-09-2019,11.0318
121007,03-10-2019,11.0689
121007,10-10-2019,11.1467
121007,17-10-2019,10.9648
121007,24-10-2019,10.8609
121007,31-10-2019,10.8336
121007,07-11-2019,10.9315
121007,14-11-2019,11.1003
121007,21-11-2019,11.0902
121007,28-11-2019,11.0404
121007,05-12-2019,10.8721
121007,12-12-2019,10.9516
121007,19-12-2019,10.9077
121007,26-12-2019,11.1703
121007,02-01-2020,11.1086
121007,09-01-2020,11.3002
121007,16-01-2020,11.3724
121007,23-01-2020,11.2834
121007,30-01-2020,11.3088
121007,06-02-2020,11.3831
121007,13-02-2020,11.3672
121007,20-02-2020,11.4479
121007,27-02-2020,11.5272
121007,05-03-2020,11.5868
121007,12-03-2020,11.5899
121007,19-03-2020,11.4856
121007,26-03-2020,11.4832
121007,02-04-2020,11.504
121007,09-04-2020,11.3359
121007,16-04-2020,11.3558
121007,23-04-2020,11.3515
121007,30-04-2020,11.2383
121007,07-05-2020,11.2129
121007,14-05-2020,11.1894
121007,21-05-2020,11.3666
121007,28-05-2020,11.3912
121007,04-06-2020,11.4902
121007,11-06-2020,11.4839
121007,18-06-2020,11.3164
121007,25-06-2020,11.3818
121007,02-07-2020,11.3264
121007,09-07-2020,11.3005
121007,16-07-2020,11.2098
121007,23-07-2020,11.2208
121007,30-07-2020,11.3209
121007,06-08-2020,11.41
121007,13-08-2020,11.5593
121007,20-08-2020,11.7237
121007,27-08-2020,11.5365
121007,03-09-2020,11.431
121007,10-09-2020,11.2702
121007,17-09-2020,11.3317
121007,24-09-2020,11.2734
121007,01-10-2020,11.2338
121007,08-10-2020,11.2188
121007,15-10-2020,11.2576
121007,22-10-2020,11.1284
121007,29-10-2020,11.0207
121007,05-11-2020,11.0253
121007,12-11-2020,11.1354
121007,19-11-2020,11.1376
121007,26-11-2020,11.0715
121007,03-12-2020,10.8857
121007,10-12-2020,10.973
121007,17-12-2020,10.9128
121007,24-12-2020,10.817
121007,31-12-2020,10.6729
121007,07-01-2021,10.5542
121007,14-01-2021,10.4773
121007,21-01-2021,10.4615
121007,28-01-2021,10.3645
121007,04-02-2021,10.384
121007,11-02-2021,10.3677
121007,18-02-2021,10.5562
121007,25-02-2021,10.4165
121007,04-03-2021,10.4341
121007,11-03-2021,10.4528
121007,18-03-2021,10.3708
121007,25-03-2021,10.3828
121007,01-04-2021,10.4509
121007,08-04-2021,10.4632
121007,15-04-2021,10.5832
121007,22-04-2021,10.4031
121007,29-04-2021,10.3372
121007,06-05-2021,10.4633
121007,13-05-2021,10.5438
121007,20-05-2021,10.5936
121007,27-05-2021,10.7024
121007,03-06-2021,10.5425
121007,10-06-2021,10.6139
121007,17-06-2021,10.7085
121007,24-06-2021,10.6563
121007,01-07-2021,10.8848
121007,08-07-2021,10.9062
121007,15-07-2021,10.7192
121007,22-07-2021,10.7562
121007,29-07-2021,10.6986
121007,05-08-2021,10.8026
121007,12-08-2021,10.8543
121007,19-08-2021,10.8067
121007,26-08-2021,10.9409
121007,02-09-2021,11.0275
121007,09-09-2021,10.9589
121007,16-09-2021,10.9499
121007,23-09-2021,10.9996
121007,30-09-2021,10.9719
121007,07-10-2021,10.947
121007,14-10-2021,10.9546
121007,21-10-2021,10.8655
121007,28-10-2021,10.6758
121007,04-11-2021,10.7005
121007,11-11-2021,10.5345
121007,18-11-2021,10.455
121007,25-11-2021,10.311
121007,02-12-2021,10.1792
121007,09-12-2021,10.218
121007,16-12-2021,10.2039
121007,23-12-2021,10.1869
121007,30-12-2021,10.0837
121007,06-01-2022,10.0349
121007,13-01-2022,10.0691
121007,20-01-2022,10.0689
121007,27-01-2022,10.1392
121007,03-02-2022,10.2216
121007,10-02-2022,10.205
121007,17-02-2022,10.0579
121007,24-02-2022,10.001
121007,03-03-2022,9.9972
121007,10-03-2022,9.9391
121007,17-03-2022,9.8592
121007,24-03-2022,9.8687
121007,31-03-2022,10.0645
121007,07-04-2022,10.0292
121007,14-04-2022,10.033
121007,21-04-2022,9.9317
121007,28-04-2022,10.0345
121007,05-05-2022,10.1087
121007,12-05-2022,10.1779
121007,19-05-2022,10.2927
121007,26-05-2022,10.2616
121007,02-06-2022,10.2409
121007,09-06-2022,10.3851
121007,16-06-2022,10.4418
121007,23-06-2022,10.2606
121007,30-06-2022,10.302
121007,07-07-2022,10.2582
121007,14-07-2022,10.336
121007,21-07-2022,10.3739
121007,28-07-2022,10.2336
121007,04-08-2022,10.2597
121007,11-08-2022,10.2811
121007,18-08-2022,10.3151
121007,25-08-2022,10.3667
121007,01-09-2022,10.4949
121007,08-09-2022,10.5339
121007,15-09-2022,10.54
121007,22-09-2022,10.641
121007,29-09-2022,10.8362
121007,06-10-2022,10.9199
121007,13-10-2022,10.9423
121007,20-10-2022,10.9845
121007,27-10-2022,11.0114
121007,03-11-2022,11.0174
121007,10-11-2022,11.2127
121007,17-11-2022,11.15
121007,24-11-2022,11.2575
121007,01-12-2022,11.2506
121007,08-12-2022,11.1219
121007,15-12-2022,11.1096
121007,22-12-2022,11.0654
121007,29-12-2022,11.121
121007,05-01-2023,11.1335
121007,12-01-2023,11.047
121007,19-01-2023,11.1814
121007,26-01-2023,11.2834
121007,02-02-2023,11.4311
121007,09-02-2023,11.4573
121007,16-02-2023,11.4586
121007,23-02-2023,11.5277
121007,02-03-2023,11.479
121007,09-03-2023,11.4956
121007,16-03-2023,11.484
121007,23-03-2023,11.3544
121007,30-03-2023,11.3705
121007,06-04-2023,11.3349
121007,13-04-2023,11.3175
121007,20-04-2023,11.3549
121007,27-04-2023,11.4751
121007,04-05-2023,11.4018
121007,11-05-2023,11.3756
121007,18-05-2023,11.3105
121007,25-05-2023,11.2399
121007,01-06-2023,11.191
121007,08-06-2023,11.1779
121007,15-06-2023,11.2347
121007,22-06-2023,11.268
121007,29-06-2023,11.1773
121007,06-07-2023,11.2975
121007,13-07-2023,11.3873
121007,20-07-2023,11.3098
121007,27-07-2023,11.4251
121007,03-08-2023,11.4595
121007,10-08-2023,11.4498
121007,17-08-2023,11.4871
121007,24-08-2023,11.4894
121007,31-08-2023,11.5441
121007,07-09-2023,11.566
121007,14-09-2023,11.5394
121007,21-09-2023,11.357
121007,28-09-2023,11.4094
121007,05-10-2023,11.3799
121007,12-10-2023,11.4553
121007,19-10-2023,11.504
121007,26-10-2023,11.4766
121007,02-11-2023,11.5751
121007,09-11-2023,11.5987
121007,16-11-2023,11.6185
121007,23-11-2023,11.6103
121007,30-11-2023,11.7713
121007,07-12-2023,11.7089
121007,14-12-2023,11.6833
121007,21-12-2023,11.5724
121007,28-12-2023,11.6443
121007,04-01-2024,11.5947
121007,11-01-2024,11.5557
121007,18-01-2024,11.5126
121007,25-01-2024,11.523
121007,01-02-2024,11.4123
121007,08-02-2024,11.212
121007,15-02-2024,11.2576
121007,22-02-2024,11.0717
121007,29-02-2024,11.1518
121007,07-03-2024,11.2953
121007,14-03-2024,11.285
121007,21-03-2024,11.4068
121007,28-03-2024,11.4092
121007,04-04-2024,11.5597
121007,11-04-2024,11.5221
121007,18-04-2024,11.3088
121007,25-04-2024,11.3061
121007,02-05-2024,11.4651
121007,09-05-2024,11.5187
121007,16-05-2024,11.4758
121007,23-05-2024,11.5106
121007,30-05-2024,11.6046
121007,06-06-2024,11.6013
121007,13-06-2024,11.8497
121007,20-06-2024,11.8054
121007,27-06-2024,11.9048
121007,04-07-2024,11.9822
121007,11-07-2024,11.9199
121007,18-07-2024,11.8842
121007,25-07-2024,11.9857
121008,01-01-2015,10.0156
121008,08-01-2015,10.0467
121008,15-01-2015,9.9192
121008,22-01-2015,9.9752
121008,29-01-2015,10.0021
121008,05-02-2015,10.001
121008,12-02-2015,10.0339
121008,19-02-2015,10.0051
121008,26-02-2015,9.9617
121008,05-03-2015,9.9464
121008,12-03-2015,9.9134
121008,19-03-2015,10.0903
121008,26-03-2015,10.168
121008,02-04-2015,10.0933
121008,09-04-2015,10.2617
121008,16-04-2015,10.2303
121008,23-04-2015,10.2368
121008,30-04-2015,10.3144
121008,07-05-2015,10.156
121008,14-05-2015,10.1408
121008,21-05-2015,10.0983
121008,28-05-2015,10.1189
121008,04-06-2015,10.1529
121008,11-06-2015,10.1507
121008,18-06-2015,10.1447
121008,25-06-2015,10.2352
121008,02-07-2015,10.264
121008,09-07-2015,10.2715
121008,16-07-2015,10.2878
121008,23-07-2015,10.443
121008,30-07-2015,10.4616
121008,06-08-2015,10.4227
121008,13-08-2015,10.2677
121008,20-08-2015,10.154
121008,27-08-2015,10.1202
121008,03-09-2015,10.1154
121008,10-09-2015,10.0745
121008,17-09-2015,10.1069
121008,24-09-2015,10.0649
121008,01-10-2015,9.9953
121008,08-10-2015,10.0483
121008,15-10-2015,10.1624
121008,22-10-2015,10.0765
121008,29-10-2015,10.1001
121008,05-11-2015,9.9503
121008,12-11-2015,9.8369
121008,19-11-2015,9.7945
121008,26-11-2015,9.8873
121008,03-12-2015,9.8297
121008,10-12-2015,9.7694
121008,17-12-2015,9.7762
121008,24-12-2015,9.783
121008,31-12-2015,9.7254
121008,07-01-2016,9.8839
121008,14-01-2016,9.8668
121008,21-01-2016,9.8797
121008,28-01-2016,9.8519
121008,04-02-2016,9.8905
121008,11-02-2016,9.9922
121008,18-02-2016,10.1292
121008,25-02-2016,10.0715
121008,03-03-2016,10.1642
121008,10-03-2016,10.213
121008,17-03-2016,10.2967
121008,24-03-2016,10.2932
121008,31-03-2016,10.2819
121008,07-04-2016,10.363
121008,14-04-2016,10.4463
121008,21-04-2016,10.5813
121008,28-04-2016,10.6024
121008,05-05-2016,10.5976
121008,12-05-2016,10.3933
121008,19-05-2016,10.2634
121008,26-05-2016,10.2352
121008,02-06-2016,10.1491
121008,09-06-2016,10.2193
121008,16-06-2016,10.1163
121008,23-06-2016,10.0797
121008,30-06-2016,10.0465
121008,07-07-2016,10.1474
121008,14-07-2016,10.102
121008,21-07-2016,10.1426
121008,28-07-2016,10.1626
121008,04-08-2016,10.2401
121008,11-08-2016,10.3138
121008,18-08-2016,10.3152
121008,25-08-2016,10.1793
121008,01-09-2016,10.1645
121008,08-09-2016,10.167
121008,15-09-2016,10.1943
121008,22-09-2016,10.1382
121008,29-09-2016,10.2348
121008,06-10-2016,10.24
121008,13-10-2016,10.1687
121008,20-10-2016,10.1355
121008,27-10-2016,10.2959
121008,03-11-2016,10.3548
121008,10-11-2016,10.4458
121008,17-11-2016,10.3629
121008,24-11-2016,10.31
121008,01-12-2016,10.2579
121008,08-12-2016,10.2771
121008,15-12-2016,10.2669
121008,22-12-2016,10.2308
121008,29-12-2016,10.2051
121008,05-01-2017,10.1444
121008,12-01-2017,10.1338
121008,19-01-2017,10.2281
121008,26-01-2017,10.1084
121008,02-02-2017,10.1405
121008,09-02-2017,10.2565
121008,16-02-2017,10.2456
121008,23-02-2017,10.2063
121008,02-03-2017,10.2859
121008,09-03-2017,10.209
121008,16-03-2017,10.2112
121008,23-03-2017,10.1304
121008,30-03-2017,9.9829
121008,06-04-2017,9.9747
121008,13-04-2017,9.8779
121008,20-04-2017,9.8809
121008,27-04-2017,9.973
121008,04-05-2017,10.1249
121008,11-05-2017,10.1366
121008,18-05-2017,10.2233
121008,25-05-2017,10.26
121008,01-06-2017,10.2326
121008,08-06-2017,10.0792
121008,15-06-2017,10.2143
121008,22-06-2017,10.1327
121008,29-06-2017,10.2488
121008,06-07-2017,10.297
121008,13-07-2017,10.2207
121008,20-07-2017,10.2503
121008,27-07-2017,10.4293
121008,03-08-2017,10.5616
121008,10-08-2017,10.5225
121008,17-08-2017,10.4668
121008,24-08-2017,10.4793
121008,31-08-2017,10.4697
121008,07-09-2017,10.5743
121008,14-09-2017,10.6411
121008,21-09-2017,10.5013
121008,28-09-2017,10.5441
121008,05-10-2017,10.5332
121008,12-10-2017,10.5405
121008,19-10-2017,10.5657
121008,26-10-2017,10.6713
121008,02-11-2017,10.759
121008,09-11-2017,10.6988
121008,16-11-2017,10.698
121008,23-11-2017,10.6639
121008,30-11-2017,10.5247
121008,07-12-2017,10.5197
121008,14-12-2017,10.6792
121008,21-12-2017,10.5372
121008,28-12-2017,10.5394
121008,04-01-2018,10.5389
121008,11-01-2018,10.5673
121008,18-01-2018,10.4902
121008,25-01-2018,10.3748
121008,01-02-2018,10.2645
121008,08-02-2018,10.3779
121008,15-02-2018,10.3005
121008,22-02-2018,10.2634
121008,01-03-2018,10.4403
121008,08-03-2018,10.3832
121008,15-03-2018,10.4158
121008,22-03-2018,10.5086
121008,29-03-2018,10.5982
121008,05-04-2018,10.4895
121008,12-04-2018,10.4338
121008,19-04-2018,10.4633
121008,26-04-2018,10.6289
121008,03-05-2018,10.5684
121008,10-05-2018,10.5309
121008,17-05-2018,10.5705
121008,24-05-2018,10.6271
121008,31-05-2018,10.6892
121008,07-06-2018,10.6211
121008,14-06-2018,10.5801
121008,21-06-2018,10.6026
121008,28-06-2018,10.7139
121008,05-07-2018,10.6977
121008,12-07-2018,10.7001
121008,19-07-2018,10.6166
121008,26-07-2018,10.7791
121008,02-08-2018,10.7967
121008,09-08-2018,10.8941
121008,16-08-2018,10.9011
121008,23-08-2018,10.9129
121008,30-08-2018,10.7862
121008,06-09-2018,10.605
121008,13-09-2018,10.7154
121008,20-09-2018,10.7264
121008,27-09-2018,10.7484
121008,04-10-2018,10.6453
121008,11-10-2018,10.5726
121008,18-10-2018,10.6667
121008,25-10-2018,10.8195
121008,01-11-2018,10.77
121008,08-11-2018,10.8322
121008,15-11-2018,10.853
121008,22-11-2018,10.8469
121008,29-11-2018,11.0119
121008,06-12-2018,10.9764
121008,13-12-2018,11.0897
121008,20-12-2018,11.128
121008,27-12-2018,11.131
121008,03-01-2019,11.2576
121008,10-01-2019,11.2882
121008,17-01-2019,11.284
121008,24-01-2019,11.4131
121008,31-01-2019,11.5317
121008,07-02-2019,11.6472
121008,14-02-2019,11.2896
121008,21-02-2019,11.3339
121008,28-02-2019,11.3576
121008,07-03-2019,11.359
121008,14-03-2019,11.419
121008,21-03-2019,11.4473
121008,28-03-2019,11.514
121008,04-04-2019,11.4939
121008,11-04-2019,11.6363
121008,18-04-2019,11.7134
121008,25-04-2019,11.769
121008,02-05-2019,11.8202
121008,09-05-2019,11.9343
121008,16-05-2019,12.0366
121008,23-05-2019,12.0306
121008,30-05-2019,12.1307
121008,06-06-2019,12.1525
121008,13-06-2019,12.3437
121008,20-06-2019,12.457
121008,27-06-2019,12.3997
121008,04-07-2019,12.6358
121008,11-07-2019,12.4284
121008,18-07-2019,12.4967
121008,25-07-2019,12.4321
121008,01-08-2019,12.6243
121008,08-08-2019,12.6549
121008,15-08-2019,12.5796
121008,22-08-2019,12.5578
121008,29-08-2019,12.4911
121008,05-09-2019,12.4655
121008,12-09-2019,12.4377
121008,19-09-2019,12.368
121008,26-09-2019,12.3996
121008,03-10-2019,12.4434
121008,10-10-2019,12.3492
121008,17-10-2019,12.1903
121008,24-10-2019,12.2255
121008,31-10-2019,12.2824
121008,07-11-2019,12.3591
121008,14-11-2019,12.4185
121008,21-11-2019,12.5797
121008,28-11-2019,12.6851
121008,05-12-2019,12.9621
121008,12-12-2019,13.2889
121008,19-12-2019,13.1073
121008,26-12-2019,12.8821
121008,02-01-2020,12.8865
121008,09-01-2020,12.9437
121008,16-01-2020,12.941
121008,23-01-2020,13.019
121008,30-01-2020,12.996
121008,06-02-2020,12.9291
121008,13-02-2020,12.8781
121008,20-02-2020,12.8626
121008,27-02-2020,12.9546
121008,05-03-2020,12.9093
121008,12-03-2020,12.8846
121008,19-03-2020,12.9486
121008,26-03-2020,12.9332
121008,02-04-2020,13.0539
121008,09-04-2020,12.9631
121008,16-04-2020,12.8504
121008,23-04-2020,12.8869
121008,30-04-2020,12.9337
121008,07-05-2020,12.8494
121008,14-05-2020,12.9926
121008,21-05-2020,13.1979
121008,28-05-2020,13.1369
121008,04-06-2020,13.2985
121008,11-06-2020,13.0504
121008,18-06-2020,13.1679
121008,25-06-2020,13.0828
121008,02-07-2020,13.1902
121008,09-07-2020,13.0941
121008,16-07-2020,13.0921
121008,23-07-2020,13.0125
121008,30-07-2020,12.9955
121008,06-08-2020,13.1909
121008,13-08-2020,13.1848
121008,20-08-2020,13.4127
121008,27-08-2020,13.3766
121008,03-09-2020,13.5416
121008,10-09-2020,13.3709
121008,17-09-2020,13.3456
121008,24-09-2020,13.2937
121008,01-10-2020,13.4626
121008,08-10-2020,13.4879
121008,15-10-2020,13.268
121008,22-10-2020,13.1342
121008,29-10-2020,13.0331
121008,05-11-2020,13.1357
121008,12-11-2020,13.2255
121008,19-11-2020,13.199
121008,26-11-2020,13.1464
121008,03-12-2020,13.227
121008,10-12-2020,13.1128
121008,17-12-2020,13.166
121008,24-12-2020,13.2105
121008,31-12-2020,13.1868
121008,07-01-2021,13.234
121008,14-01-2021,13.2501
121008,21-01-2021,13.3081
121008,28-01-2021,13.1714
121008,04-02-2021,13.2415
121008,11-02-2021,13.3555
121008,18-02-2021,13.3951
121008,25-02-2021,13.4649
121008,04-03-2021,13.4585
121008,11-03-2021,13.5598
121008,18-03-2021,13.5723
121008,25-03-2021,13.4531
121008,01-04-2021,13.5468
121008,08-04-2021,13.3751
121008,15-04-2021,13.4107
121008,22-04-2021,13.3748
121008,29-04-2021,13.3322
121008,06-05-2021,13.3559
121008,13-05-2021,13.2855
121008,20-05-2021,13.3452
121008,27-05-2021,13.3566
121008,03-06-2021,13.296
121008,10-06-2021,13.4437
121008,17-06-2021,13.4711
121008,24-06-2021,13.5444
121008,01-07-2021,13.7033
121008,08-07-2021,13.8623
121008,15-07-2021,13.9322
121008,22-07-2021,13.904
121008,29-07-2021,13.7505
121008,05-08-2021,13.7788
121008,12-08-2021,13.9049
121008,19-08-2021,13.9499
121008,26-08-2021,13.5711
121008,02-09-2021,13.671
121008,09-09-2021,13.7783
121008,16-09-2021,13.7506
121008,23-09-2021,13.8649
121008,30-09-2021,13.9401
121008,07-10-2021,13.8692
121008,14-10-2021,14.0158
121008,21-10-2021,13.8793
121008,28-10-2021,13.8785
121008,04-11-2021,13.8666
121008,11-11-2021,13.7806
121008,18-11-2021,13.8196
121008,25-11-2021,13.97
121008,02-12-2021,14.115
121008,09-12-2021,14.2024
121008,16-12-2021,14.0154
121008,23-12-2021,13.8712
121008,30-12-2021,13.8952
121008,06-01-2022,13.8969
121008,13-01-2022,13.8471
121008,20-01-2022,14.0637
121008,27-01-2022,14.0812
121008,03-02-2022,14.148
121008,10-02-2022,14.2654
121008,17-02-2022,14.2774
121008,24-02-2022,14.5791
121008,03-03-2022,14.4752
121008,10-03-2022,14.4108
121008,17-03-2022,14.3079
121008,24-03-2022,14.4925
121008,31-03-2022,14.5913
121008,07-04-2022,14.5336
121008,14-04-2022,14.439
121008,21-04-2022,14.6047
121008,28-04-2022,14.6528
121008,05-05-2022,14.824
121008,12-05-2022,14.8228
121008,19-05-2022,14.8894
121008,26-05-2022,14.9311
121008,02-06-2022,14.8625
121008,09-06-2022,14.8514
121008,16-06-2022,14.7166
121008,23-06-2022,14.7806
121008,30-06-2022,14.8766
121008,07-07-2022,15.0004
121008,14-07-2022,15.0864
121008,21-07-2022,15.0769
121008,28-07-2022,15.2701
121008,04-08-2022,15.3852
121008,11-08-2022,15.5623
121008,18-08-2022,15.7492
121008,25-08-2022,15.7397
121008,01-09-2022,15.7948
121008,08-09-2022,15.899
121008,15-09-2022,15.7592
121008,22-09-2022,15.6234
121008,29-09-2022,15.4673
121008,06-10-2022,15.4601
121008,13-10-2022,15.4251
121008,20-10-2022,15.2541
121008,27-10-2022,15.2784
121008,03-11-2022,15.2728
121008,10-11-2022,15.4234
121008,17-11-2022,15.6779
121008,24-11-2022,15.7414
121008,01-12-2022,15.66
121008,08-12-2022,15.7473
121008,15-12-2022,15.7548
121008,22-12-2022,15.7308
121008,29-12-2022,15.6287
121008,05-01-2023,15.5769
121008,12-01-2023,15.561
121008,19-01-2023,15.6673
121008,26-01-2023,15.7376
121008,02-02-2023,15.9737
121008,09-02-2023,16.0663
121008,16-02-2023,16.1273
121008,23-02-2023,16.0942
121008,02-03-2023,15.9671
121008,09-03-2023,15.9007
121008,16-03-2023,15.818
121008,23-03-2023,15.5002
121008,30-03-2023,15.3814
121008,06-04-2023,15.5847
121008,13-04-2023,15.6369
121008,20-04-2023,15.596
121008,27-04-2023,15.652
121008,04-05-2023,15.4136
121008,11-05-2023,15.4546
121008,18-05-2023,15.6187
121008,25-05-2023,15.6098
121008,01-06-2023,15.3948
121008,08-06-2023,15.35
121008,15-06-2023,15.5132
121008,22-06-2023,15.5515
121008,29-06-2023,15.3813
121008,06-07-2023,15.6788
121008,13-07-2023,15.5278
121008,20-07-2023,15.5038
121008,27-07-2023,15.3813
121008,03-08-2023,15.26
121008,10-08-2023,15.2109
121008,17-08-2023,15.2944
121008,24-08-2023,15.4584
121008,31-08-2023,15.4169
121008,07-09-2023,15.2984
121008,14-09-2023,15.3631
121008,21-09-2023,15.4317
121008,28-09-2023,15.4676
121008,05-10-2023,15.5079
121008,12-10-2023,15.5001
121008,19-10-2023,15.5185
121008,26-10-2023,15.5021
121008,02-11-2023,15.6411
121008,09-11-2023,15.9262
121008,16-11-2023,15.9554
121008,23-11-2023,15.961
121008,30-11-2023,16.0
121008,07-12-2023,15.9222
121008,14-12-2023,16.026
121008,21-12-2023,16.089
121008,28-12-2023,16.0413
121008,04-01-2024,16.1635
121008,11-01-2024,16.1724
121008,18-01-2024,16.0534
121008,25-01-2024,16.105
121008,01-02-2024,16.1419
121008,08-02-2024,16.2724
121008,15-02-2024,16.3872
121008,22-02-2024,16.3794
121008,29-02-2024,16.3241
121008,07-03-2024,16.3309
121008,14-03-2024,16.3848
121008,21-03-2024,16.4548
121008,28-03-2024,16.5011
121008,04-04-2024,16.4957
121008,11-04-2024,16.6338
121008,18-04-2024,16.5508
121008,25-04-2024,16.8857
121008,02-05-2024,16.9955
121008,09-05-2024,16.849
121008,16-05-2024,16.8807
121008,23-05-2024,16.9918
121008,30-05-2024,16.9511
121008,06-06-2024,16.7551
121008,13-06-2024,16.6226
121008,20-06-2024,16.7013
121008,27-06-2024,16.4735
121008,04-07-2024,16.2891
121008,11-07-2024,16.3656
121008,18-07-2024,16.343
121008,25-07-2024,16.2586
121009,01-01-2015,9.9644
121009,08-01-2015,9.8512
121009,15-01-2015,9.8933
121009,22-01-2015,9.8334
121009,29-01-2015,9.7952
121009,05-02-2015,9.8263
121009,12-02-2015,9.81
121009,19-02-2015,9.7587
121009,26-02-2015,9.6073
121009,05-03-2015,9.6393
121009,12-03-2015,9.6493
121009,19-03-2015,9.6132
121009,26-03-2015,9.5373
121009,02-04-2015,9.5421
121009,09-04-2015,9.5825
121009,16-04-2015,9.5939
121009,23-04-2015,9.7234
121009,30-04-2015,9.7821
121009,07-05-2015,9.7777
121009,14-05-2015,9.8393
121009,21-05-2015,9.8471
121009,28-05-2015,9.8546
121009,04-06-2015,9.9607
121009,11-06-2015,9.8932
121009,18-06-2015,9.899
121009,25-06-2015,9.9971
121009,02-07-2015,10.0258
121009,09-07-2015,10.0003
121009,16-07-2015,9.8678
121009,23-07-2015,9.6925
121009,30-07-2015,9.8573
121009,06-08-2015,9.8856
121009,13-08-2015,9.8434
121009,20-08-2015,9.8748
121009,27-08-2015,9.8039
121009,03-09-2015,9.7819
121009,10-09-2015,9.7121
121009,17-09-2015,9.6062
121009,24-09-2015,9.4483
121009,01-10-2015,9.3313
121009,08-10-2015,9.4113
121009,15-10-2015,9.3407
121009,22-10-2015,9.3845
121009,29-10-2015,9.46
121009,05-11-2015,9.4651
121009,12-11-2015,9.4462
121009,19-11-2015,9.4601
121009,26-11-2015,9.4323
121009,03-12-2015,9.5269
121009,10-12-2015,9.6738
121009,17-12-2015,9.7899
121009,24-12-2015,9.6253
121009,31-12-2015,9.5955
121009,07-01-2016,9.5996
121009,14-01-2016,9.639
121009,21-01-2016,9.5097
121009,28-01-2016,9.3808
121009,04-02-2016,9.4827
121009,11-02-2016,9.444
121009,18-02-2016,9.3354
121009,25-02-2016,9.2568
121009,03-03-2016,9.2894
121009,10-03-2016,9.232
121009,17-03-2016,9.2535
121009,24-03-2016,9.1847
121009,31-03-2016,9.0603
121009,07-04-2016,9.1671
121009,14-04-2016,9.2
121009,21-04-2016,9.1791
121009,28-04-2016,9.1445
121009,05-05-2016,9.2553
121009,12-05-2016,9.3028
121009,19-05-2016,9.3919
121009,26-05-2016,9.3518
121009,02-06-2016,9.3593
121009,09-06-2016,9.3932
121009,16-06-2016,9.3556
121009,23-06-2016,9.3522
121009,30-06-2016,9.3123
121009,07-07-2016,9.3457
121009,14-07-2016,9.2507
121009,21-07-2016,9.2967
121009,28-07-2016,9.3235
121009,04-08-2016,9.3121
121009,11-08-2016,9.3493
121009,18-08-2016,9.3257
121009,25-08-2016,9.2795
121009,01-09-2016,9.3236
121009,08-09-2016,9.3711
121009,15-09-2016,9.3368
121009,22-09-2016,9.2962
121009,29-09-2016,9.2863
121009,06-10-2016,9.249
121009,13-10-2016,9.3656
121009,20-10-2016,9.3931
121009,27-10-2016,9.3979
121009,03-11-2016,9.3315
121009,10-11-2016,9.3904
121009,17-11-2016,9.3482
121009,24-11-2016,9.3032
121009,01-12-2016,9.3644
121009,08-12-2016,9.3972
121009,15-12-2016,9.2127
121009,22-12-2016,9.2048
121009,29-12-2016,9.2177
121009,05-01-2017,9.1963
121009,12-01-2017,9.2118
121009,19-01-2017,9.0821
121009,26-01-2017,8.8801
121009,02-02-2017,8.8143
121009,09-02-2017,8.8378
121009,16-02-2017,8.6133
121009,23-02-2017,8.5586
121009,02-03-2017,8.4304
121009,09-03-2017,8.4174
121009,16-03-2017,8.5526
121009,23-03-2017,8.5412
121009,30-03-2017,8.5372
121009,06-04-2017,8.598
121009,13-04-2017,8.6029
121009,20-04-2017,8.5915
121009,27-04-2017,8.6586
121009,04-05-2017,8.6948
121009,11-05-2017,8.7183
121009,18-05-2017,8.7122
121009,25-05-2017,8.6915
121009,01-06-2017,8.7588
121009,08-06-2017,8.7387
121009,15-06-2017,8.8283
121009,22-06-2017,8.7578
121009,29-06-2017,8.8618
121009,06-07-2017,8.8988
121009,13-07-2017,8.8334
121009,20-07-2017,8.8729
121009,27-07-2017,8.8303
121009,03-08-2017,8.8362
121009,10-08-2017,8.8053
121009,17-08-2017,8.7995
121009,24-08-2017,8.8693
121009,31-08-2017,8.9096
121009,07-09-2017,8.833
121009,14-09-2017,8.761
121009,21-09-2017,8.7835
121009,28-09-2017,8.8111
121009,05-10-2017,8.7671
121009,12-10-2017,8.8822
121009,19-10-2017,8.9436
121009,26-10-2017,8.9024
121009,02-11-2017,8.8545
121009,09-11-2017,8.8419
121009,16-11-2017,8.822
121009,23-11-2017,8.9142
121009,30-11-2017,8.988
121009,07-12-2017,8.9941
121009,14-12-2017,9.0465
121009,21-12-2017,9.1096
121009,28-12-2017,9.1175
121009,04-01-2018,9.1505
121009,11-01-2018,9.1977
121009,18-01-2018,9.2373
121009,25-01-2018,9.1834
121009,01-02-2018,9.1373
121009,08-02-2018,9.1198
121009,15-02-2018,9.0719
121009,22-02-2018,8.9687
121009,01-03-2018,9.0207
121009,08-03-2018,9.0493
121009,15-03-2018,8.956
121009,22-03-2018,8.9423
121009,29-03-2018,8.9327
121009,05-04-2018,8.9493
121009,12-04-2018,8.8754
121009,19-04-2018,8.7828
121009,26-04-2018,8.8229
121009,03-05-2018,8.7181
121009,10-05-2018,8.7054
121009,17-05-2018,8.6861
121009,24-05-2018,8.6811
121009,31-05-2018,8.7021
121009,07-06-2018,8.8168
121009,14-06-2018,8.7076
121009,21-06-2018,8.7721
121009,28-06-2018,8.5993
121009,05-07-2018,8.6986
121009,12-07-2018,8.56
121009,19-07-2018,8.7302
121009,26-07-2018,8.7065
121009,02-08-2018,8.7998
121009,09-08-2018,8.8797
121009,16-08-2018,8.8522
121009,23-08-2018,8.8303
121009,30-08-2018,8.7747
121009,06-09-2018,8.8335
121009,13-09-2018,8.8071
121009,20-09-2018,8.7529
121009,27-09-2018,8.794
121009,04-10-2018,8.7344
121009,11-10-2018,8.7149
121009,18-10-2018,8.7259
121009,25-10-2018,8.6845
121009,01-11-2018,8.6539
121009,08-11-2018,8.7636
121009,15-11-2018,8.7528
121009,22-11-2018,8.7311
121009,29-11-2018,8.7223
121009,06-12-2018,8.7575
121009,13-12-2018,8.6886
121009,20-12-2018,8.7218
121009,27-12-2018,8.7431
121009,03-01-2019,8.6215
121009,10-01-2019,8.7487
121009,17-01-2019,8.8545
121009,24-01-2019,8.8013
121009,31-01-2019,8.7258
121009,07-02-2019,8.7452
121009,14-02-2019,8.6489
121009,21-02-2019,8.7468
121009,28-02-2019,8.7175
121009,07-03-2019,8.8341
121009,14-03-2019,8.7794
121009,21-03-2019,8.775
121009,28-03-2019,8.8675
121009,04-04-2019,8.8481
121009,11-04-2019,8.8709
121009,18-04-2019,8.952
121009,25-04-2019,8.9157
121009,02-05-2019,8.8293
121009,09-05-2019,8.7298
121009,16-05-2019,8.774
121009,23-05-2019,8.8048
121009,30-05-2019,8.8831
121009,06-06-2019,8.8672
121009,13-06-2019,8.7693
121009,20-06-2019,8.6077
121009,27-06-2019,8.8087
121009,04-07-2019,8.8493
121009,11-07-2019,8.8625
121009,18-07-2019,8.8858
121009,25-07-2019,8.7877
121009,01-08-2019,8.7353
121009,08-08-2019,8.8606
121009,15-08-2019,8.9108
121009,22-08-2019,8.86
121009,29-08-2019,8.7765
121009,05-09-2019,8.7438
121009,12-09-2019,8.7253
121009,19-09-2019,8.8718
121009,26-09-2019,8.862
121009,03-10-2019,8.7812
121009,10-10-2019,8.7806
121009,17-10-2019,8.8027
121009,24-10-2019,8.716
121009,31-10-2019,8.7475
121009,07-11-2019,8.8356
121009,14-11-2019,8.849
121009,21-11-2019,8.7961
121009,28-11-2019,8.7624
121009,05-12-2019,8.6496
121009,12-12-2019,8.6438
121009,19-12-2019,8.6688
121009,26-12-2019,8.6101
121009,02-01-2020,8.7471
121009,09-01-2020,8.806
121009,16-01-2020,8.6833
121009,23-01-2020,8.5636
121009,30-01-2020,8.4996
121009,06-02-2020,8.61
121009,13-02-2020,8.6748
121009,20-02-2020,8.791
121009,27-02-2020,8.7952
121009,05-03-2020,8.784
121009,12-03-2020,8.6998
121009,19-03-2020,8.7277
121009,26-03-2020,8.7174
121009,02-04-2020,8.7046
121009,09-04-2020,8.8207
121009,16-04-2020,8.8153
121009,23-04-2020,8.9127
121009,30-04-2020,8.8031
121009,07-05-2020,8.9959
121009,14-05-2020,8.9726
121009,21-05-2020,9.027
121009,28-05-2020,9.0931
121009,04-06-2020,9.0606
121009,11-06-2020,9.1236
121009,18-06-2020,9.1908
121009,25-06-2020,9.1421
121009,02-07-2020,9.0944
121009,09-07-2020,9.1014
121009,16-07-2020,9.0966
121009,23-07-2020,9.2016
121009,30-07-2020,9.257
121009,06-08-2020,9.2555
121009,13-08-2020,9.3041
121009,20-08-2020,9.1555
121009,27-08-2020,9.1141
121009,03-09-2020,9.1387
121009,10-09-2020,9.2239
121009,17-09-2020,9.2423
121009,24-09-2020,9.3538
121009,01-10-2020,9.4225
121009,08-10-2020,9.3895
121009,15-10-2020,9.3827
121009,22-10-2020,9.4171
121009,29-10-2020,9.3871
121009,05-11-2020,9.5059
121009,12-11-2020,9.4253
121009,19-11-2020,9.4529
121009,26-11-2020,9.5123
121009,03-12-2020,9.4923
121009,10-12-2020,9.4552
121009,17-12-2020,9.4532
121009,24-12-2020,9.5184
121009,31-12-2020,9.4841
121009,07-01-2021,9.4068
121009,14-01-2021,9.4972
121009,21-01-2021,9.5313
121009,28-01-2021,9.612
121009,04-02-2021,9.6742
121009,11-02-2021,9.8468
121009,18-02-2021,9.9386
121009,25-02-2021,9.885
121009,04-03-2021,9.9261
121009,11-03-2021,9.8858
121009,18-03-2021,9.8539
121009,25-03-2021,9.7464
121009,01-04-2021,9.728
121009,08-04-2021,9.7743
121009,15-04-2021,9.7731
121009,22-04-2021,9.691
121009,29-04-2021,9.5768
121009,06-05-2021,9.7425
121009,13-05-2021,9.7717
121009,20-05-2021,9.7112
121009,27-05-2021,9.751
121009,03-06-2021,9.9256
121009,10-06-2021,9.9789
121009,17-06-2021,9.7604
121009,24-06-2021,9.9714
121009,01-07-2021,9.8278
121009,08-07-2021,9.8156
121009,15-07-2021,9.7305
121009,22-07-2021,9.6768
121009,29-07-2021,9.7027
121009,05-08-2021,9.5458
121009,12-08-2021,9.5427
121009,19-08-2021,9.6341
121009,26-08-2021,9.573
121009,02-09-2021,9.4704
121009,09-09-2021,9.4636
121009,16-09-2021,9.4418
121009,23-09-2021,9.4006
121009,30-09-2021,9.315
121009,07-10-2021,9.3574
121009,14-10-2021,9.4057
121009,21-10-2021,9.3293
121009,28-10-2021,9.2638
121009,04-11-2021,9.2776
121009,11-11-2021,9.2097
121009,18-11-2021,9.2266
121009,25-11-2021,9.3386
121009,02-12-2021,9.3379
121009,09-12-2021,9.2509
121009,16-12-2021,9.2837
121009,23-12-2021,9.2742
121009,30-12-2021,9.2668
121009,06-01-2022,9.3057
121009,13-01-2022,9.3609
121009,20-01-2022,9.3673
121009,27-01-2022,9.3665
121009,03-02-2022,9.5248
121009,10-02-2022,9.6201
121009,17-02-2022,9.6881
121009,24-02-2022,9.7022
121009,03-03-2022,9.628
121009,10-03-2022,9.7187
121009,17-03-2022,9.7338
121009,24-03-2022,9.6927
121009,31-03-2022,9.6778
121009,07-04-2022,9.6068
121009,14-04-2022,9.6919
121009,21-04-2022,9.7488
121009,28-04-2022,9.7668
121009,05-05-2022,9.7674
121009,12-05-2022,9.7181
121009,19-05-2022,9.5564
121009,26-05-2022,9.4522
121009,02-06-2022,9.3998
121009,09-06-2022,9.3364
121009,16-06-2022,9.3618
121009,23-06-2022,9.4263
121009,30-06-2022,9.4204
121009,07-07-2022,9.5303
121009,14-07-2022,9.4745
121009,21-07-2022,9.468
121009,28-07-2022,9.4679
121009,04-08-2022,9.5544
121009,11-08-2022,9.5663
121009,18-08-2022,9.5804
121009,25-08-2022,9.4574
121009,01-09-2022,9.3931
121009,08-09-2022,9.4792
121009,15-09-2022,9.3256
121009,22-09-2022,9.4295
121009,29-09-2022,9.471
121009,06-10-2022,9.4181
121009,13-10-2022,9.3592
121009,20-10-2022,9.5049
121009,27-10-2022,9.616
121009,03-11-2022,9.6107
121009,10-11-2022,9.6249
121009,17-11-2022,9.579
121009,24-11-2022,9.5931
121009,01-12-2022,9.5453
121009,08-12-2022,9.5431
121009,15-12-2022,9.6851
121009,22-12-2022,9.6816
121009,29-12-2022,9.6043
121009,05-01-2023,9.5031
121009,12-01-2023,9.5166
121009,19-01-2023,9.4625
121009,26-01-2023,9.4849
121009,02-02-2023,9.3658
121009,09-02-2023,9.4213
121009,16-02-2023,9.3452
121009,23-02-2023,9.3524
121009,02-03-2023,9.3308
121009,09-03-2023,9.4628
121009,16-03-2023,9.4796
121009,23-03-2023,9.6309
121009,30-03-2023,9.6779
121009,06-04-2023,9.7922
121009,13-04-2023,9.7797
121009,20-04-2023,9.8107
121009,27-04-2023,9.9103
121009,04-05-2023,9.986
121009,11-05-2023,10.0324
121009,18-05-2023,10.0101
121009,25-05-2023,10.0014
121009,01-06-2023,10.0964
121009,08-06-2023,10.2091
121009,15-06-2023,10.1648
121009,22-06-2023,10.1084
121009,29-06-2023,10.0393
121009,06-07-2023,10.11
121009,13-07-2023,10.0388
121009,20-07-2023,10.1085
121009,27-07-2023,10.1567
121009,03-08-2023,10.1165
121009,10-08-2023,10.2471
121009,17-08-2023,10.1313
121009,24-08-2023,10.2699
121009,31-08-2023,10.3002
121009,07-09-2023,10.1334
121009,14-09-2023,10.2665
121009,21-09-2023,10.3505
121009,28-09-2023,10.3192
121009,05-10-2023,10.2437
121009,12-10-2023,10.1192
121009,19-10-2023,10.3188
121009,26-10-2023,10.2467
121009,02-11-2023,10.1472
121009,09-11-2023,10.173
121009,16-11-2023,10.0438
121009,23-11-2023,9.9689
121009,30-11-2023,10.0522
121009,07-12-2023,10.0936
121009,14-12-2023,10.0664
121009,21-12-2023,10.0719
121009,28-12-2023,10.0403
121009,04-01-2024,10.0393
121009,11-01-2024,9.9822
121009,18-01-2024,9.9398
121009,25-01-2024,9.8952
121009,01-02-2024,9.8417
121009,08-02-2024,9.9279
121009,15-02-2024,9.993
121009,22-02-2024,9.9225
121009,29-02-2024,9.8316
121009,07-03-2024,9.8232
121009,14-03-2024,9.9965
121009,21-03-2024,9.9183
121009,28-03-2024,9.9095
121009,04-04-2024,9.9205
121009,11-04-2024,9.9158
121009,18-04-2024,9.8834
121009,25-04-2024,9.9787
121009,02-05-2024,10.019
121009,09-05-2024,10.0908
121009,16-05-2024,10.1424
121009,23-05-2024,10.219
121009,30-05-2024,10.3526
121009,06-06-2024,10.467
121009,13-06-2024,10.6659
121009,20-06-2024,10.774
121009,27-06-2024,10.7206
121009,04-07-2024,10.7976
121009,11-07-2024,10.8632
121009,18-07-2024,11.0345
121009,25-07-2024,10.9535
121010,01-01-2015,10.0486
121010,08-01-2015,9.9979
121010,15-01-2015,10.0429
121010,22-01-2015,10.0297
121010,29-01-2015,10.0721
121010,05-02-2015,9.9625
121010,12-02-2015,10.0297
121010,19-02-2015,10.0503
121010,26-02-2015,10.0665
121010,05-03-2015,10.2276
121010,12-03-2015,10.2004
121010,19-03-2015,10.2324
121010,26-03-2015,10.2447
121010,02-04-2015,10.2651
121010,09-04-2015,10.4516
121010,16-04-2015,10.4611
121010,23-04-2015,10.4178
121010,30-04-2015,10.5779
121010,07-05-2015,10.5561
121010,14-05-2015,10.4248
121010,21-05-2015,10.3672
121010,28-05-2015,10.2679
121010,04-06-2015,10.1242
121010,11-06-2015,10.0988
121010,18-06-2015,10.0972
121010,25-06-2015,10.1966
121010,02-07-2015,10.252
121010,09-07-2015,10.304
121010,16-07-2015,10.2345
121010,23-07-2015,10.3111
121010,30-07-2015,10.4299
121010,06-08-2015,10.467
121010,13-08-2015,10.5066
121010,20-08-2015,10.4045
121010,27-08-2015,10.4964
121010,03-09-2015,10.6502
121010,10-09-2015,10.6819
121010,17-09-2015,10.6354
121010,24-09-2015,10.6259
121010,01-10-2015,10.5944
121010,08-10-2015,10.5681
121010,15-10-2015,10.6271
121010,22-10-2015,10.6551
121010,29-10-2015,10.745
121010,05-11-2015,10.7811
121010,12-11-2015,10.7109
121010,19-11-2015,10.6723
121010,26-11-2015,10.6285
121010,03-12-2015,10.6169
121010,10-12-2015,10.7736
121010,17-12-2015,10.9464
121010,24-12-2015,11.024
121010,31-12-2015,11.0389
121010,07-01-2016,10.9231
121010,14-01-2016,10.9467
121010,21-01-2016,10.8819
121010,28-01-2016,11.0282
121010,04-02-2016,10.8909
121010,11-02-2016,10.9287
121010,18-02-2016,10.8567
121010,25-02-2016,10.8602
121010,03-03-2016,10.9224
121010,10-03-2016,11.0161
121010,17-03-2016,11.0151
121010,24-03-2016,11.0866
121010,31-03-2016,11.0323
121010,07-04-2016,11.0584
121010,14-04-2016,11.1515
121010,21-04-2016,11.1856
121010,28-04-2016,11.1427
121010,05-05-2016,11.1222
121010,12-05-2016,11.2171
121010,19-05-2016,11.1236
121010,26-05-2016,11.044
121010,02-06-2016,11.1016
121010,09-06-2016,11.067
121010,16-06-2016,10.9428
121010,23-06-2016,11.0654
121010,30-06-2016,10.9725
121010,07-07-2016,10.9594
121010,14-07-2016,10.9094
121010,21-07-2016,10.8878
121010,28-07-2016,10.8151
121010,04-08-2016,10.8813
121010,11-08-2016,10.8953
121010,18-08-2016,10.9853
121010,25-08-2016,10.9362
121010,01-09-2016,11.1272
121010,08-09-2016,10.9621
121010,15-09-2016,10.8275
121010,22-09-2016,10.9837
121010,29-09-2016,11.0297
121010,06-10-2016,11.0642
121010,13-10-2016,11.1068
121010,20-10-2016,11.162
121010,27-10-2016,11.1933
121010,03-11-2016,11.1113
121010,10-11-2016,11.1884
121010,17-11-2016,11.252
121010,24-11-2016,11.3851
121010,01-12-2016,11.5504
121010,08-12-2016,11.5855
121010,15-12-2016,11.4764
121010,22-12-2016,11.6437
121010,29-12-2016,11.5535
121010,05-01-2017,11.5894
121010,12-01-2017,11.5702
121010,19-01-2017,11.535
121010,26-01-2017,11.6101
121010,02-02-2017,11.6375
121010,09-02-2017,11.6899
121010,16-02-2017,11.6183
121010,23-02-2017,11.6068
121010,02-03-2017,11.54
121010,09-03-2017,11.5262
121010,16-03-2017,11.5199
121010,23-03-2017,11.6944
121010,30-03-2017,11.6749
121010,06-04-2017,11.481
121010,13-04-2017,11.6137
121010,20-04-2017,11.6601
121010,27-04-2017,11.6526
121010,04-05-2017,11.6165
121010,11-05-2017,11.5331
121010,18-05-2017,11.7165
121010,25-05-2017,11.7261
121010,01-06-2017,11.5678
121010,08-06-2017,11.6027
121010,15-06-2017,11.7193
121010,22-06-2017,11.7387
121010,29-06-2017,11.6587
121010,06-07-2017,11.5709
121010,13-07-2017,11.4906
121010,20-07-2017,11.6351
121010,27-07-2017,11.6331
121010,03-08-2017,11.4815
121010,10-08-2017,11.5214
121010,17-08-2017,11.539
121010,24-08-2017,11.5022
121010,31-08-2017,11.4129
121010,07-09-2017,11.3203
121010,14-09-2017,11.4232
121010,21-09-2017,11.4504
121010,28-09-2017,11.4989
121010,05-10-2017,11.526
121010,12-10-2017,11.5608
121010,19-10-2017,11.5221
121010,26-10-2017,11.5077
121010,02-11-2017,11.6196
121010,09-11-2017,11.7557
121010,16-11-2017,11.6455
121010,23-11-2017,11.6308
121010,30-11-2017,11.7135
121010,07-12-2017,11.8946
121010,14-12-2017,12.0689
121010,21-12-2017,11.9969
121010,28-12-2017,12.124
121010,04-01-2018,12.1346
121010,11-01-2018,12.2408
121010,18-01-2018,12.3229
121010,25-01-2018,12.2032
121010,01-02-2018,12.2618
121010,08-02-2018,12.3654
121010,15-02-2018,12.3683
121010,22-02-2018,12.3489
121010,01-03-2018,12.1986
121010,08-03-2018,12.2702
121010,15-03-2018,12.2956
121010,22-03-2018,12.2098
121010,29-03-2018,12.1828
121010,05-04-2018,12.2028
121010,12-04-2018,12.1531
121010,19-04-2018,12.1582
121010,26-04-2018,11.9929
121010,03-05-2018,12.1271
121010,10-05-2018,12.1335
121010,17-05-2018,12.0317
121010,24-05-2018,11.7997
121010,31-05-2018,11.9016
121010,07-06-2018,11.9595
121010,14-06-2018,11.9844
121010,21-06-2018,12.072
121010,28-06-2018,12.16
121010,05-07-2018,12.1838
121010,12-07-2018,12.1639
121010,19-07-2018,12.1282
121010,26-07-2018,12.1738
121010,02-08-2018,12.3148
121010,09-08-2018,12.3096
121010,16-08-2018,12.4599
121010,23-08-2018,12.5021
121010,30-08-2018,12.5451
121010,06-09-2018,12.7915
121010,13-09-2018,12.9658
121010,20-09-2018,13.1451
121010,27-09-2018,13.0665
121010,04-10-2018,13.3008
121010,11-10-2018,13.2974
121010,18-10-2018,13.2785
121010,25-10-2018,13.0545
121010,01-11-2018,13.0938
121010,08-11-2018,12.9855
121010,15-11-2018,13.0331
121010,22-11-2018,12.9172
121010,29-11-2018,13.1082
121010,06-12-2018,13.1713
121010,13-12-2018,13.4168
121010,20-12-2018,13.3123
121010,27-12-2018,13.4826
121010,03-01-2019,13.2936
121010,10-01-2019,13.321
121010,17-01-2019,13.259
121010,24-01-2019,13.2168
121010,31-01-2019,13.1675
121010,07-02-2019,13.0764
121010,14-02-2019,12.9499
121010,21-02-2019,12.9092
121010,28-02-2019,12.9264
121010,07-03-2019,13.0519
121010,14-03-2019,13.0879
121010,21-03-2019,13.2153
121010,28-03-2019,13.0643
121010,04-04-2019,13.0243
121010,11-04-2019,13.1036
121010,18-04-2019,13.1448
121010,25-04-2019,13.0595
121010,02-05-2019,13.1623
121010,09-05-2019,13.1116
121010,16-05-2019,13.0353
121010,23-05-2019,13.0913
121010,30-05-2019,13.0972
121010,06-06-2019,13.0477
121010,13-06-2019,12.9948
121010,20-06-2019,12.8887
121010,27-06-2019,12.8531
121010,04-07-2019,12.9713
121010,11-07-2019,13.0019
121010,18-07-2019,13.1068
121010,25-07-2019,13.1662
121010,01-08-2019,13.1069
121010,08-08-2019,12.9393
121010,15-08-2019,12.8485
121010,22-08-2019,12.7846
121010,29-08-2019,12.7132
121010,05-09-2019,12.8181
121010,12-09-2019,12.9227
121010,19-09-2019,13.1565
121010,26-09-2019,13.0814
121010,03-10-2019,13.2538
121010,10-10-2019,13.4279
121010,17-10-2019,13.4083
121010,24-10-2019,13.4644
121010,31-10-2019,13.6035
121010,07-11-2019,13.6025
121010,14-11-2019,13.5931
121010,21-11-2019,13.5303
121010,28-11-2019,13.2803
121010,05-12-2019,13.2931
121010,12-12-2019,13.2229
121010,19-12-2019,13.1144
121010,26-12-2019,13.164
121010,02-01-2020,13.0164
121010,09-01-2020,13.1055
121010,16-01-2020,13.1615
121010,23-01-2020,13.1246
121010,30-01-2020,13.1232
121010,06-02-2020,13.0035
121010,13-02-2020,13.0868
121010,20-02-2020,13.1116
121010,27-02-2020,13.1443
121010,05-03-2020,13.2024
121010,12-03-2020,13.1398
121010,19-03-2020,12.9854
121010,26-03-2020,13.09
121010,02-04-2020,13.1674
121010,09-04-2020,13.1162
121010,16-04-2020,13.1644
121010,23-04-2020,13.3022
121010,30-04-2020,13.4287
121010,07-05-2020,13.3734
121010,14-05-2020,13.2195
121010,21-05-2020,13.0854
121010,28-05-2020,13.058
121010,04-06-2020,13.216
121010,11-06-2020,13.1443
121010,18-06-2020,13.0868
121010,25-06-2020,13.0275
121010,02-07-2020,12.9773
121010,09-07-2020,12.9813
121010,16-07-2020,12.8536
121010,23-07-2020,12.9702
121010,30-07-2020,12.9604
121010,06-08-2020,13.2226
121010,13-08-2020,13.1038
121010,20-08-2020,13.2757
121010,27-08-2020,13.4287
121010,03-09-2020,13.3899
121010,10-09-2020,13.3529
121010,17-09-2020,13.2598
121010,24-09-2020,13.1686
121010,01-10-2020,13.1738
121010,08-10-2020,13.1813
121010,15-10-2020,13.0176
121010,22-10-2020,13.2616
121010,29-10-2020,13.2394
121010,05-11-2020,13.2517
121010,12-11-2020,13.1906
121010,19-11-2020,13.1677
121010,26-11-2020,13.1352
121010,03-12-2020,13.1402
121010,10-12-2020,13.1439
121010,17-12-2020,13.2338
121010,24-12-2020,13.2632
121010,31-12-2020,13.3432
121010,07-01-2021,13.3475
121010,14-01-2021,13.3775
121010,21-01-2021,13.357
121010,28-01-2021,13.4696
121010,04-02-2021,13.5097
121010,11-02-2021,13.498
121010,18-02-2021,13.4831
121010,25-02-2021,13.4768
121010,04-03-2021,13.4854
121010,11-03-2021,13.4847
121010,18-03-2021,13.4299
121010,25-03-2021,13.5174
121010,01-04-2021,13.6124
121010,08-04-2021,13.8121
121010,15-04-2021,13.7509
121010,22-04-2021,13.8297
121010,29-04-2021,13.624
121010,06-05-2021,13.7198
121010,13-05-2021,13.5654
121010,20-05-2021,13.464
121010,27-05-2021,13.5052
121010,03-06-2021,13.4435
121010,10-06-2021,13.3673
121010,17-06-2021,13.3208
121010,24-06-2021,13.4039
121010,01-07-2021,13.3092
121010,08-07-2021,13.3087
121010,15-07-2021,13.2738
121010,22-07-2021,13.3661
121010,29-07-2021,13.4621
121010,05-08-2021,13.2699
121010,12-08-2021,13.3861
121010,19-08-2021,13.3261
121010,26-08-2021,13.3566
121010,02-09-2021,13.2616
121010,09-09-2021,13.3063
121010,16-09-2021,13.5832
121010,23-09-2021,13.6025
121010,30-09-2021,13.5579
121010,07-10-2021,13.5381
121010,14-10-2021,13.3844
121010,21-10-2021,13.5449
121010,28-10-2021,13.5842
121010,04-11-2021,13.4757
121010,11-11-2021,13.3715
121010,18-11-2021,13.3785
121010,25-11-2021,13.4836
121010,02-12-2021,13.3648
121010,09-12-2021,13.4892
121010,16-12-2021,13.4847
121010,23-12-2021,13.3898
121010,30-12-2021,13.345
121010,06-01-2022,13.537
121010,13-01-2022,13.3921
121010,20-01-2022,13.3191
121010,27-01-2022,13.4259
121010,03-02-2022,13.4545
121010,10-02-2022,13.3747
121010,17-02-2022,13.4833
121010,24-02-2022,13.5979
121010,03-03-2022,13.6394
121010,10-03-2022,13.578
121010,17-03-2022,13.5337
121010,24-03-2022,13.5699
121010,31-03-2022,13.4329
121010,07-04-2022,13.581
121010,14-04-2022,13.7711
121010,21-04-2022,13.7506
121010,28-04-2022,13.7953
121010,05-05-2022,13.9317
121010,12-05-2022,14.1552
121010,19-05-2022,14.3372
121010,26-05-2022,14.1439
121010,02-06-2022,14.1138
121010,09-06-2022,14.176
121010,16-06-2022,14.1256
121010,23-06-2022,14.3327
121010,30-06-2022,14.5253
121010,07-07-2022,14.4363
121010,14-07-2022,14.4233
121010,21-07-2022,14.3426
121010,28-07-2022,14.3259
121010,04-08-2022,14.3058
121010,11-08-2022,14.4208
121010,18-08-2022,14.324
121010,25-08-2022,14.0299
121010,01-09-2022,13.8554
121010,08-09-2022,13.747
121010,15-09-2022,13.6804
121010,22-09-2022,13.7063
121010,29-09-2022,13.5934
121010,06-10-2022,13.4672
121010,13-10-2022,13.3724
121010,20-10-2022,13.2584
121010,27-10-2022,13.2049
121010,03-11-2022,13.1471
121010,10-11-2022,13.2248
121010,17-11-2022,13.1254
121010,24-11-2022,13.0931
121010,01-12-2022,13.0413
121010,08-12-2022,13.1309
121010,15-12-2022,13.1199
121010,22-12-2022,13.2354
121010,29-12-2022,13.1187
121010,05-01-2023,13.1188
121010,12-01-2023,13.0636
121010,19-01-2023,12.9407
121010,26-01-2023,12.9389
121010,02-02-2023,13.1234
121010,09-02-2023,13.0391
121010,16-02-2023,13.0311
121010,23-02-2023,12.8995
121010,02-03-2023,12.754
121010,09-03-2023,12.6788
121010,16-03-2023,12.6382
121010,23-03-2023,12.6023
121010,30-03-2023,12.5845
121010,06-04-2023,12.4236
121010,13-04-2023,12.3664
121010,20-04-2023,12.421
121010,27-04-2023,12.291
121010,04-05-2023,12.261
121010,11-05-2023,12.2946
121010,18-05-2023,12.2226
121010,25-05-2023,12.2609
121010,01-06-2023,12.1166
121010,08-06-2023,12.2075
121010,15-06-2023,12.2481
121010,22-06-2023,12.2585
121010,29-06-2023,12.3737
121010,06-07-2023,12.3461
121010,13-07-2023,12.29
121010,20-07-2023,12.4298
121010,27-07-2023,12.6178
121010,03-08-2023,12.5529
121010,10-08-2023,12.5465
121010,17-08-2023,12.6564
121010,24-08-2023,12.6536
121010,31-08-2023,12.7188
121010,07-09-2023,12.8033
121010,14-09-2023,12.7508
121010,21-09-2023,12.7987
121010,28-09-2023,12.8032
121010,05-10-2023,12.6837
121010,12-10-2023,12.5883
121010,19-10-2023,12.5277
121010,26-10-2023,12.6257
121010,02-11-2023,12.7279
121010,09-11-2023,12.8093
121010,16-11-2023,12.8595
121010,23-11-2023,12.9072
121010,30-11-2023,12.941
121010,07-12-2023,12.9884
121010,14-12-2023,13.0429
121010,21-12-2023,12.9016
121010,28-12-2023,12.8252
121010,04-01-2024,12.7248
121010,11-01-2024,12.8426
121010,18-01-2024,13.0177
121010,25-01-2024,12.797
121010,01-02-2024,12.9623
121010,08-02-2024,12.9765
121010,15-02-2024,13.0868
121010,22-02-2024,13.1451
121010,29-02-2024,13.3018
121010,07-03-2024,13.3294
121010,14-03-2024,13.1894
121010,21-03-2024,13.1835
121010,28-03-2024,13.2431
121010,04-04-2024,13.2256
121010,11-04-2024,13.3004
121010,18-04-2024,13.2988
121010,25-04-2024,13.2407
121010,02-05-2024,13.131
121010,09-05-2024,13.0951
121010,16-05-2024,13.1218
121010,23-05-2024,12.9213
121010,30-05-2024,12.8459
121010,06-06-2024,12.6458
121010,13-06-2024,12.5884
121010,20-06-2024,12.714
121010,27-06-2024,12.5985
121010,04-07-2024,12.6744
121010,11-07-2024,12.9683
121010,18-07-2024,13.1243
121010,25-07-2024,13.1436
121011,01-01-2015,10.0727
121011,08-01-2015,9.9663
121011,15-01-2015,9.8449
121011,22-01-2015,9.8511
121011,29-01-2015,9.8864
121011,05-02-2015,9.9769
121011,12-02-2015,9.9355
121011,19-02-2015,9.9549
121011,26-02-2015,9.9715
121011,05-03-2015,9.965
121011,12-03-2015,9.9632
121011,19-03-2015,9.8991
121011,26-03-2015,9.9252
121011,02-04-2015,9.9447
121011,09-04-2015,9.9136
121011,16-04-2015,9.9704
121011,23-04-2015,10.0564
121011,30-04-2015,10.1149
121011,07-05-2015,10.0346
121011,14-05-2015,10.0466
121011,21-05-2015,9.9774
121011,28-05-2015,9.9891
121011,04-06-2015,9.9205
121011,11-06-2015,10.0259
121011,18-06-2015,10.0927
121011,25-06-2015,10.1898
121011,02-07-2015,10.2797
121011,09-07-2015,10.2615
121011,16-07-2015,10.2307
121011,23-07-2015,10.3773
121011,30-07-2015,10.3678
121011,06-08-2015,10.2596
121011,13-08-2015,10.3464
121011,20-08-2015,10.3624
121011,27-08-2015,10.4914
121011,03-09-2015,10.516
121011,10-09-2015,10.5185
121011,17-09-2015,10.6511
121011,24-09-2015,10.5243
121011,01-10-2015,10.4792
121011,08-10-2015,10.409
121011,15-10-2015,10.2304
121011,22-10-2015,10.3059
121011,29-10-2015,10.2641
121011,05-11-2015,10.3426
121011,12-11-2015,10.3789
121011,19-11-2015,10.4334
121011,26-11-2015,10.3996
121011,03-12-2015,10.3402
121011,10-12-2015,10.3517
121011,17-12-2015,10.432
121011,24-12-2015,10.432
121011,31-12-2015,10.3776
121011,07-01-2016,10.2822
121011,14-01-2016,10.3031
121011,21-01-2016,10.2615
121011,28-01-2016,10.2598
121011,04-02-2016,10.2443
121011,11-02-2016,10.2119
121011,18-02-2016,10.24
121011,25-02-2016,10.2895
121011,03-03-2016,10.4554
121011,10-03-2016,10.523
121011,17-03-2016,10.6614
121011,24-03-2016,10.5958
121011,31-03-2016,10.4644
121011,07-04-2016,10.4673
121011,14-04-2016,10.5434
121011,21-04-2016,10.6067
121011,28-04-2016,10.7138
121011,05-05-2016,10.5006
121011,12-05-2016,10.6101
121011,19-05-2016,10.6428
121011,26-05-2016,10.5156
121011,02-06-2016,10.5807
121011,09-06-2016,10.5993
121011,16-06-2016,10.6358
121011,23-06-2016,10.7251
121011,30-06-2016,10.7663
121011,07-07-2016,10.6438
121011,14-07-2016,10.6358
121011,21-07-2016,10.5025
121011,28-07-2016,10.5612
121011,04-08-2016,10.6835
121011,11-08-2016,10.5817
121011,18-08-2016,10.5291
121011,25-08-2016,10.459
121011,01-09-2016,10.4252
121011,08-09-2016,10.4637
121011,15-09-2016,10.4308
121011,22-09-2016,10.4895
121011,29-09-2016,10.5831
121011,06-10-2016,10.6806
121011,13-10-2016,10.5893
121011,20-10-2016,10.7109
121011,27-10-2016,10.8409
121011,03-11-2016,10.9799
121011,10-11-2016,10.9704
121011,17-11-2016,10.9088
121011,24-11-2016,10.8273
121011,01-12-2016,10.7362
121011,08-12-2016,10.7414
121011,15-12-2016,10.8186
121011,22-12-2016,10.936
121011,29-12-2016,10.8979
121011,05-01-2017,10.8989
121011,12-01-2017,10.8942
121011,19-01-2017,10.8432
121011,26-01-2017,10.9113
121011,02-02-2017,10.9474
121011,09-02-2017,10.9642
121011,16-02-2017,11.0
121011,23-02-2017,11.0585
121011,02-03-2017,11.1165
121011,09-03-2017,11.0464
121011,16-03-2017,11.13
121011,23-03-2017,11.1572
121011,30-03-2017,11.1229
121011,06-04-2017,11.1482
121011,13-04-2017,11.1834
121011,20-04-2017,11.2846
121011,27-04-2017,11.1947
121011,04-05-2017,11.3178
121011,11-05-2017,11.3244
121011,18-05-2017,11.2831
121011,25-05-2017,11.2392
121011,01-06-2017,11.1536
121011,08-06-2017,11.0028
121011,15-06-2017,11.0668
121011,22-06-2017,11.2466
121011,29-06-2017,11.1056
121011,06-07-2017,11.0256
121011,13-07-2017,11.0963
121011,20-07-2017,11.0966
121011,27-07-2017,11.1752
121011,03-08-2017,11.1705
121011,10-08-2017,11.1231
121011,17-08-2017,11.1075
121011,24-08-2017,10.9002
121011,31-08-2017,10.8049
121011,07-09-2017,10.8912
121011,14-09-2017,10.9994
121011,21-09-2017,11.1275
121011,28-09-2017,11.1712
121011,05-10-2017,10.9741
121011,12-10-2017,10.9227
121011,19-10-2017,11.0428
121011,26-10-2017,11.1906
121011,02-11-2017,11.3171
121011,09-11-2017,11.3002
121011,16-11-2017,11.1866
121011,23-11-2017,11.1875
121011,30-11-2017,11.1933
121011,07-12-2017,11.3379
121011,14-12-2017,11.3631
121011,21-12-2017,11.3692
121011,28-12-2017,11.3804
121011,04-01-2018,11.4214
121011,11-01-2018,11.4832
121011,18-01-2018,11.4212
121011,25-01-2018,11.3292
121011,01-02-2018,11.4579
121011,08-02-2018,11.3121
121011,15-02-2018,11.4648
121011,22-02-2018,11.2941
121011,01-03-2018,11.2458
121011,08-03-2018,11.3378
121011,15-03-2018,11.3423
121011,22-03-2018,11.2274
121011,29-03-2018,11.2702
121011,05-04-2018,11.2808
121011,12-04-2018,11.2658
121011,19-04-2018,11.2141
121011,26-04-2018,11.2154
121011,03-05-2018,11.1677
121011,10-05-2018,11.3897
121011,17-05-2018,11.3724
121011,24-05-2018,11.3429
121011,31-05-2018,11.2983
121011,07-06-2018,11.4634
121011,14-06-2018,11.3177
121011,21-06-2018,11.3548
121011,28-06-2018,11.3376
121011,05-07-2018,11.213
121011,12-07-2018,11.144
121011,19-07-2018,11.1767
121011,26-07-2018,11.1039
121011,02-08-2018,11.1314
121011,09-08-2018,11.2899
121011,16-08-2018,11.3098
121011,23-08-2018,11.1828
121011,30-08-2018,11.1115
121011,06-09-2018,11.0906
121011,13-09-2018,11.0638
121011,20-09-2018,11.0816
121011,27-09-2018,11.1138
121011,04-10-2018,11.2721
121011,11-10-2018,11.2763
121011,18-10-2018,11.1768
121011,25-10-2018,11.2845
121011,01-11-2018,11.403
121011,08-11-2018,11.4288
121011,15-11-2018,11.4108
121011,22-11-2018,11.4722
121011,29-11-2018,11.4574
121011,06-12-2018,11.2736
121011,13-12-2018,11.3289
121011,20-12-2018,11.4143
121011,27-12-2018,11.5505
121011,03-01-2019,11.4876
121011,10-01-2019,11.5129
121011,17-01-2019,11.5404
121011,24-01-2019,11.5529
121011,31-01-2019,11.5681
121011,07-02-2019,11.5762
121011,14-02-2019,11.6004
121011,21-02-2019,11.6738
121011,28-02-2019,11.7924
121011,07-03-2019,11.7258
121011,14-03-2019,11.7143
121011,21-03-2019,11.6794
121011,28-03-2019,11.6312
121011,04-04-2019,11.4855
121011,11-04-2019,11.4923
121011,18-04-2019,11.541
121011,25-04-2019,11.5313
121011,02-05-2019,11.5351
121011,09-05-2019,11.5783
121011,16-05-2019,11.7136
121011,23-05-2019,11.679
121011,30-05-2019,11.5742
121011,06-06-2019,11.5704
121011,13-06-2019,11.7494
121011,20-06-2019,11.645
121011,27-06-2019,11.7102
121011,04-07-2019,11.8234
121011,11-07-2019,11.6044
121011,18-07-2019,11.6471
121011,25-07-2019,11.708
121011,01-08-2019,11.6876
121011,08-08-2019,11.6318
121011,15-08-2019,11.5815
121011,22-08-2019,11.5557
121011,29-08-2019,11.5324
121011,05-09-2019,11.4917
121011,12-09-2019,11.4647
121011,19-09-2019,11.5785
121011,26-09-2019,11.4706
121011,03-10-2019,11.3147
121011,10-10-2019,11.4285
121011,17-10-2019,11.4155
121011,24-10-2019,11.3846
121011,31-10-2019,11.379
121011,07-11-2019,11.4026
121011,14-11-2019,11.3594
121011,21-11-2019,11.4099
121011,28-11-2019,11.3266
121011,05-12-2019,11.3038
121011,12-12-2019,11.1081
121011,19-12-2019,11.2167
121011,26-12-2019,11.2054
121011,02-01-2020,11.2699
121011,09-01-2020,11.3174
121011,16-01-2020,11.3717
121011,23-01-2020,11.3755
121011,30-01-2020,11.4154
121011,06-02-2020,11.3322
121011,13-02-2020,11.2305
121011,20-02-2020,11.226
121011,27-02-2020,11.1694
121011,05-03-2020,11.3012
121011,12-03-2020,11.3397
121011,19-03-2020,11.2792
121011,26-03-2020,11.2592
121011,02-04-2020,11.2757
121011,09-04-2020,11.2741
121011,16-04-2020,11.3031
121011,23-04-2020,11.3138
121011,30-04-2020,11.1925
121011,07-05-2020,11.0044
121011,14-05-2020,10.9759
121011,21-05-2020,11.0295
121011,28-05-2020,11.0019
121011,04-06-2020,11.1152
121011,11-06-2020,11.1154
121011,18-06-2020,11.2406
121011,25-06-2020,11.3487
121011,02-07-2020,11.4486
121011,09-07-2020,11.343
121011,16-07-2020,11.3491
121011,23-07-2020,11.4646
121011,30-07-2020,11.4942
121011,06-08-2020,11.5498
121011,13-08-2020,11.4262
121011,20-08-2020,11.6061
121011,27-08-2020,11.5373
121011,03-09-2020,11.3578
121011,10-09-2020,11.3305
121011,17-09-2020,11.1131
121011,24-09-2020,11.0211
121011,01-10-2020,11.2511
121011,08-10-2020,11.2214
121011,15-10-2020,11.0977
121011,22-10-2020,11.1044
121011,29-10-2020,11.0291
121011,05-11-2020,11.1098
121011,12-11-2020,11.0352
121011,19-11-2020,11.0635
121011,26-11-2020,10.9664
121011,03-12-2020,11.1988
121011,10-12-2020,11.2484
121011,17-12-2020,11.2398
121011,24-12-2020,11.2179
121011,31-12-2020,11.1727
121011,07-01-2021,11.1092
121011,14-01-2021,11.0436
121011,21-01-2021,11.1963
121011,28-01-2021,11.1512
121011,04-02-2021,10.9657
121011,11-02-2021,10.8678
121011,18-02-2021,10.9528
121011,25-02-2021,10.9351
121011,04-03-2021,10.9278
121011,11-03-2021,11.0344
121011,18-03-2021,10.9702
121011,25-03-2021,11.0301
121011,01-04-2021,10.9756
121011,08-04-2021,11.0305
121011,15-04-2021,11.0004
121011,22-04-2021,10.9836
121011,29-04-2021,11.06
121011,06-05-2021,11.1306
121011,13-05-2021,11.1204
121011,20-05-2021,11.0829
121011,27-05-2021,11.2291
121011,03-06-2021,11.2865
121011,10-06-2021,11.2557
121011,17-06-2021,11.2014
121011,24-06-2021,11.2977
121011,01-07-2021,11.3127
121011,08-07-2021,11.3024
121011,15-07-2021,11.3173
121011,22-07-2021,11.3524
121011,29-07-2021,11.3518
121011,05-08-2021,11.4657
121011,12-08-2021,11.5858
121011,19-08-2021,11.6397
121011,26-08-2021,11.7724
121011,02-09-2021,11.7779
121011,09-09-2021,11.8476
121011,16-09-2021,11.9476
121011,23-09-2021,12.0498
121011,30-09-2021,12.1429
121011,07-10-2021,12.209
121011,14-10-2021,12.4051
121011,21-10-2021,12.3565
121011,28-10-2021,12.3461
121011,04-11-2021,12.3298
121011,11-11-2021,12.2985
121011,18-11-2021,12.1077
121011,25-11-2021,12.2457
121011,02-12-2021,12.1501
121011,09-12-2021,12.1715
121011,16-12-2021,12.0379
121011,23-12-2021,12.1025
121011,30-12-2021,12.0313
121011,06-01-2022,11.9268
121011,13-01-2022,11.9501
121011,20-01-2022,11.8879
121011,27-01-2022,11.838
121011,03-02-2022,11.859
121011,10-02-2022,11.9397
121011,17-02-2022,11.8663
121011,24-02-2022,11.7769
121011,03-03-2022,11.7838
121011,10-03-2022,11.8394
121011,17-03-2022,11.9827
121011,24-03-2022,11.8848
121011,31-03-2022,11.8593
121011,07-04-2022,11.9756
121011,14-04-2022,12.1694
121011,21-04-2022,12.0776
121011,28-04-2022,12.011
121011,05-05-2022,12.0525
121011,12-05-2022,12.0016
121011,19-05-2022,11.9335
121011,26-05-2022,11.9616
121011,02-06-2022,12.1146
121011,09-06-2022,11.9926
121011,16-06-2022,12.1411
121011,23-06-2022,12.0902
121011,30-06-2022,12.1284
121011,07-07-2022,12.2876
121011,14-07-2022,12.3245
121011,21-07-2022,12.3001
121011,28-07-2022,12.3757
121011,04-08-2022,12.3635
121011,11-08-2022,12.42
121011,18-08-2022,12.4047
121011,25-08-2022,12.4951
121011,01-09-2022,12.3607
121011,08-09-2022,12.2654
121011,15-09-2022,12.1321
121011,22-09-2022,12.1315
121011,29-09-2022,11.9879
121011,06-10-2022,11.9263
121011,13-10-2022,11.8254
121011,20-10-2022,11.9702
121011,27-10-2022,11.8801
121011,03-11-2022,11.7625
121011,10-11-2022,11.7906
121011,17-11-2022,11.9544
121011,24-11-2022,11.9481
121011,01-12-2022,11.9492
121011,08-12-2022,12.0774
121011,15-12-2022,12.1671
121011,22-12-2022,12.2133
121011,29-12-2022,12.1613
121011,05-01-2023,12.2105
121011,12-01-2023,12.0825
121011,19-01-2023,12.0271
121011,26-01-2023,12.1696
121011,02-02-2023,12.3012
121011,09-02-2023,12.3492
121011,16-02-2023,12.1635
121011,23-02-2023,12.0508
121011,02-03-2023,11.9901
121011,09-03-2023,11.9785
121011,16-03-2023,11.8634
121011,23-03-2023,11.8448
121011,30-03-2023,12.017
121011,06-04-2023,12.0603
121011,13-04-2023,12.0863
121011,20-04-2023,11.9927
121011,27-04-2023,11.8403
121011,04-05-2023,11.7287
121011,11-05-2023,11.5758
121011,18-05-2023,11.5874
121011,25-05-2023,11.6276
121011,01-06-2023,11.5424
121011,08-06-2023,11.5607
121011,15-06-2023,11.7012
121011,22-06-2023,11.8892
121011,29-06-2023,11.9672
121011,06-07-2023,11.9552
121011,13-07-2023,12.0306
121011,20-07-2023,12.1655
121011,27-07-2023,11.975
121011,03-08-2023,12.1218
121011,10-08-2023,12.0738
121011,17-08-2023,12.027
121011,24-08-2023,11.9977
121011,31-08-2023,12.0332
121011,07-09-2023,11.931
121011,14-09-2023,11.9086
121011,21-09-2023,11.9634
121011,28-09-2023,11.9891
121011,05-10-2023,12.0304
121011,12-10-2023,12.0041
121011,19-10-2023,12.0755
121011,26-10-2023,12.1824
121011,02-11-2023,12.2844
121011,09-11-2023,12.3313
121011,16-11-2023,12.4289
121011,23-11-2023,12.5204
121011,30-11-2023,12.7935
121011,07-12-2023,12.9233
121011,14-12-2023,12.9193
121011,21-12-2023,12.8303
121011,28-12-2023,12.8086
121011,04-01-2024,12.7797
121011,11-01-2024,12.8371
121011,18-01-2024,12.7703
121011,25-01-2024,12.8972
121011,01-02-2024,12.759
121011,08-02-2024,12.5975
121011,15-02-2024,12.5889
121011,22-02-2024,12.5091
121011,29-02-2024,12.3882
121011,07-03-2024,12.33
121011,14-03-2024,12.2598
121011,21-03-2024,12.2657
121011,28-03-2024,12.2097
121011,04-04-2024,12.162
121011,11-04-2024,12.1664
121011,18-04-2024,12.2699
121011,25-04-2024,12.4192
121011,02-05-2024,12.4389
121011,09-05-2024,12.4663
121011,16-05-2024,12.453
121011,23-05-2024,12.5059
121011,30-05-2024,12.55
121011,06-06-2024,12.6881
121011,13-06-2024,12.5015
121011,20-06-2024,12.483
121011,27-06-2024,12.5219
121011,04-07-2024,12.5243
121011,11-07-2024,12.4352
121011,18-07-2024,12.3109
121011,25-07-2024,12.3952
121012,01-01-2015,9.9434
121012,08-01-2015,9.8078
121012,15-01-2015,9.879
121012,22-01-2015,9.9192
121012,29-01-2015,9.914
121012,05-02-2015,9.8454
121012,12-02-2015,9.8404
121012,19-02-2015,9.94
121012,26-02-2015,9.8156
121012,05-03-2015,9.6967
121012,12-03-2015,9.6519
121012,19-03-2015,9.6537
121012,26-03-2015,9.6192
121012,02-04-2015,9.6725
121012,09-04-2015,9.7607
121012,16-04-2015,9.7863
121012,23-04-2015,9.8341
121012,30-04-2015,9.8595
121012,07-05-2015,9.8642
121012,14-05-2015,9.766
121012,21-05-2015,9.6896
121012,28-05-2015,9.5888
121012,04-06-2015,9.5812
121012,11-06-2015,9.6029
121012,18-06-2015,9.4954
121012,25-06-2015,9.5047
121012,02-07-2015,9.4419
121012,09-07-2015,9.3649
121012,16-07-2015,9.3218
121012,23-07-2015,9.242
121012,30-07-2015,9.2906
121012,06-08-2015,9.2818
121012,13-08-2015,9.346
121012,20-08-2015,9.3166
121012,27-08-2015,9.2901
121012,03-09-2015,9.433
121012,10-09-2015,9.3143
121012,17-09-2015,9.4138
121012,24-09-2015,9.5421
121012,01-10-2015,9.6044
121012,08-10-2015,9.5829
121012,15-10-2015,9.6961
121012,22-10-2015,9.675
121012,29-10-2015,9.6243
121012,05-11-2015,9.5982
121012,12-11-2015,9.5583
121012,19-11-2015,9.4897
121012,26-11-2015,9.5778
121012,03-12-2015,9.5223
121012,10-12-2015,9.5239
121012,17-12-2015,9.4177
121012,24-12-2015,9.4238
121012,31-12-2015,9.3404
121012,07-01-2016,9.2559
121012,14-01-2016,9.2515
121012,21-01-2016,9.3335
121012,28-01-2016,9.3701
121012,04-02-2016,9.412
121012,11-02-2016,9.406
121012,18-02-2016,9.3845
121012,25-02-2016,9.4476
121012,03-03-2016,9.4089
121012,10-03-2016,9.4754
121012,17-03-2016,9.5729
121012,24-03-2016,9.5123
121012,31-03-2016,9.4633
121012,07-04-2016,9.4257
121012,14-04-2016,9.3189
121012,21-04-2016,9.2876
121012,28-04-2016,9.388
121012,05-05-2016,9.3133
121012,12-05-2016,9.4157
121012,19-05-2016,9.3868
121012,26-05-2016,9.5493
121012,02-06-2016,9.5011
121012,09-06-2016,9.4939
121012,16-06-2016,9.4286
121012,23-06-2016,9.3805
121012,30-06-2016,9.4847
121012,07-07-2016,9.5245
121012,14-07-2016,9.6067
121012,21-07-2016,9.5094
121012,28-07-2016,9.563
121012,04-08-2016,9.4925
121012,11-08-2016,9.3948
121012,18-08-2016,9.4165
121012,25-08-2016,9.4375
121012,01-09-2016,9.4453
121012,08-09-2016,9.5033
121012,15-09-2016,9.5735
121012,22-09-2016,9.6899
121012,29-09-2016,9.6015
121012,06-10-2016,9.7207
121012,13-10-2016,9.871
121012,20-10-2016,9.846
121012,27-10-2016,9.7185
121012,03-11-2016,9.6148
121012,10-11-2016,9.5831
121012,17-11-2016,9.7414
121012,24-11-2016,9.7466
121012,01-12-2016,9.7024
121012,08-12-2016,9.6531
121012,15-12-2016,9.5548
121012,22-12-2016,9.6255
121012,29-12-2016,9.6222
121012,05-01-2017,9.7877
121012,12-01-2017,9.8408
121012,19-01-2017,9.9101
121012,26-01-2017,9.8949
121012,02-02-2017,9.8125
121012,09-02-2017,9.7478
121012,16-02-2017,9.6449
121012,23-02-2017,9.719
121012,02-03-2017,9.693
121012,09-03-2017,9.7707
121012,16-03-2017,9.7853
121012,23-03-2017,9.7663
121012,30-03-2017,9.6788
121012,06-04-2017,9.706
121012,13-04-2017,9.6929
121012,20-04-2017,9.7667
121012,27-04-2017,9.7148
121012,04-05-2017,9.7665
121012,11-05-2017,9.8986
121012,18-05-2017,9.9242
121012,25-05-2017,9.9905
121012,01-06-2017,10.0402
121012,08-06-2017,10.1967
121012,15-06-2017,10.2311
121012,22-06-2017,10.2924
121012,29-06-2017,10.2936
121012,06-07-2017,10.2339
121012,13-07-2017,10.1391
121012,20-07-2017,10.2459
121012,27-07-2017,10.1674
121012,03-08-2017,10.2321
121012,10-08-2017,10.2702
121012,17-08-2017,10.3498
121012,24-08-2017,10.3113
121012,31-08-2017,10.2502
121012,07-09-2017,10.2853
121012,14-09-2017,10.2654
121012,21-09-2017,10.1684
121012,28-09-2017,10.3301
121012,05-10-2017,10.2689
121012,12-10-2017,10.1913
121012,19-10-2017,10.1757
121012,26-10-2017,10.2817
121012,02-11-2017,10.1076
121012,09-11-2017,10.2063
121012,16-11-2017,10.1359
121012,23-11-2017,10.1614
121012,30-11-2017,10.1105
121012,07-12-2017,10.2757
121012,14-12-2017,10.2901
121012,21-12-2017,10.2359
121012,28-12-2017,10.2153
121012,04-01-2018,10.2267
121012,11-01-2018,10.2454
121012,18-01-2018,10.2854
121012,25-01-2018,10.2894
121012,01-02-2018,10.1802
121012,08-02-2018,10.1565
121012,15-02-2018,10.2099
121012,22-02-2018,10.1593
121012,01-03-2018,10.218
121012,08-03-2018,10.2247
121012,15-03-2018,10.211
121012,22-03-2018,10.3126
121012,29-03-2018,10.1733
121012,05-04-2018,10.1224
121012,12-04-2018,10.2263
121012,19-04-2018,10.3801
121012,26-04-2018,10.5741
121012,03-05-2018,10.5826
121012,10-05-2018,10.6256
121012,17-05-2018,10.6993
121012,24-05-2018,10.8127
121012,31-05-2018,10.8441
121012,07-06-2018,10.9288
121012,14-06-2018,10.9734
121012,21-06-2018,11.0236
121012,28-06-2018,10.947
121012,05-07-2018,10.9226
121012,12-07-2018,10.8813
121012,19-07-2018,10.7821
121012,26-07-2018,10.644
121012,02-08-2018,10.6122
121012,09-08-2018,10.594
121012,16-08-2018,10.6071
121012,23-08-2018,10.6585
121012,30-08-2018,10.6788
121012,06-09-2018,10.6612
121012,13-09-2018,10.5874
121012,20-09-2018,10.6659
121012,27-09-2018,10.6615
121012,04-10-2018,10.6287
121012,11-10-2018,10.6171
121012,18-10-2018,10.5592
121012,25-10-2018,10.5186
121012,01-11-2018,10.4754
121012,08-11-2018,10.4555
121012,15-11-2018,10.5146
121012,22-11-2018,10.553
121012,29-11-2018,10.6878
121012,06-12-2018,10.7957
121012,13-12-2018,10.969
121012,20-12-2018,11.0224
121012,27-12-2018,11.0747
121012,03-01-2019,11.036
121012,10-01-2019,11.1133
121012,17-01-2019,11.0594
121012,24-01-2019,10.9338
121012,31-01-2019,11.0717
121012,07-02-2019,10.9654
121012,14-02-2019,11.0083
121012,21-02-2019,10.9352
121012,28-02-2019,11.0381
121012,07-03-2019,11.1541
121012,14-03-2019,11.2058
121012,21-03-2019,11.322
121012,28-03-2019,11.3272
121012,04-04-2019,11.5341
121012,11-04-2019,11.6076
121012,18-04-2019,11.5286
121012,25-04-2019,11.5397
121012,02-05-2019,11.5302
121012,09-05-2019,11.5117
121012,16-05-2019,11.3637
121012,23-05-2019,11.4034
121012,30-05-2019,11.2816
121012,06-06-2019,11.0582
121012,13-06-2019,11.0321
121012,20-06-2019,10.9698
121012,27-06-2019,10.8986
121012,04-07-2019,10.6324
121012,11-07-2019,10.5643
121012,18-07-2019,10.5539
121012,25-07-2019,10.5045
121012,01-08-2019,10.5413
121012,08-08-2019,10.6629
121012,15-08-2019,10.7113
121012,22-08-2019,10.8035
121012,29-08-2019,10.9037
121012,05-09-2019,10.8192
121012,12-09-2019,10.8615
121012,19-09-2019,10.9523
121012,26-09-2019,10.9185
121012,03-10-2019,10.8538
121012,10-10-2019,10.9042
121012,17-10-2019,10.7793
121012,24-10-2019,10.6898
121012,31-10-2019,10.6371
121012,07-11-2019,10.6797
121012,14-11-2019,10.7026
121012,21-11-2019,10.7953
121012,28-11-2019,10.72
121012,05-12-2019,10.6406
121012,12-12-2019,10.6895
121012,19-12-2019,10.6255
121012,26-12-2019,10.5784
121012,02-01-2020,10.4255
121012,09-01-2020,10.4539
121012,16-01-2020,10.587
121012,23-01-2020,10.5041
121012,30-01-2020,10.5941
121012,06-02-2020,10.5933
121012,13-02-2020,10.448
121012,20-02-2020,10.3774
121012,27-02-2020,10.3021
121012,05-03-2020,10.2801
121012,12-03-2020,10.3188
121012,19-03-2020,10.4755
121012,26-03-2020,10.3598
121012,02-04-2020,10.3237
121012,09-04-2020,10.2539
121012,16-04-2020,10.154
121012,23-04-2020,10.1658
121012,30-04-2020,10.17
121012,07-05-2020,10.0265
121012,14-05-2020,10.0319
121012,21-05-2020,9.9392
121012,28-05-2020,9.9441
121012,04-06-2020,10.0491
121012,11-06-2020,10.0903
121012,18-06-2020,10.1087
121012,25-06-2020,10.07
121012,02-07-2020,10.0794
121012,09-07-2020,10.1288
121012,16-07-2020,10.1705
121012,23-07-2020,10.1665
121012,30-07-2020,10.1882
121012,06-08-2020,10.085
121012,13-08-2020,10.0298
121012,20-08-2020,10.0906
121012,27-08-2020,10.1626
121012,03-09-2020,10.1743
121012,10-09-2020,10.2987
121012,17-09-2020,10.3447
121012,24-09-2020,10.3295
121012,01-10-2020,10.2329
121012,08-10-2020,10.3547
121012,15-10-2020,10.4227
121012,22-10-2020,10.5768
121012,29-10-2020,10.7644
121012,05-11-2020,10.6579
121012,12-11-2020,10.5526
121012,19-11-2020,10.3151
121012,26-11-2020,10.395
121012,03-12-2020,10.4538
121012,10-12-2020,10.4662
121012,17-12-2020,10.3677
121012,24-12-2020,10.3644
121012,31-12-2020,10.3839
121012,07-01-2021,10.4531
121012,14-01-2021,10.4801
121012,21-01-2021,10.5399
121012,28-01-2021,10.5337
121012,04-02-2021,10.6375
121012,11-02-2021,10.6955
121012,18-02-2021,10.5982
121012,25-02-2021,10.7202
121012,04-03-2021,10.8296
121012,11-03-2021,10.8743
121012,18-03-2021,10.903
121012,25-03-2021,11.0521
121012,01-04-2021,10.9121
121012,08-04-2021,11.0248
121012,15-04-2021,10.9872
121012,22-04-2021,11.0879
121012,29-04-2021,11.103
121012,06-05-2021,10.997
121012,13-05-2021,10.9577
121012,20-05-2021,11.0517
121012,27-05-2021,11.0375
121012,03-06-2021,10.9871
121012,10-06-2021,10.9362
121012,17-06-2021,10.9968
121012,24-06-2021,11.1552
121012,01-07-2021,10.9686
121012,08-07-2021,11.2188
121012,15-07-2021,11.2415
121012,22-07-2021,11.2982
121012,29-07-2021,11.2633
121012,05-08-2021,11.2675
121012,12-08-2021,11.2894
121012,19-08-2021,11.1991
121012,26-08-2021,11.1314
121012,02-09-2021,11.2414
121012,09-09-2021,11.1063
121012,16-09-2021,11.1499
121012,23-09-2021,11.1213
121012,30-09-2021,11.0403
121012,07-10-2021,11.2188
121012,14-10-2021,11.1377
121012,21-10-2021,11.0414
121012,28-10-2021,11.0293
121012,04-11-2021,10.9659
121012,11-11-2021,10.9709
121012,18-11-2021,10.9889
121012,25-11-2021,11.0139
121012,02-12-2021,11.0074
121012,09-12-2021,10.95
121012,16-12-2021,11.0107
121012,23-12-2021,11.0053
121012,30-12-2021,10.9661
121012,06-01-2022,11.1003
121012,13-01-2022,11.094
121012,20-01-2022,11.1953
121012,27-01-2022,11.3097
121012,03-02-2022,11.4307
121012,10-02-2022,11.4985
121012,17-02-2022,11.503
121012,24-02-2022,11.5017
121012,03-03-2022,11.4839
121012,10-03-2022,11.2894
121012,17-03-2022,11.3588
121012,24-03-2022,11.3856
121012,31-03-2022,11.4653
121012,07-04-2022,11.4592
121012,14-04-2022,11.5247
121012,21-04-2022,11.4023
121012,28-04-2022,11.3002
121012,05-05-2022,11.0809
121012,12-05-2022,11.0734
121012,19-05-2022,11.0094
121012,26-05-2022,10.9342
121012,02-06-2022,10.9679
121012,09-06-2022,10.9349
121012,16-06-2022,10.8139
121012,23-06-2022,11.0384
121012,30-06-2022,11.0396
121012,07-07-2022,10.9483
121012,14-07-2022,10.894
121012,21-07-2022,10.8833
121012,28-07-2022,10.8724
121012,04-08-2022,10.99
121012,11-08-2022,10.9874
121012,18-08-2022,11.1549
121012,25-08-2022,11.1208
121012,01-09-2022,11.1631
121012,08-09-2022,11.2589
121012,15-09-2022,11.371
121012,22-09-2022,11.4949
121012,29-09-2022,11.4745
121012,06-10-2022,11.4786
121012,13-10-2022,11.2555
121012,20-10-2022,11.2423
121012,27-10-2022,11.345
121012,03-11-2022,11.4309
121012,10-11-2022,11.4276
121012,17-11-2022,11.5875
121012,24-11-2022,11.5565
121012,01-12-2022,11.4949
121012,08-12-2022,11.4565
121012,15-12-2022,11.3582
121012,22-12-2022,11.4193
121012,29-12-2022,11.4502
121012,05-01-2023,11.5107
121012,12-01-2023,11.4771
121012,19-01-2023,11.4764
121012,26-01-2023,11.281
121012,02-02-2023,11.3194
121012,09-02-2023,11.3329
121012,16-02-2023,11.2377
121012,23-02-2023,11.2327
121012,02-03-2023,11.2141
121012,09-03-2023,11.3768
121012,16-03-2023,11.2848
121012,23-03-2023,11.3192
121012,30-03-2023,11.225
121012,06-04-2023,11.1794
121012,13-04-2023,11.2086
121012,20-04-2023,11.1942
121012,27-04-2023,11.1981
121012,04-05-2023,11.2324
121012,11-05-2023,11.1925
121012,18-05-2023,11.2762
121012,25-05-2023,11.2531
121012,01-06-2023,11.2488
121012,08-06-2023,11.2858
121012,15-06-2023,11.3108
121012,22-06-2023,11.3737
121012,29-06-2023,11.4071
121012,06-07-2023,11.4544
121012,13-07-2023,11.4292
121012,20-07-2023,11.336
121012,27-07-2023,11.2111
121012,03-08-2023,11.0657
121012,10-08-2023,11.2262
121012,17-08-2023,11.032
121012,24-08-2023,11.1417
121012,31-08-2023,11.073
121012,07-09-2023,11.1826
121012,14-09-2023,10.99
121012,21-09-2023,10.9737
121012,28-09-2023,11.1058
121012,05-10-2023,11.1736
121012,12-10-2023,11.1479
121012,19-10-2023,10.9791
121012,26-10-2023,10.8673
121012,02-11-2023,10.9924
121012,09-11-2023,10.9662
121012,16-11-2023,10.9643
121012,23-11-2023,10.9935
121012,30-11-2023,10.8833
121012,07-12-2023,10.9232
121012,14-12-2023,10.8909
121012,21-12-2023,10.9208
121012,28-12-2023,10.8747
121012,04-01-2024,10.7422
121012,11-01-2024,10.7097
121012,18-01-2024,10.7689
121012,25-01-2024,10.8072
121012,01-02-2024,10.8142
121012,08-02-2024,10.8962
121012,15-02-2024,10.8828
121012,22-02-2024,10.8921
121012,29-02-2024,10.8546
121012,07-03-2024,10.942
121012,14-03-2024,10.9719
121012,21-03-2024,10.9274
121012,28-03-2024,10.8016
121012,04-04-2024,10.9014
121012,11-04-2024,10.8409
121012,18-04-2024,10.8515
121012,25-04-2024,11.0601
121012,02-05-2024,11.1354
121012,09-05-2024,11.2834
121012,16-05-2024,11.2393
121012,23-05-2024,11.3401
121012,30-05-2024,11.3471
121012,06-06-2024,11.3848
121012,13-06-2024,11.5734
121012,20-06-2024,11.5523
121012,27-06-2024,11.5587
121012,04-07-2024,11.4798
121012,11-07-2024,11.566
121012,18-07-2024,11.5187
121012,25-07-2024,11.6176
121013,01-01-2015,9.872
121013,08-01-2015,9.9193
121013,15-01-2015,9.8722
121013,22-01-2015,9.9338
121013,29-01-2015,9.9367
121013,05-02-2015,9.8981
121013,12-02-2015,9.8715
121013,19-02-2015,9.8083
121013,26-02-2015,9.8779
121013,05-03-2015,9.799
121013,12-03-2015,9.782
121013,19-03-2015,9.8129
121013,26-03-2015,9.9435
121013,02-04-2015,9.9468
121013,09-04-2015,9.9314
121013,16-04-2015,9.9572
121013,23-04-2015,9.796
121013,30-04-2015,9.706
121013,07-05-2015,9.6807
121013,14-05-2015,9.6293
121013,21-05-2015,9.5099
121013,28-05-2015,9.5789
121013,04-06-2015,9.6027
121013,11-06-2015,9.6173
121013,18-06-2015,9.5677
121013,25-06-2015,9.5776
121013,02-07-2015,9.6209
121013,09-07-2015,9.6044
121013,16-07-2015,9.6424
121013,23-07-2015,9.5848
121013,30-07-2015,9.5961
121013,06-08-2015,9.6877
121013,13-08-2015,9.787
121013,20-08-2015,9.8949
121013,27-08-2015,9.9214
121013,03-09-2015,9.9279
121013,10-09-2015,9.8962
121013,17-09-2015,9.7571
121013,24-09-2015,9.656
121013,01-10-2015,9.6469
121013,08-10-2015,9.6424
121013,15-10-2015,9.7552
121013,22-10-2015,9.8617
121013,29-10-2015,9.8115
121013,05-11-2015,9.8797
121013,12-11-2015,9.8459
121013,19-11-2015,9.9036
121013,26-11-2015,9.9714
121013,03-12-2015,10.0745
121013,10-12-2015,10.0388
121013,17-12-2015,10.1243
121013,24-12-2015,9.9767
121013,31-12-2015,10.0841
121013,07-01-2016,10.0861
121013,14-01-2016,10.0899
121013,21-01-2016,9.9294
121013,28-01-2016,9.9025
121013,04-02-2016,10.0139
121013,11-02-2016,9.9837
121013,18-02-2016,10.0447
121013,25-02-2016,10.0515
121013,03-03-2016,10.1409
121013,10-03-2016,10.1605
121013,17-03-2016,10.0889
121013,24-03-2016,10.0975
121013,31-03-2016,10.2308
121013,07-04-2016,10.2757
121013,14-04-2016,10.2702
121013,21-04-2016,10.4596
121013,28-04-2016,10.5608
121013,05-05-2016,10.6341
121013,12-05-2016,10.6653
121013,19-05-2016,10.7319
121013,26-05-2016,10.8017
121013,02-06-2016,10.6174
121013,09-06-2016,10.6551
121013,16-06-2016,10.6457
121013,23-06-2016,10.6074
121013,30-06-2016,10.5951
121013,07-07-2016,10.4674
121013,14-07-2016,10.3205
121013,21-07-2016,10.4275
121013,28-07-2016,10.4703
121013,04-08-2016,10.2723
121013,11-08-2016,10.2291
121013,18-08-2016,10.3052
121013,25-08-2016,10.2863
121013,01-09-2016,10.3928
121013,08-09-2016,10.4843
121013,15-09-2016,10.3747
121013,22-09-2016,10.3669
121013,29-09-2016,10.3339
121013,06-10-2016,10.2232
121013,13-10-2016,10.1083
121013,20-10-2016,10.0472
121013,27-10-2016,9.9997
121013,03-11-2016,10.0264
121013,10-11-2016,10.1141
121013,17-11-2016,10.1597
121013,24-11-2016,10.2248
121013,01-12-2016,10.2071
121013,08-12-2016,10.2604
121013,15-12-2016,10.2523
121013,22-12-2016,10.2202
121013,29-12-2016,10.3794
121013,05-01-2017,10.19
121013,12-01-2017,10.0414
121013,19-01-2017,10.0762
121013,26-01-2017,10.0588
121013,02-02-2017,9.9472
121013,09-02-2017,9.8673
121013,16-02-2017,9.7983
121013,23-02-2017,9.8721
121013,02-03-2017,9.9718
121013,09-03-2017,10.1066
121013,16-03-2017,9.9822
121013,23-03-2017,9.877
121013,30-03-2017,9.7675
121013,06-04-2017,9.8721
121013,13-04-2017,9.909
121013,20-04-2017,9.9193
121013,27-04-2017,9.9415
121013,04-05-2017,9.941
121013,11-05-2017,9.8558
121013,18-05-2017,9.9002
121013,25-05-2017,9.8894
121013,01-06-2017,9.7984
121013,08-06-2017,9.8474
121013,15-06-2017,9.8178
121013,22-06-2017,9.8395
121013,29-06-2017,9.8336
121013,06-07-2017,9.9077
121013,13-07-2017,9.9291
121013,20-07-2017,9.8629
121013,27-07-2017,9.8922
121013,03-08-2017,9.9243
121013,10-08-2017,9.9688
121013,17-08-2017,10.0554
121013,24-08-2017,10.0099
121013,31-08-2017,10.0674
121013,07-09-2017,9.9325
121013,14-09-2017,9.9269
121013,21-09-2017,9.9091
121013,28-09-2017,10.0278
121013,05-10-2017,10.0193
121013,12-10-2017,10.0721
121013,19-10-2017,9.9341
121013,26-10-2017,9.9101
121013,02-11-2017,9.847
121013,09-11-2017,10.046
121013,16-11-2017,9.9964
121013,23-11-2017,10.0062
121013,30-11-2017,10.0204
121013,07-12-2017,9.897
121013,14-12-2017,9.8593
121013,21-12-2017,9.8952
121013,28-12-2017,9.9059
121013,04-01-2018,9.7276
121013,11-01-2018,9.6873
121013,18-01-2018,9.7703
121013,25-01-2018,9.8202
121013,01-02-2018,9.9198
121013,08-02-2018,9.8456
121013,15-02-2018,9.9504
121013,22-02-2018,9.9508
121013,01-03-2018,10.0816
121013,08-03-2018,10.0859
121013,15-03-2018,9.9247
121013,22-03-2018,9.9961
121013,29-03-2018,9.9646
121013,05-04-2018,9.9386
121013,12-04-2018,9.8271
121013,19-04-2018,9.9585
121013,26-04-2018,9.921
121013,03-05-2018,10.05
121013,10-05-2018,10.0193
121013,17-05-2018,9.949
121013,24-05-2018,10.058
121013,31-05-2018,10.0561
121013,07-06-2018,10.055
121013,14-06-2018,9.9559
121013,21-06-2018,9.9235
121013,28-06-2018,9.9615
121013,05-07-2018,9.8619
121013,12-07-2018,9.8233
121013,19-07-2018,9.7942
121013,26-07-2018,9.8033
121013,02-08-2018,9.9233
121013,09-08-2018,9.9035
121013,16-08-2018,9.8527
121013,23-08-2018,10.0731
121013,30-08-2018,10.0422
121013,06-09-2018,10.0309
121013,13-09-2018,10.0062
121013,20-09-2018,9.9881
121013,27-09-2018,9.9983
121013,04-10-2018,10.0759
121013,11-10-2018,10.1125
121013,18-10-2018,10.2037
121013,25-10-2018,10.293
121013,01-11-2018,10.3143
121013,08-11-2018,10.3495
121013,15-11-2018,10.4454
121013,22-11-2018,10.3568
121013,29-11-2018,10.5679
121013,06-12-2018,10.5288
121013,13-12-2018,10.5034
121013,20-12-2018,10.4058
121013,27-12-2018,10.3115
121013,03-01-2019,10.396
121013,10-01-2019,10.589
121013,17-01-2019,10.5452
121013,24-01-2019,10.5787
121013,31-01-2019,10.6016
121013,07-02-2019,10.6906
121013,14-02-2019,10.8847
121013,21-02-2019,11.0215
121013,28-02-2019,11.0048
121013,07-03-2019,11.0558
121013,14-03-2019,11.1157
121013,21-03-2019,11.1184
121013,28-03-2019,11.0254
121013,04-04-2019,10.9593
121013,11-04-2019,11.0644
121013,18-04-2019,11.1796
121013,25-04-2019,11.1655
121013,02-05-2019,11.1933
121013,09-05-2019,11.3049
121013,16-05-2019,11.1553
121013,23-05-2019,11.12
121013,30-05-2019,11.3039
121013,06-06-2019,11.3355
121013,13-06-2019,11.2376
121013,20-06-2019,11.2527
121013,27-06-2019,11.3491
121013,04-07-2019,11.1225
121013,11-07-2019,11.1426
121013,18-07-2019,11.1139
121013,25-07-2019,10.9723
121013,01-08-2019,10.9839
121013,08-08-2019,10.9763
121013,15-08-2019,10.9786
121013,22-08-2019,10.9524
121013,29-08-2019,10.8673
121013,05-09-2019,10.7451
121013,12-09-2019,10.6901
121013,19-09-2019,10.7678
121013,26-09-2019,10.7922
121013,03-10-2019,10.7905
121013,10-10-2019,10.7051
121013,17-10-2019,10.6774
121013,24-10-2019,10.7446
121013,31-10-2019,10.7923
121013,07-11-2019,10.7554
121013,14-11-2019,10.535
121013,21-11-2019,10.4824
121013,28-11-2019,10.4461
121013,05-12-2019,10.3744
121013,12-12-2019,10.3443
121013,19-12-2019,10.416
121013,26-12-2019,10.4171
121013,02-01-2020,10.5037
121013,09-01-2020,10.3812
121013,16-01-2020,10.36
121013,23-01-2020,10.2034
121013,30-01-2020,10.1727
121013,06-02-2020,10.0917
121013,13-02-2020,10.1991
121013,20-02-2020,10.2366
121013,27-02-2020,10.3238
121013,05-03-2020,10.2925
121013,12-03-2020,10.2127
121013,19-03-2020,10.1308
121013,26-03-2020,10.1564
121013,02-04-2020,10.3075
121013,09-04-2020,10.3457
121013,16-04-2020,10.3188
121013,23-04-2020,10.3073
121013,30-04-2020,10.3089
121013,07-05-2020,10.4801
121013,14-05-2020,10.5878
121013,21-05-2020,10.614
121013,28-05-2020,10.6276
121013,04-06-2020,10.6573
121013,11-06-2020,10.7037
121013,18-06-2020,10.6726
121013,25-06-2020,10.6048
121013,02-07-2020,10.6966
121013,09-07-2020,10.7028
121013,16-07-2020,10.7883
121013,23-07-2020,10.9347
121013,30-07-2020,10.9846
121013,06-08-2020,11.0205
121013,13-08-2020,11.307
121013,20-08-2020,11.3303
121013,27-08-2020,11.236
121013,03-09-2020,11.2152
121013,10-09-2020,11.3589
121013,17-09-2020,11.2458
121013,24-09-2020,11.1826
121013,01-10-2020,11.2861
121013,08-10-2020,11.2661
121013,15-10-2020,11.2606
121013,22-10-2020,11.3618
121013,29-10-2020,11.3012
121013,05-11-2020,11.173
121013,12-11-2020,11.0533
121013,19-11-2020,11.1092
121013,26-11-2020,11.1366
121013,03-12-2020,11.0794
121013,10-12-2020,10.9811
121013,17-12-2020,10.9617
121013,24-12-2020,11.064
121013,31-12-2020,10.9945
121013,07-01-2021,10.9406
121013,14-01-2021,10.8408
121013,21-01-2021,10.8132
121013,28-01-2021,10.8468
121013,04-02-2021,11.0347
121013,11-02-2021,11.0583
121013,18-02-2021,11.058
121013,25-02-2021,11.1388
121013,04-03-2021,11.2053
121013,11-03-2021,11.158
121013,18-03-2021,11.3679
121013,25-03-2021,11.3702
121013,01-04-2021,11.3963
121013,08-04-2021,11.4511
121013,15-04-2021,11.4874
121013,22-04-2021,11.6322
121013,29-04-2021,11.5819
121013,06-05-2021,11.6591
121013,13-05-2021,11.6791
121013,20-05-2021,11.7756
121013,27-05-2021,11.7601
121013,03-06-2021,11.7318
121013,10-06-2021,11.8052
121013,17-06-2021,11.8438
121013,24-06-2021,11.7708
121013,01-07-2021,11.9022
121013,08-07-2021,11.9767
121013,15-07-2021,11.9744
121013,22-07-2021,11.9343
121013,29-07-2021,11.9739
121013,05-08-2021,12.0419
121013,12-08-2021,11.8932
121013,19-08-2021,11.9337
121013,26-08-2021,12.0007
121013,02-09-2021,11.7797
121013,09-09-2021,11.8029
121013,16-09-2021,11.8732
121013,23-09-2021,11.9331
121013,30-09-2021,12.0145
121013,07-10-2021,11.9878
121013,14-10-2021,11.8929
121013,21-10-2021,11.7264
121013,28-10-2021,11.8336
121013,04-11-2021,11.9049
121013,11-11-2021,12.0209
121013,18-11-2021,11.956
121013,25-11-2021,12.0377
121013,02-12-2021,11.8978
121013,09-12-2021,11.8198
121013,16-12-2021,11.8364
121013,23-12-2021,11.9039
121013,30-12-2021,12.0686
121013,06-01-2022,12.0502
121013,13-01-2022,11.9716
121013,20-01-2022,11.8886
121013,27-01-2022,11.8279
121013,03-02-2022,12.0428
121013,10-02-2022,12.1205
121013,17-02-2022,12.2332
121013,24-02-2022,12.2147
121013,03-03-2022,12.2195
121013,10-03-2022,12.2927
121013,17-03-2022,12.2479
121013,24-03-2022,12.2242
121013,31-03-2022,12.1632
121013,07-04-2022,12.1245
121013,14-04-2022,12.1341
121013,21-04-2022,12.0592
121013,28-04-2022,12.0916
121013,05-05-2022,12.1239
121013,12-05-2022,12.1114
121013,19-05-2022,12.0361
121013,26-05-2022,12.051
121013,02-06-2022,12.0071
121013,09-06-2022,12.0164
121013,16-06-2022,12.1268
121013,23-06-2022,12.0101
121013,30-06-2022,12.2237
121013,07-07-2022,12.2215
121013,14-07-2022,12.2667
121013,21-07-2022,12.1977
121013,28-07-2022,12.314
121013,04-08-2022,12.3066
121013,11-08-2022,12.2727
121013,18-08-2022,12.2211
121013,25-08-2022,12.1998
121013,01-09-2022,12.2455
121013,08-09-2022,12.2673
121013,15-09-2022,12.2683
121013,22-09-2022,12.2034
121013,29-09-2022,12.1332
121013,06-10-2022,12.0933
121013,13-10-2022,12.1427
121013,20-10-2022,12.2118
121013,27-10-2022,12.2946
121013,03-11-2022,12.2994
121013,10-11-2022,12.342
121013,17-11-2022,12.3303
121013,24-11-2022,12.1634
121013,01-12-2022,12.1473
121013,08-12-2022,12.1156
121013,15-12-2022,12.0198
121013,22-12-2022,11.97
121013,29-12-2022,11.9877
121013,05-01-2023,11.8839
121013,12-01-2023,11.821
121013,19-01-2023,11.9722
121013,26-01-2023,11.8234
121013,02-02-2023,11.8108
121013,09-02-2023,11.7054
121013,16-02-2023,11.6397
121013,23-02-2023,11.6259
121013,02-03-2023,11.5387
121013,09-03-2023,11.5963
121013,16-03-2023,11.7263
121013,23-03-2023,11.8099
121013,30-03-2023,11.9115
121013,06-04-2023,11.7847
121013,13-04-2023,11.7665
121013,20-04-2023,11.8153
121013,27-04-2023,11.9023
121013,04-05-2023,12.074
121013,11-05-2023,12.1821
121013,18-05-2023,12.2744
121013,25-05-2023,12.5379
121013,01-06-2023,12.5526
121013,08-06-2023,12.5286
121013,15-06-2023,12.5513
121013,22-06-2023,12.4645
121013,29-06-2023,12.4762
121013,06-07-2023,12.3088
121013,13-07-2023,12.2616
121013,20-07-2023,12.2552
121013,27-07-2023,12.3532
121013,03-08-2023,12.468
121013,10-08-2023,12.3768
121013,17-08-2023,12.5874
121013,24-08-2023,12.6073
121013,31-08-2023,12.6366
121013,07-09-2023,12.4781
121013,14-09-2023,12.4212
121013,21-09-2023,12.5305
121013,28-09-2023,12.5525
121013,05-10-2023,12.5684
121013,12-10-2023,12.5962
121013,19-10-2023,12.4558
121013,26-10-2023,12.4512
121013,02-11-2023,12.5965
121013,09-11-2023,12.711
121013,16-11-2023,12.7034
121013,23-11-2023,12.8673
121013,30-11-2023,12.7429
121013,07-12-2023,12.6489
121013,14-12-2023,12.8426
121013,21-12-2023,12.9071
121013,28-12-2023,12.8824
121013,04-01-2024,12.8819
121013,11-01-2024,12.8039
121013,18-01-2024,12.8373
121013,25-01-2024,12.8628
121013,01-02-2024,12.8699
121013,08-02-2024,12.7557
121013,15-02-2024,12.7878
121013,22-02-2024,12.7388
121013,29-02-2024,12.6434
121013,07-03-2024,12.7765
121013,14-03-2024,13.0034
121013,21-03-2024,13.2107
121013,28-03-2024,13.2847
121013,04-04-2024,13.2618
121013,11-04-2024,13.2596
121013,18-04-2024,13.308
121013,25-04-2024,13.2686
121013,02-05-2024,13.4138
121013,09-05-2024,13.2008
121013,16-05-2024,13.1748
121013,23-05-2024,13.2645
121013,30-05-2024,13.1801
121013,06-06-2024,13.1601
121013,13-06-2024,13.2278
121013,20-06-2024,13.3938
121013,27-06-2024,13.2605
121013,04-07-2024,13.1207
121013,11-07-2024,13.0266
121013,18-07-2024,12.8716
121013,25-07-2024,12.7258
121014,01-01-2015,9.9262
121014,08-01-2015,10.0281
121014,15-01-2015,10.0071
121014,22-01-2015,10.0136
121014,29-01-2015,9.9411
121014,05-02-2015,9.9954
121014,12-02-2015,10.1494
121014,19-02-2015,10.0814
121014,26-02-2015,10.2245
121014,05-03-2015,10.2584
121014,12-03-2015,10.2639
121014,19-03-2015,10.3009
121014,26-03-2015,10.3372
121014,02-04-2015,10.4949
121014,09-04-2015,10.5428
121014,16-04-2015,10.5926
121014,23-04-2015,10.5611
121014,30-04-2015,10.6363
121014,07-05-2015,10.5591
121014,14-05-2015,10.5725
121014,21-05-2015,10.8206
121014,28-05-2015,10.6082
121014,04-06-2015,10.6322
121014,11-06-2015,10.6596
121014,18-06-2015,10.6444
121014,25-06-2015,10.6312
121014,02-07-2015,10.6433
121014,09-07-2015,10.6261
121014,16-07-2015,10.6492
121014,23-07-2015,10.6119
121014,30-07-2015,10.7878
121014,06-08-2015,10.7704
121014,13-08-2015,10.8238
121014,20-08-2015,10.7702
121014,27-08-2015,10.8549
121014,03-09-2015,10.9229
121014,10-09-2015,10.9639
121014,17-09-2015,10.8782
121014,24-09-2015,10.8171
121014,01-10-2015,10.9673
121014,08-10-2015,10.9047
121014,15-10-2015,10.965
121014,22-10-2015,10.8865
121014,29-10-2015,10.9787
121014,05-11-2015,10.9228
121014,12-11-2015,10.843
121014,19-11-2015,10.7855
121014,26-11-2015,10.7421
121014,03-12-2015,10.7811
121014,10-12-2015,10.7914
121014,17-12-2015,10.7012
121014,24-12-2015,10.7031
121014,31-12-2015,10.6095
121014,07-01-2016,10.6683
121014,14-01-2016,10.7432
121014,21-01-2016,10.7454
121014,28-01-2016,10.7731
121014,04-02-2016,10.9284
121014,11-02-2016,10.919
121014,18-02-2016,10.8409
121014,25-02-2016,10.8954
121014,03-03-2016,10.8011
121014,10-03-2016,10.7872
121014,17-03-2016,10.7398
121014,24-03-2016,10.6838
121014,31-03-2016,10.6667
121014,07-04-2016,10.7478
121014,14-04-2016,10.8471
121014,21-04-2016,10.9318
121014,28-04-2016,10.9656
121014,05-05-2016,10.9474
121014,12-05-2016,10.7453
121014,19-05-2016,10.7812
121014,26-05-2016,10.5889
121014,02-06-2016,10.4302
121014,09-06-2016,10.4209
121014,16-06-2016,10.4471
121014,23-06-2016,10.4136
121014,30-06-2016,10.5457
121014,07-07-2016,10.5889
121014,14-07-2016,10.572
121014,21-07-2016,10.6935
121014,28-07-2016,10.8317
121014,04-08-2016,10.8804
121014,11-08-2016,10.8173
121014,18-08-2016,10.774
121014,25-08-2016,10.6536
121014,01-09-2016,10.6542
121014,08-09-2016,10.569
121014,15-09-2016,10.5454
121014,22-09-2016,10.5716
121014,29-09-2016,10.4081
121014,06-10-2016,10.307
121014,13-10-2016,10.2693
121014,20-10-2016,10.2691
121014,27-10-2016,10.2327
121014,03-11-2016,10.2146
121014,10-11-2016,10.161
121014,17-11-2016,10.0472
121014,24-11-2016,10.0083
121014,01-12-2016,9.9952
121014,08-12-2016,9.9744
121014,15-12-2016,9.9873
121014,22-12-2016,10.0248
121014,29-12-2016,10.0834
121014,05-01-2017,10.0364
121014,12-01-2017,9.9139
121014,19-01-2017,10.0187
121014,26-01-2017,10.0536
121014,02-02-2017,9.9808
121014,09-02-2017,10.007
121014,16-02-2017,10.0965
121014,23-02-2017,10.2402
121014,02-03-2017,10.2648
121014,09-03-2017,10.3559
121014,16-03-2017,10.2599
121014,23-03-2017,10.261
121014,30-03-2017,10.2376
121014,06-04-2017,10.2698
121014,13-04-2017,10.4063
121014,20-04-2017,10.4312
121014,27-04-2017,10.3572
121014,04-05-2017,10.2566
121014,11-05-2017,10.3958
121014,18-05-2017,10.4426
121014,25-05-2017,10.4843
121014,01-06-2017,10.4596
121014,08-06-2017,10.4862
121014,15-06-2017,10.4076
121014,22-06-2017,10.444
121014,29-06-2017,10.35
121014,06-07-2017,10.3244
121014,13-07-2017,10.2755
121014,20-07-2017,10.0118
121014,27-07-2017,9.988
121014,03-08-2017,9.9202
121014,10-08-2017,9.9075
121014,17-08-2017,9.9116
121014,24-08-2017,10.0557
121014,31-08-2017,10.0843
121014,07-09-2017,10.1152
121014,14-09-2017,10.1594
121014,21-09-2017,10.2343
121014,28-09-2017,10.2756
121014,05-10-2017,10.3029
121014,12-10-2017,10.3656
121014,19-10-2017,10.1685
121014,26-10-2017,10.3425
121014,02-11-2017,10.4782
121014,09-11-2017,10.5006
121014,16-11-2017,10.3861
121014,23-11-2017,10.4908
121014,30-11-2017,10.4368
121014,07-12-2017,10.4855
121014,14-12-2017,10.3821
121014,21-12-2017,10.5712
121014,28-12-2017,10.4534
121014,04-01-2018,10.4634
121014,11-01-2018,10.2899
121014,18-01-2018,10.2907
121014,25-01-2018,10.2598
121014,01-02-2018,10.3572
121014,08-02-2018,10.3261
121014,15-02-2018,10.4243
121014,22-02-2018,10.3431
121014,01-03-2018,10.3239
121014,08-03-2018,10.3064
121014,15-03-2018,10.3513
121014,22-03-2018,10.386
121014,29-03-2018,10.4502
121014,05-04-2018,10.4766
121014,12-04-2018,10.5363
121014,19-04-2018,10.4648
121014,26-04-2018,10.5015
121014,03-05-2018,10.6408
121014,10-05-2018,10.5021
121014,17-05-2018,10.5474
121014,24-05-2018,10.6087
121014,31-05-2018,10.737
121014,07-06-2018,10.8036
121014,14-06-2018,10.8166
121014,21-06-2018,10.8581
121014,28-06-2018,10.7986
121014,05-07-2018,10.7694
121014,12-07-2018,10.6587
121014,19-07-2018,10.7897
121014,26-07-2018,10.8329
121014,02-08-2018,10.7578
121014,09-08-2018,10.7855
121014,16-08-2018,10.8898
121014,23-08-2018,10.9807
121014,30-08-2018,10.9036
121014,06-09-2018,10.6346
121014,13-09-2018,10.6725
121014,20-09-2018,10.601
121014,27-09-2018,10.6581
121014,04-10-2018,10.7433
121014,11-10-2018,10.8434
121014,18-10-2018,10.999
121014,25-10-2018,11.1122
121014,01-11-2018,11.2722
121014,08-11-2018,11.4011
121014,15-11-2018,11.5394
121014,22-11-2018,11.5402
121014,29-11-2018,11.4258
121014,06-12-2018,11.6573
121014,13-12-2018,11.6678
121014,20-12-2018,11.7872
121014,27-12-2018,11.74
121014,03-01-2019,11.8352
121014,10-01-2019,11.6084
121014,17-01-2019,11.575
121014,24-01-2019,11.5705
121014,31-01-2019,11.6179
121014,07-02-2019,11.7222
121014,14-02-2019,11.6243
121014,21-02-2019,11.6903
121014,28-02-2019,11.8097
121014,07-03-2019,12.0361
121014,14-03-2019,12.1089
121014,21-03-2019,12.0693
121014,28-03-2019,11.9513
121014,04-04-2019,12.131
121014,11-04-2019,12.2074
121014,18-04-2019,12.2101
121014,25-04-2019,12.0568
121014,02-05-2019,11.9718
121014,09-05-2019,12.037
121014,16-05-2019,12.0759
121014,23-05-2019,11.8927
121014,30-05-2019,11.9577
121014,06-06-2019,11.8124
121014,13-06-2019,11.9451
121014,20-06-2019,11.9698
121014,27-06-2019,11.9302
121014,04-07-2019,12.0295
121014,11-07-2019,12.0683
121014,18-07-2019,12.2011
121014,25-07-2019,12.2138
121014,01-08-2019,12.2323
121014,08-08-2019,12.2092
121014,15-08-2019,12.2398
121014,22-08-2019,12.411
121014,29-08-2019,12.366
121014,05-09-2019,12.4351
121014,12-09-2019,12.3524
121014,19-09-2019,12.1531
121014,26-09-2019,12.1782
121014,03-10-2019,12.2191
121014,10-10-2019,12.2133
121014,17-10-2019,12.072
121014,24-10-2019,12.1062
121014,31-10-2019,12.1368
121014,07-11-2019,12.0554
121014,14-11-2019,11.9297
121014,21-11-2019,11.9104
121014,28-11-2019,11.9773
121014,05-12-2019,12.0221
121014,12-12-2019,11.9421
121014,19-12-2019,11.96
121014,26-12-2019,12.0497
121014,02-01-2020,11.9415
121014,09-01-2020,11.9523
121014,16-01-2020,12.0851
121014,23-01-2020,11.9667
121014,30-01-2020,12.0821
121014,06-02-2020,12.2435
121014,13-02-2020,12.2266
121014,20-02-2020,12.1979
121014,27-02-2020,12.3036
121014,05-03-2020,12.2902
121014,12-03-2020,12.0638
121014,19-03-2020,12.0591
121014,26-03-2020,12.1093
121014,02-04-2020,12.1858
121014,09-04-2020,12.1048
121014,16-04-2020,12.0835
121014,23-04-2020,12.1828
121014,30-04-2020,12.1818
121014,07-05-2020,12.0377
121014,14-05-2020,12.1617
121014,21-05-2020,12.1458
121014,28-05-2020,12.2567
121014,04-06-2020,12.1247
121014,11-06-2020,12.1178
121014,18-06-2020,12.1721
121014,25-06-2020,12.1685
121014,02-07-2020,12.0582
121014,09-07-2020,11.8328
121014,16-07-2020,11.9817
121014,23-07-2020,12.0103
121014,30-07-2020,12.1272
121014,06-08-2020,12.2221
121014,13-08-2020,12.2854
121014,20-08-2020,12.2587
121014,27-08-2020,12.3116
121014,03-09-2020,12.4577
121014,10-09-2020,12.4709
121014,17-09-2020,12.6656
121014,24-09-2020,12.5188
121014,01-10-2020,12.3628
121014,08-10-2020,12.4655
121014,15-10-2020,12.3889
121014,22-10-2020,12.5963
121014,29-10-2020,12.7361
121014,05-11-2020,12.903
121014,12-11-2020,12.9994
121014,19-11-2020,12.9088
121014,26-11-2020,12.7426
121014,03-12-2020,12.9001
121014,10-12-2020,12.7505
121014,17-12-2020,12.9173
121014,24-12-2020,12.9917
121014,31-12-2020,12.9889
121014,07-01-2021,13.0401
121014,14-01-2021,13.0938
121014,21-01-2021,13.0778
121014,28-01-2021,13.2322
121014,04-02-2021,13.3848
121014,11-02-2021,13.4068
121014,18-02-2021,13.3479
121014,25-02-2021,13.4926
121014,04-03-2021,13.2797
121014,11-03-2021,13.3322
121014,18-03-2021,13.4164
121014,25-03-2021,13.3329
121014,01-04-2021,13.4421
121014,08-04-2021,13.4446
121014,15-04-2021,13.3913
121014,22-04-2021,13.4998
121014,29-04-2021,13.388
121014,06-05-2021,13.4864
121014,13-05-2021,13.278
121014,20-05-2021,13.3136
121014,27-05-2021,13.3236
121014,03-06-2021,13.2714
121014,10-06-2021,13.3181
121014,17-06-2021,13.3149
121014,24-06-2021,13.4326
121014,01-07-2021,13.4982
121014,08-07-2021,13.5525
121014,15-07-2021,13.5895
121014,22-07-2021,13.5436
121014,29-07-2021,13.5163
121014,05-08-2021,13.5486
121014,12-08-2021,13.5352
121014,19-08-2021,13.661
121014,26-08-2021,13.6767
121014,02-09-2021,13.7233
121014,09-09-2021,13.5748
121014,16-09-2021,13.6826
121014,23-09-2021,13.6245
121014,30-09-2021,13.5163
121014,07-10-2021,13.6997
121014,14-10-2021,13.7816
121014,21-10-2021,13.8949
121014,28-10-2021,13.951
121014,04-11-2021,13.9461
121014,11-11-2021,13.9205
121014,18-11-2021,14.0129
121014,25-11-2021,14.1454
121014,02-12-2021,14.1434
121014,09-12-2021,14.3835
121014,16-12-2021,14.3666
121014,23-12-2021,14.2121
121014,30-12-2021,14.0221
121014,06-01-2022,13.8383
121014,13-01-2022,13.7981
121014,20-01-2022,13.778
121014,27-01-2022,13.8587
121014,03-02-2022,13.8611
121014,10-02-2022,13.9602
121014,17-02-2022,13.9707
121014,24-02-2022,13.9778
121014,03-03-2022,13.9189
121014,10-03-2022,14.0828
121014,17-03-2022,13.9159
121014,24-03-2022,13.955
121014,31-03-2022,13.9403
121014,07-04-2022,14.0331
121014,14-04-2022,14.0364
121014,21-04-2022,14.043
121014,28-04-2022,14.0186
121014,05-05-2022,14.1805
121014,12-05-2022,14.1864
121014,19-05-2022,14.4156
121014,26-05-2022,14.4528
121014,02-06-2022,14.4611
121014,09-06-2022,14.4501
121014,16-06-2022,14.5211
121014,23-06-2022,14.4585
121014,30-06-2022,14.4812
121014,07-07-2022,14.4879
121014,14-07-2022,14.5314
121014,21-07-2022,14.5779
121014,28-07-2022,14.6306
121014,04-08-2022,14.6476
121014,11-08-2022,14.8373
121014,18-08-2022,14.8934
121014,25-08-2022,15.2098
121014,01-09-2022,15.222
121014,08-09-2022,15.3448
121014,15-09-2022,15.2619
121014,22-09-2022,15.439
121014,29-09-2022,15.3582
121014,06-10-2022,15.4203
121014,13-10-2022,15.3939
121014,20-10-2022,15.4557
121014,27-10-2022,15.4329
121014,03-11-2022,15.3416
121014,10-11-2022,15.3144
121014,17-11-2022,15.5094
121014,24-11-2022,15.5736
121014,01-12-2022,15.4192
121014,08-12-2022,15.5605
121014,15-12-2022,15.4557
121014,22-12-2022,15.5538
121014,29-12-2022,15.6289
121014,05-01-2023,15.7122
121014,12-01-2023,15.9514
121014,19-01-2023,15.8521
121014,26-01-2023,15.9359
121014,02-02-2023,16.1028
121014,09-02-2023,16.0264
121014,16-02-2023,15.9372
121014,23-02-2023,15.9069
121014,02-03-2023,15.9546
121014,09-03-2023,15.781
121014,16-03-2023,15.8569
121014,23-03-2023,15.6846
121014,30-03-2023,15.8531
121014,06-04-2023,15.9246
121014,13-04-2023,16.1747
121014,20-04-2023,16.2678
121014,27-04-2023,16.2346
121014,04-05-2023,16.1374
121014,11-05-2023,16.1747
121014,18-05-2023,16.1772
121014,25-05-2023,16.3372
121014,01-06-2023,16.2224
121014,08-06-2023,16.4911
121014,15-06-2023,16.6659
121014,22-06-2023,16.6454
121014,29-06-2023,16.8915
121014,06-07-2023,16.7924
121014,13-07-2023,16.8268
121014,20-07-2023,16.6617
121014,27-07-2023,16.9145
121014,03-08-2023,16.6983
121014,10-08-2023,16.5126
121014,17-08-2023,16.4353
121014,24-08-2023,16.6158
121014,31-08-2023,16.7493
121014,07-09-2023,16.7724
121014,14-09-2023,16.9158
121014,21-09-2023,16.907
121014,28-09-2023,16.9708
121014,05-10-2023,17.2019
121014,12-10-2023,17.1748
121014,19-10-2023,17.0764
121014,26-10-2023,17.1475
121014,02-11-2023,17.2559
121014,09-11-2023,17.278
121014,16-11-2023,17.4237
121014,23-11-2023,17.4026
121014,30-11-2023,17.4273
121014,07-12-2023,17.4865
121014,14-12-2023,17.5337
121014,21-12-2023,17.767
121014,28-12-2023,17.8266
121014,04-01-2024,17.7904
121014,11-01-2024,17.8727
121014,18-01-2024,18.0241
121014,25-01-2024,18.1429
121014,01-02-2024,18.2545
121014,08-02-2024,18.043
121014,15-02-2024,17.6905
121014,22-02-2024,17.878
121014,29-02-2024,17.9479
121014,07-03-2024,17.952
121014,14-03-2024,18.0589
121014,21-03-2024,18.3446
121014,28-03-2024,18.5594
121014,04-04-2024,18.7097
121014,11-04-2024,18.5844
121014,18-04-2024,18.4793
121014,25-04-2024,18.1339
121014,02-05-2024,18.2331
121014,09-05-2024,18.4021
121014,16-05-2024,18.5847
121014,23-05-2024,18.6925
121014,30-05-2024,18.677
121014,06-06-2024,18.6001
121014,13-06-2024,18.4847
121014,20-06-2024,18.468
121014,27-06-2024,18.3309
121014,04-07-2024,18.5957
121014,11-07-2024,18.4094
121014,18-07-2024,18.3878
121014,25-07-2024,18.1103
121015,01-01-2015,10.0277
121015,08-01-2015,10.0315
121015,15-01-2015,10.0069
121015,22-01-2015,9.9363
121015,29-01-2015,9.9404
121015,05-02-2015,9.9011
121015,12-02-2015,9.8942
121015,19-02-2015,10.0531
121015,26-02-2015,10.071
121015,05-03-2015,10.1179
121015,12-03-2015,10.0844
121015,19-03-2015,10.0251
121015,26-03-2015,10.0273
121015,02-04-2015,10.2322
121015,09-04-2015,10.2128
121015,16-04-2015,10.2464
121015,23-04-2015,10.1826
121015,30-04-2015,9.9622
121015,07-05-2015,9.9032
121015,14-05-2015,10.0958
121015,21-05-2015,10.1479
121015,28-05-2015,10.2852
121015,04-06-2015,10.2607
121015,11-06-2015,10.0713
121015,18-06-2015,9.986
121015,25-06-2015,10.0218
121015,02-07-2015,10.0448
121015,09-07-2015,10.048
121015,16-07-2015,10.0094
121015,23-07-2015,10.0886
121015,30-07-2015,10.0522
121015,06-08-2015,10.081
121015,13-08-2015,10.1008
121015,20-08-2015,10.075
121015,27-08-2015,10.008
121015,03-09-2015,9.9778
121015,10-09-2015,10.1314
121015,17-09-2015,10.2256
121015,24-09-2015,10.3132
121015,01-10-2015,10.2524
121015,08-10-2015,10.1386
121015,15-10-2015,10.2316
121015,22-10-2015,10.3097
121015,29-10-2015,10.3252
121015,05-11-2015,10.2987
121015,12-11-2015,10.1822
121015,19-11-2015,10.2569
121015,26-11-2015,10.3583
121015,03-12-2015,10.3062
121015,10-12-2015,10.2475
121015,17-12-2015,10.3533
121015,24-12-2015,10.3043
121015,31-12-2015,10.4551
121015,07-01-2016,10.4501
121015,14-01-2016,10.422
121015,21-01-2016,10.4299
121015,28-01-2016,10.4018
121015,04-02-2016,10.4997
121015,11-02-2016,10.5783
121015,18-02-2016,10.6746
121015,25-02-2016,10.6947
121015,03-03-2016,10.6599
121015,10-03-2016,10.6634
121015,17-03-2016,10.6313
121015,24-03-2016,10.7603
121015,31-03-2016,10.8509
121015,07-04-2016,10.8473
121015,14-04-2016,10.7712
121015,21-04-2016,10.9083
121015,28-04-2016,10.9246
121015,05-05-2016,10.9176
121015,12-05-2016,11.0573
121015,19-05-2016,11.0166
121015,26-05-2016,10.9929
121015,02-06-2016,10.977
121015,09-06-2016,10.8658
121015,16-06-2016,10.8976
121015,23-06-2016,10.8355
121015,30-06-2016,10.7904
121015,07-07-2016,10.7339
121015,14-07-2016,10.6877
121015,21-07-2016,10.6203
121015,28-07-2016,10.6455
121015,04-08-2016,10.6366
121015,11-08-2016,10.6449
121015,18-08-2016,10.8496
121015,25-08-2016,10.8404
121015,01-09-2016,10.8972
121015,08-09-2016,10.9643
121015,15-09-2016,10.9631
121015,22-09-2016,10.9915
121015,29-09-2016,10.9977
121015,06-10-2016,11.02
121015,13-10-2016,10.9727
121015,20-10-2016,10.9337
121015,27-10-2016,10.9395
121015,03-11-2016,10.7713
121015,10-11-2016,10.9045
121015,17-11-2016,11.0974
121015,24-11-2016,11.117
121015,01-12-2016,11.1806
121015,08-12-2016,11.2818
121015,15-12-2016,11.1667
121015,22-12-2016,11.2541
121015,29-12-2016,11.2202
121015,05-01-2017,11.4303
121015,12-01-2017,11.4177
121015,19-01-2017,11.5052
121015,26-01-2017,11.4934
121015,02-02-2017,11.7
121015,09-02-2017,11.6567
121015,16-02-2017,11.77
121015,23-02-2017,11.8337
121015,02-03-2017,11.8767
121015,09-03-2017,11.9032
121015,16-03-2017,11.8445
121015,23-03-2017,11.6042
121015,30-03-2017,11.7086
121015,06-04-2017,11.6675
121015,13-04-2017,11.7813
121015,20-04-2017,11.8192
121015,27-04-2017,11.9374
121015,04-05-2017,12.0187
121015,11-05-2017,11.7866
121015,18-05-2017,11.8493
121015,25-05-2017,11.8214
121015,01-06-2017,11.9363
121015,08-06-2017,11.9975
121015,15-06-2017,12.0602
121015,22-06-2017,12.0388
121015,29-06-2017,11.9557
121015,06-07-2017,11.9191
121015,13-07-2017,11.7522
121015,20-07-2017,11.7014
121015,27-07-2017,11.569
121015,03-08-2017,11.4406
121015,10-08-2017,11.4558
121015,17-08-2017,11.5094
121015,24-08-2017,11.511
121015,31-08-2017,11.4697
121015,07-09-2017,11.3874
121015,14-09-2017,11.363
121015,21-09-2017,11.2928
121015,28-09-2017,11.2917
121015,05-10-2017,11.1587
121015,12-10-2017,11.2258
121015,19-10-2017,11.1794
121015,26-10-2017,11.2175
121015,02-11-2017,11.3016
121015,09-11-2017,11.3358
121015,16-11-2017,11.4128
121015,23-11-2017,11.2287
121015,30-11-2017,11.1889
121015,07-12-2017,11.2921
121015,14-12-2017,11.3426
121015,21-12-2017,11.5149
121015,28-12-2017,11.6765
121015,04-01-2018,11.7091
121015,11-01-2018,11.6902
121015,18-01-2018,11.6053
121015,25-01-2018,11.5657
121015,01-02-2018,11.5326
121015,08-02-2018,11.4825
121015,15-02-2018,11.4027
121015,22-02-2018,11.4439
121015,01-03-2018,11.6038
121015,08-03-2018,11.6951
121015,15-03-2018,11.6696
121015,22-03-2018,11.7689
121015,29-03-2018,11.8063
121015,05-04-2018,11.8071
121015,12-04-2018,11.8021
121015,19-04-2018,11.788
121015,26-04-2018,11.8541
121015,03-05-2018,11.8721
121015,10-05-2018,11.8076
121015,17-05-2018,11.739
121015,24-05-2018,11.7724
121015,31-05-2018,11.8175
121015,07-06-2018,11.7926
121015,14-06-2018,11.6905
121015,21-06-2018,11.8122
121015,28-06-2018,11.9151
121015,05-07-2018,11.7304
121015,12-07-2018,11.8608
121015,19-07-2018,11.8457
121015,26-07-2018,11.8684
121015,02-08-2018,11.9813
121015,09-08-2018,12.1445
121015,16-08-2018,12.2467
121015,23-08-2018,12.2753
121015,30-08-2018,12.1451
121015,06-09-2018,11.9531
121015,13-09-2018,12.0418
121015,20-09-2018,12.1759
121015,27-09-2018,12.1014
121015,04-10-2018,12.0802
121015,11-10-2018,12.0311
121015,18-10-2018,11.9798
121015,25-10-2018,12.0876
121015,01-11-2018,12.1135
121015,08-11-2018,12.0962
121015,15-11-2018,12.3582
121015,22-11-2018,12.2213
121015,29-11-2018,12.2797
121015,06-12-2018,12.1816
121015,13-12-2018,12.1711
121015,20-12-2018,12.1905
121015,27-12-2018,12.2777
121015,03-01-2019,12.257
121015,10-01-2019,12.2259
121015,17-01-2019,12.2035
121015,24-01-2019,12.1029
121015,31-01-2019,12.169
121015,07-02-2019,12.2013
121015,14-02-2019,12.2486
121015,21-02-2019,12.2467
121015,28-02-2019,12.2327
121015,07-03-2019,12.3527
121015,14-03-2019,12.4586
121015,21-03-2019,12.6046
121015,28-03-2019,12.6472
121015,04-04-2019,12.7891
121015,11-04-2019,12.7516
121015,18-04-2019,12.7362
121015,25-04-2019,12.8631
121015,02-05-2019,12.955
121015,09-05-2019,12.9301
121015,16-05-2019,12.8271
121015,23-05-2019,12.8113
121015,30-05-2019,12.7462
121015,06-06-2019,12.9272
121015,13-06-2019,13.0109
121015,20-06-2019,12.9364
121015,27-06-2019,12.8334
121015,04-07-2019,12.7587
121015,11-07-2019,12.7067
121015,18-07-2019,12.6949
121015,25-07-2019,12.8131
121015,01-08-2019,12.7192
121015,08-08-2019,12.9572
121015,15-08-2019,12.8646
121015,22-08-2019,12.7248
121015,29-08-2019,12.9017
121015,05-09-2019,13.0433
121015,12-09-2019,13.0295
121015,19-09-2019,13.0744
121015,26-09-2019,13.1222
121015,03-10-2019,13.1418
121015,10-10-2019,13.0107
121015,17-10-2019,12.7576
121015,24-10-2019,12.6765
121015,31-10-2019,12.8657
121015,07-11-2019,13.0618
121015,14-11-2019,13.0397
121015,21-11-2019,12.945
121015,28-11-2019,12.979
121015,05-12-2019,13.0297
121015,12-12-2019,13.0976
121015,19-12-2019,12.838
121015,26-12-2019,13.1675
121015,02-01-2020,13.292
121015,09-01-2020,13.2763
121015,16-01-2020,13.2053
121015,23-01-2020,13.3149
121015,30-01-2020,13.373
121015,06-02-2020,13.3882
121015,13-02-2020,13.4426
121015,20-02-2020,13.4359
121015,27-02-2020,13.4845
121015,05-03-2020,13.5682
121015,12-03-2020,13.6109
121015,19-03-2020,13.648
121015,26-03-2020,13.8056
121015,02-04-2020,13.6347
121015,09-04-2020,13.5531
121015,16-04-2020,13.5614
121015,23-04-2020,13.4877
121015,30-04-2020,13.4503
121015,07-05-2020,13.5943
121015,14-05-2020,13.5835
121015,21-05-2020,13.3902
121015,28-05-2020,13.3502
121015,04-06-2020,13.3617
121015,11-06-2020,13.3713
121015,18-06-2020,13.4361
121015,25-06-2020,13.4925
121015,02-07-2020,13.4829
121015,09-07-2020,13.3596
121015,16-07-2020,13.3178
121015,23-07-2020,13.2568
121015,30-07-2020,13.2319
121015,06-08-2020,13.3103
121015,13-08-2020,13.3587
121015,20-08-2020,13.4521
121015,27-08-2020,13.4161
121015,03-09-2020,13.5834
121015,10-09-2020,13.6619
121015,17-09-2020,13.6797
121015,24-09-2020,13.7512
121015,01-10-2020,13.6823
121015,08-10-2020,13.457
121015,15-10-2020,13.397
121015,22-10-2020,13.4825
121015,29-10-2020,13.4966
121015,05-11-2020,13.4872
121015,12-11-2020,13.4011
121015,19-11-2020,13.1968
121015,26-11-2020,13.3525
121015,03-12-2020,13.3356
121015,10-12-2020,13.2951
121015,17-12-2020,13.229
121015,24-12-2020,13.3671
121015,31-12-2020,13.4667
121015,07-01-2021,13.3678
121015,14-01-2021,13.4977
121015,21-01-2021,13.4875
121015,28-01-2021,13.427
121015,04-02-2021,13.4008
121015,11-02-2021,13.3222
121015,18-02-2021,13.1868
121015,25-02-2021,13.2739
121015,04-03-2021,13.2558
121015,11-03-2021,13.3265
121015,18-03-2021,13.3625
121015,25-03-2021,13.4265
121015,01-04-2021,13.2121
121015,08-04-2021,13.1257
121015,15-04-2021,13.1908
121015,22-04-2021,13.0615
121015,29-04-2021,13.1057
121015,06-05-2021,12.9652
121015,13-05-2021,12.9721
121015,20-05-2021,13.1443
121015,27-05-2021,13.231
121015,03-06-2021,13.0404
121015,10-06-2021,13.1342
121015,17-06-2021,13.3309
121015,24-06-2021,13.6345
121015,01-07-2021,13.6918
121015,08-07-2021,13.5478
121015,15-07-2021,13.6003
121015,22-07-2021,13.7794
121015,29-07-2021,13.7643
121015,05-08-2021,13.8847
121015,12-08-2021,13.797
121015,19-08-2021,13.8436
121015,26-08-2021,13.5734
121015,02-09-2021,13.4756
121015,09-09-2021,13.4804
121015,16-09-2021,13.4466
121015,23-09-2021,13.3121
121015,30-09-2021,13.2642
121015,07-10-2021,13.3045
121015,14-10-2021,13.3006
121015,21-10-2021,13.3124
121015,28-10-2021,13.3957
121015,04-11-2021,13.3643
121015,11-11-2021,13.5149
121015,18-11-2021,13.4134
121015,25-11-2021,13.6256
121015,02-12-2021,13.7524
121015,09-12-2021,13.7187
121015,16-12-2021,13.6925
121015,23-12-2021,13.7206
121015,30-12-2021,13.7918
121015,06-01-2022,13.9181
121015,13-01-2022,13.7744
121015,20-01-2022,13.8281
121015,27-01-2022,13.5995
121015,03-02-2022,13.5856
121015,10-02-2022,13.7491
121015,17-02-2022,13.5987
121015,24-02-2022,13.4301
121015,03-03-2022,13.4592
121015,10-03-2022,13.614
121015,17-03-2022,13.6549
121015,24-03-2022,13.4523
121015,31-03-2022,13.2765
121015,07-04-2022,13.2922
121015,14-04-2022,13.1721
121015,21-04-2022,13.1918
121015,28-04-2022,13.2178
121015,05-05-2022,13.1713
121015,12-05-2022,13.3678
121015,19-05-2022,13.4362
121015,26-05-2022,13.5719
121015,02-06-2022,13.6772
121015,09-06-2022,13.6663
121015,16-06-2022,13.6505
121015,23-06-2022,13.6235
121015,30-06-2022,13.7031
121015,07-07-2022,13.6373
121015,14-07-2022,13.831
121015,21-07-2022,13.754
121015,28-07-2022,13.7831
121015,04-08-2022,13.7633
121015,11-08-2022,13.7192
121015,18-08-2022,13.9631
121015,25-08-2022,13.9197
121015,01-09-2022,13.8913
121015,08-09-2022,13.823
121015,15-09-2022,13.8331
121015,22-09-2022,13.8274
121015,29-09-2022,13.7091
121015,06-10-2022,13.6681
121015,13-10-2022,13.7402
121015,20-10-2022,13.8586
121015,27-10-2022,13.8668
121015,03-11-2022,13.8789
121015,10-11-2022,13.8444
121015,17-11-2022,13.7943
121015,24-11-2022,13.6983
121015,01-12-2022,13.5332
121015,08-12-2022,13.4626
121015,15-12-2022,13.5653
121015,22-12-2022,13.5247
121015,29-12-2022,13.4926
121015,05-01-2023,13.4586
121015,12-01-2023,13.598
121015,19-01-2023,13.5024
121015,26-01-2023,13.5378
121015,02-02-2023,13.5358
121015,09-02-2023,13.5485
121015,16-02-2023,13.5804
121015,23-02-2023,13.5921
121015,02-03-2023,13.6837
121015,09-03-2023,13.686
121015,16-03-2023,13.8825
121015,23-03-2023,13.893
121015,30-03-2023,13.7092
121015,06-04-2023,13.7847
121015,13-04-2023,13.8334
121015,20-04-2023,13.8426
121015,27-04-2023,13.8194
121015,04-05-2023,13.5911
121015,11-05-2023,13.3849
121015,18-05-2023,13.5666
121015,25-05-2023,13.5085
121015,01-06-2023,13.6183
121015,08-06-2023,13.4491
121015,15-06-2023,13.3418
121015,22-06-2023,13.4196
121015,29-06-2023,13.414
121015,06-07-2023,13.477
121015,13-07-2023,13.4809
121015,20-07-2023,13.4639
121015,27-07-2023,13.3961
121015,03-08-2023,13.2735
121015,10-08-2023,13.4277
121015,17-08-2023,13.6015
121015,24-08-2023,13.4939
121015,31-08-2023,13.3801
121015,07-09-2023,13.3482
121015,14-09-2023,13.3899
121015,21-09-2023,13.3758
121015,28-09-2023,13.4346
121015,05-10-2023,13.4347
121015,12-10-2023,13.4277
121015,19-10-2023,13.6923
121015,26-10-2023,13.6403
121015,02-11-2023,13.8247
121015,09-11-2023,13.9902
121015,16-11-2023,14.0522
121015,23-11-2023,13.8413
121015,30-11-2023,13.8503
121015,07-12-2023,13.7988
121015,14-12-2023,13.8066
121015,21-12-2023,13.6947
121015,28-12-2023,13.783
121015,04-01-2024,13.8971
121015,11-01-2024,14.0328
121015,18-01-2024,13.9955
121015,25-01-2024,13.8825
121015,01-02-2024,13.9271
121015,08-02-2024,14.1283
121015,15-02-2024,14.1418
121015,22-02-2024,14.1986
121015,29-02-2024,14.1776
121015,07-03-2024,14.1262
121015,14-03-2024,14.2062
121015,21-03-2024,14.1998
121015,28-03-2024,14.2514
121015,04-04-2024,14.3149
121015,11-04-2024,14.3605
121015,18-04-2024,14.4303
121015,25-04-2024,14.3376
121015,02-05-2024,14.2385
121015,09-05-2024,14.2393
121015,16-05-2024,14.2429
121015,23-05-2024,14.1891
121015,30-05-2024,14.2221
121015,06-06-2024,14.3311
121015,13-06-2024,14.473
121015,20-06-2024,14.6423
121015,27-06-2024,14.4942
121015,04-07-2024,14.3651
121015,11-07-2024,14.3376
121015,18-07-2024,14.3525
121015,25-07-2024,14.3309
121016,01-01-2015,9.9598
121016,08-01-2015,9.9395
121016,15-01-2015,9.9819
121016,22-01-2015,9.8797
121016,29-01-2015,10.0689
121016,05-02-2015,10.0746
121016,12-02-2015,10.1633
121016,19-02-2015,10.1203
121016,26-02-2015,10.1708
121016,05-03-2015,10.183
121016,12-03-2015,10.2569
121016,19-03-2015,10.2447
121016,26-03-2015,10.376
121016,02-04-2015,10.2563
121016,09-04-2015,10.3382
121016,16-04-2015,10.3522
121016,23-04-2015,10.272
121016,30-04-2015,10.4365
121016,07-05-2015,10.5951
121016,14-05-2015,10.4235
121016,21-05-2015,10.4424
121016,28-05-2015,10.5056
121016,04-06-2015,10.5469
121016,11-06-2015,10.679
121016,18-06-2015,10.795
121016,25-06-2015,10.8222
121016,02-07-2015,11.0236
121016,09-07-2015,11.1107
121016,16-07-2015,11.0839
121016,23-07-2015,11.0393
121016,30-07-2015,11.1536
121016,06-08-2015,11.0873
121016,13-08-2015,11.0554
121016,20-08-2015,11.0386
121016,27-08-2015,11.0744
121016,03-09-2015,11.0617
121016,10-09-2015,10.9496
121016,17-09-2015,11.0558
121016,24-09-2015,11.0244
121016,01-10-2015,11.207
121016,08-10-2015,11.2387
121016,15-10-2015,11.3571
121016,22-10-2015,11.419
121016,29-10-2015,11.5437
121016,05-11-2015,11.601
121016,12-11-2015,11.6275
121016,19-11-2015,11.7338
121016,26-11-2015,11.9719
121016,03-12-2015,11.9508
121016,10-12-2015,12.0316
121016,17-12-2015,12.0359
121016,24-12-2015,12.0894
121016,31-12-2015,12.0983
121016,07-01-2016,11.8943
121016,14-01-2016,11.8801
121016,21-01-2016,11.9798
121016,28-01-2016,11.9113
121016,04-02-2016,12.0038
121016,11-02-2016,12.0262
121016,18-02-2016,12.0126
121016,25-02-2016,12.1045
121016,03-03-2016,12.1752
121016,10-03-2016,12.2211
121016,17-03-2016,12.3253
121016,24-03-2016,12.3502
121016,31-03-2016,12.1927
121016,07-04-2016,12.1607
121016,14-04-2016,11.99
121016,21-04-2016,12.0579
121016,28-04-2016,12.1491
121016,05-05-2016,12.2455
121016,12-05-2016,12.2983
121016,19-05-2016,12.3985
121016,26-05-2016,12.2471
121016,02-06-2016,12.2414
121016,09-06-2016,12.1078
121016,16-06-2016,12.0779
121016,23-06-2016,12.2389
121016,30-06-2016,12.3508
121016,07-07-2016,12.4212
121016,14-07-2016,12.4081
121016,21-07-2016,12.3145
121016,28-07-2016,12.3378
121016,04-08-2016,12.4524
121016,11-08-2016,12.4982
121016,18-08-2016,12.3446
121016,25-08-2016,12.3599
121016,01-09-2016,12.1757
121016,08-09-2016,12.2589
121016,15-09-2016,12.1958
121016,22-09-2016,12.0813
121016,29-09-2016,12.1652
121016,06-10-2016,12.2245
121016,13-10-2016,12.2522
121016,20-10-2016,12.4719
121016,27-10-2016,12.5402
121016,03-11-2016,12.4805
121016,10-11-2016,12.5374
121016,17-11-2016,12.5137
121016,24-11-2016,12.6455
121016,01-12-2016,12.679
121016,08-12-2016,12.7226
121016,15-12-2016,12.5809
121016,22-12-2016,12.5921
121016,29-12-2016,12.5915
121016,05-01-2017,12.4933
121016,12-01-2017,12.4762
121016,19-01-2017,12.5247
121016,26-01-2017,12.5292
121016,02-02-2017,12.3927
121016,09-02-2017,12.3706
121016,16-02-2017,12.3292
121016,23-02-2017,12.3532
121016,02-03-2017,12.3666
121016,09-03-2017,12.3308
121016,16-03-2017,12.2913
121016,23-03-2017,12.3029
121016,30-03-2017,12.4026
121016,06-04-2017,12.4352
121016,13-04-2017,12.5817
121016,20-04-2017,12.7008
121016,27-04-2017,12.8579
121016,04-05-2017,13.0039
121016,11-05-2017,13.1717
121016,18-05-2017,13.0554
121016,25-05-2017,13.1283
121016,01-06-2017,13.2615
121016,08-06-2017,13.4152
121016,15-06-2017,13.3379
121016,22-06-2017,13.4133
121016,29-06-2017,13.4268
121016,06-07-2017,13.6305
121016,13-07-2017,13.4847
121016,20-07-2017,13.4071
121016,27-07-2017,13.2183
121016,03-08-2017,13.2389
121016,10-08-2017,13.4839
121016,17-08-2017,13.4845
121016,24-08-2017,13.5008
121016,31-08-2017,13.5657
121016,07-09-2017,13.5585
121016,14-09-2017,13.6036
121016,21-09-2017,13.6517
121016,28-09-2017,13.5648
121016,05-10-2017,13.56
121016,12-10-2017,13.646
121016,19-10-2017,13.7528
121016,26-10-2017,13.9012
121016,02-11-2017,13.944
121016,09-11-2017,13.9893
121016,16-11-2017,14.0788
121016,23-11-2017,14.0175
121016,30-11-2017,13.9518
121016,07-12-2017,13.9434
121016,14-12-2017,13.8068
121016,21-12-2017,13.8573
121016,28-12-2017,13.9791
121016,04-01-2018,13.9053
121016,11-01-2018,13.9593
121016,18-01-2018,13.8946
121016,25-01-2018,13.7871
121016,01-02-2018,14.0194
121016,08-02-2018,13.9126
121016,15-02-2018,13.7758
121016,22-02-2018,13.8049
121016,01-03-2018,13.8401
121016,08-03-2018,13.9195
121016,15-03-2018,14.1479
121016,22-03-2018,14.0656
121016,29-03-2018,14.0062
121016,05-04-2018,14.192
121016,12-04-2018,14.3043
121016,19-04-2018,14.4016
121016,26-04-2018,14.3394
121016,03-05-2018,14.4743
121016,10-05-2018,14.5731
121016,17-05-2018,14.601
121016,24-05-2018,14.5386
121016,31-05-2018,14.5568
121016,07-06-2018,14.7546
121016,14-06-2018,14.6313
121016,21-06-2018,14.5436
121016,28-06-2018,14.4764
121016,05-07-2018,14.4346
121016,12-07-2018,14.4385
121016,19-07-2018,14.555
121016,26-07-2018,14.6146
121016,02-08-2018,14.6275
121016,09-08-2018,14.6658
121016,16-08-2018,14.7449
121016,23-08-2018,14.5524
121016,30-08-2018,14.683
121016,06-09-2018,14.5918
121016,13-09-2018,14.5458
121016,20-09-2018,14.5913
121016,27-09-2018,14.5883
121016,04-10-2018,14.651
121016,11-10-2018,14.6735
121016,18-10-2018,14.6454
121016,25-10-2018,14.8303
121016,01-11-2018,14.9203
121016,08-11-2018,14.9623
121016,15-11-2018,15.0512
121016,22-11-2018,14.9723
121016,29-11-2018,15.2387
121016,06-12-2018,15.1122
121016,13-12-2018,15.132
121016,20-12-2018,15.1034
121016,27-12-2018,15.0702
121016,03-01-2019,15.0215
121016,10-01-2019,14.9347
121016,17-01-2019,15.0827
121016,24-01-2019,14.9434
121016,31-01-2019,15.0669
121016,07-02-2019,15.1511
121016,14-02-2019,15.111
121016,21-02-2019,15.1814
121016,28-02-2019,15.1683
121016,07-03-2019,15.0408
121016,14-03-2019,14.9156
121016,21-03-2019,14.9998
121016,28-03-2019,15.0782
121016,04-04-2019,15.1134
121016,11-04-2019,15.0721
121016,18-04-2019,15.0552
121016,25-04-2019,15.022
121016,02-05-2019,14.8181
121016,09-05-2019,14.8313
121016,16-05-2019,14.8992
121016,23-05-2019,14.9132
121016,30-05-2019,15.1303
121016,06-06-2019,15.0147
121016,13-06-2019,14.9413
121016,20-06-2019,14.9632
121016,27-06-2019,14.9983
121016,04-07-2019,14.7762
121016,11-07-2019,14.8534
121016,18-07-2019,14.8888
121016,25-07-2019,14.6423
121016,01-08-2019,14.6345
121016,08-08-2019,14.5457
121016,15-08-2019,14.4988
121016,22-08-2019,14.3494
121016,29-08-2019,14.4029
121016,05-09-2019,14.6117
121016,12-09-2019,14.6485
121016,19-09-2019,14.4013
121016,26-09-2019,14.44
121016,03-10-2019,14.4232
121016,10-10-2019,14.302
121016,17-10-2019,14.3482
121016,24-10-2019,14.4549
121016,31-10-2019,14.3834
121016,07-11-2019,14.2
121016,14-11-2019,13.9771
121016,21-11-2019,13.9083
121016,28-11-2019,13.8965
121016,05-12-2019,13.8447
121016,12-12-2019,13.7746
121016,19-12-2019,13.8427
121016,26-12-2019,13.8995
121016,02-01-2020,13.9272
121016,09-01-2020,14.0238
121016,16-01-2020,13.9557
121016,23-01-2020,13.8391
121016,30-01-2020,13.7868
121016,06-02-2020,13.7271
121016,13-02-2020,13.5074
121016,20-02-2020,13.4538
121016,27-02-2020,13.5781
121016,05-03-2020,13.6705
121016,12-03-2020,13.7334
121016,19-03-2020,13.7534
121016,26-03-2020,13.9183
121016,02-04-2020,13.8058
121016,09-04-2020,13.7048
121016,16-04-2020,13.8335
121016,23-04-2020,13.8421
121016,30-04-2020,13.7733
121016,07-05-2020,13.8397
121016,14-05-2020,13.7966
121016,21-05-2020,13.7097
121016,28-05-2020,13.6203
121016,04-06-2020,13.6608
121016,11-06-2020,13.6887
121016,18-06-2020,13.8603
121016,25-06-2020,13.8337
121016,02-07-2020,13.8052
121016,09-07-2020,13.9698
121016,16-07-2020,14.0855
121016,23-07-2020,14.1075
121016,30-07-2020,13.9369
121016,06-08-2020,13.852
121016,13-08-2020,13.7407
121016,20-08-2020,13.7502
121016,27-08-2020,13.6998
121016,03-09-2020,13.881
121016,10-09-2020,13.712
121016,17-09-2020,13.5901
121016,24-09-2020,13.6221
121016,01-10-2020,13.6844
121016,08-10-2020,13.4066
121016,15-10-2020,13.2259
121016,22-10-2020,13.2033
121016,29-10-2020,13.3518
121016,05-11-2020,13.5588
121016,12-11-2020,13.5192
121016,19-11-2020,13.5062
121016,26-11-2020,13.4212
121016,03-12-2020,13.4945
121016,10-12-2020,13.6649
121016,17-12-2020,13.8077
121016,24-12-2020,13.81
121016,31-12-2020,13.7229
121016,07-01-2021,13.7293
121016,14-01-2021,13.8864
121016,21-01-2021,13.8475
121016,28-01-2021,13.6519
121016,04-02-2021,13.6181
121016,11-02-2021,13.5931
121016,18-02-2021,13.4005
121016,25-02-2021,13.4307
121016,04-03-2021,13.4905
121016,11-03-2021,13.6966
121016,18-03-2021,13.5561
121016,25-03-2021,13.6407
121016,01-04-2021,13.7517
121016,08-04-2021,13.8144
121016,15-04-2021,13.7086
121016,22-04-2021,13.5973
121016,29-04-2021,13.6133
121016,06-05-2021,13.6286
121016,13-05-2021,13.5731
121016,20-05-2021,13.7187
121016,27-05-2021,13.6802
121016,03-06-2021,13.4785
121016,10-06-2021,13.4597
121016,17-06-2021,13.5168
121016,24-06-2021,13.5592
121016,01-07-2021,13.6009
121016,08-07-2021,13.7689
121016,15-07-2021,13.6516
121016,22-07-2021,13.6107
121016,29-07-2021,13.7844
121016,05-08-2021,13.573
121016,12-08-2021,13.5726
121016,19-08-2021,13.7115
121016,26-08-2021,13.8501
121016,02-09-2021,13.9288
121016,09-09-2021,14.0107
121016,16-09-2021,13.8997
121016,23-09-2021,14.0579
121016,30-09-2021,13.9286
121016,07-10-2021,13.8071
121016,14-10-2021,13.8554
121016,21-10-2021,13.8063
121016,28-10-2021,13.8347
121016,04-11-2021,13.8879
121016,11-11-2021,14.091
121016,18-11-2021,14.1455
121016,25-11-2021,14.0812
121016,02-12-2021,14.163
121016,09-12-2021,14.0745
121016,16-12-2021,14.1829
121016,23-12-2021,14.1959
121016,30-12-2021,14.2471
121016,06-01-2022,14.0498
121016,13-01-2022,13.8025
121016,20-01-2022,13.6422
121016,27-01-2022,13.8382
121016,03-02-2022,13.7166
121016,10-02-2022,13.8025
121016,17-02-2022,13.7371
121016,24-02-2022,13.7162
121016,03-03-2022,13.7168
121016,10-03-2022,13.9027
121016,17-03-2022,13.9732
121016,24-03-2022,14.0219
121016,31-03-2022,14.1729
121016,07-04-2022,14.1068
121016,14-04-2022,14.233
121016,21-04-2022,14.3413
121016,28-04-2022,14.4492
121016,05-05-2022,14.437
121016,12-05-2022,14.3923
121016,19-05-2022,14.2979
121016,26-05-2022,14.2113
121016,02-06-2022,14.1127
121016,09-06-2022,14.1598
121016,16-06-2022,14.1396
121016,23-06-2022,14.194
121016,30-06-2022,14.2551
121016,07-07-2022,14.14
121016,14-07-2022,14.0223
121016,21-07-2022,14.0023
121016,28-07-2022,13.9211
121016,04-08-2022,13.8286
121016,11-08-2022,14.0217
121016,18-08-2022,13.8553
121016,25-08-2022,14.0851
121016,01-09-2022,14.1233
121016,08-09-2022,14.2404
121016,15-09-2022,14.345
121016,22-09-2022,14.4215
121016,29-09-2022,14.619
121016,06-10-2022,14.4983
121016,13-10-2022,14.4859
121016,20-10-2022,14.3929
121016,27-10-2022,14.2034
121016,03-11-2022,14.1339
121016,10-11-2022,14.3513
121016,17-11-2022,14.3371
121016,24-11-2022,14.5704
121016,01-12-2022,14.8193
121016,08-12-2022,15.1803
121016,15-12-2022,15.4178
121016,22-12-2022,15.7148
121016,29-12-2022,15.762
121016,05-01-2023,15.7971
121016,12-01-2023,15.8407
121016,19-01-2023,15.847
121016,26-01-2023,15.8723
121016,02-02-2023,15.9742
121016,09-02-2023,15.9211
121016,16-02-2023,15.752
121016,23-02-2023,15.8041
121016,02-03-2023,15.7228
121016,09-03-2023,15.655
121016,16-03-2023,15.6434
121016,23-03-2023,15.6031
121016,30-03-2023,15.7479
121016,06-04-2023,15.7331
121016,13-04-2023,15.8855
121016,20-04-2023,15.918
121016,27-04-2023,15.9131
121016,04-05-2023,15.9396
121016,11-05-2023,15.7813
121016,18-05-2023,15.8303
121016,25-05-2023,15.9442
121016,01-06-2023,16.0769
121016,08-06-2023,15.9095
121016,15-06-2023,15.7225
121016,22-06-2023,15.6613
121016,29-06-2023,15.841
121016,06-07-2023,15.8754
121016,13-07-2023,15.7833
121016,20-07-2023,15.6062
121016,27-07-2023,15.527
121016,03-08-2023,15.4399
121016,10-08-2023,15.5616
121016,17-08-2023,15.6939
121016,24-08-2023,15.5684
121016,31-08-2023,15.6684
121016,07-09-2023,15.7562
121016,14-09-2023,15.6138
121016,21-09-2023,15.6096
121016,28-09-2023,15.6584
121016,05-10-2023,15.6851
121016,12-10-2023,15.4768
121016,19-10-2023,15.4992
121016,26-10-2023,15.5843
121016,02-11-2023,15.7875
121016,09-11-2023,15.7093
121016,16-11-2023,15.647
121016,23-11-2023,15.6271
121016,30-11-2023,15.6698
121016,07-12-2023,15.6882
121016,14-12-2023,15.7704
121016,21-12-2023,15.6347
121016,28-12-2023,15.6906
121016,04-01-2024,15.6037
121016,11-01-2024,15.5921
121016,18-01-2024,15.8113
121016,25-01-2024,15.6408
121016,01-02-2024,15.6121
121016,08-02-2024,15.4591
121016,15-02-2024,15.4842
121016,22-02-2024,15.6203
121016,29-02-2024,15.6477
121016,07-03-2024,15.6394
121016,14-03-2024,15.8118
121016,21-03-2024,15.86
121016,28-03-2024,15.9703
121016,04-04-2024,16.0681
121016,11-04-2024,15.7048
121016,18-04-2024,15.7014
121016,25-04-2024,15.5723
121016,02-05-2024,15.4752
121016,09-05-2024,15.664
121016,16-05-2024,15.6233
121016,23-05-2024,15.866
121016,30-05-2024,15.6937
121016,06-06-2024,15.5639
121016,13-06-2024,15.6651
121016,20-06-2024,15.6286
121016,27-06-2024,15.6732
121016,04-07-2024,15.6654
121016,11-07-2024,15.6538
121016,18-07-2024,15.622
121016,25-07-2024,15.6507
121017,01-01-2015,10.0553
121017,08-01-2015,10.1892
121017,15-01-2015,10.1768
121017,22-01-2015,10.1488
121017,29-01-2015,10.1105
121017,05-02-2015,10.2334
121017,12-02-2015,10.294
121017,19-02-2015,10.1417
121017,26-02-2015,9.9881
121017,05-03-2015,9.9258
121017,12-03-2015,9.948
121017,19-03-2015,9.9494
121017,26-03-2015,9.9943
121017,02-04-2015,9.9843
121017,09-04-2015,10.0999
121017,16-04-2015,10.1663
121017,23-04-2015,10.1767
121017,30-04-2015,10.274
121017,07-05-2015,10.1426
121017,14-05-2015,10.1397
121017,21-05-2015,10.155
121017,28-05-2015,10.2079
121017,04-06-2015,10.0719
121017,11-06-2015,10.055
121017,18-06-2015,10.0912
121017,25-06-2015,10.1338
121017,02-07-2015,10.234
121017,09-07-2015,10.3004
121017,16-07-2015,10.2995
121017,23-07-2015,10.3593
121017,30-07-2015,10.3467
121017,06-08-2015,10.363
121017,13-08-2015,10.4331
121017,20-08-2015,10.4334
121017,27-08-2015,10.4678
121017,03-09-2015,10.5525
121017,10-09-2015,10.6169
121017,17-09-2015,10.7259
121017,24-09-2015,10.93
121017,01-10-2015,10.9958
121017,08-10-2015,10.9596
121017,15-10-2015,11.0089
121017,22-10-2015,11.0546
121017,29-10-2015,11.1133
121017,05-11-2015,11.2506
121017,12-11-2015,11.1035
121017,19-11-2015,11.2424
121017,26-11-2015,11.4134
121017,03-12-2015,11.4698
121017,10-12-2015,11.5287
121017,17-12-2015,11.511
121017,24-12-2015,11.5162
121017,31-12-2015,11.5851
121017,07-01-2016,11.6485
121017,14-01-2016,11.7203
121017,21-01-2016,11.7838
121017,28-01-2016,11.8732
121017,04-02-2016,11.9526
121017,11-02-2016,11.8595
121017,18-02-2016,11.9432
121017,25-02-2016,12.1255
121017,03-03-2016,12.1278
121017,10-03-2016,12.2781
121017,17-03-2016,12.1929
121017,24-03-2016,12.1949
121017,31-03-2016,12.1372
121017,07-04-2016,12.276
121017,14-04-2016,12.442
121017,21-04-2016,12.4371
121017,28-04-2016,12.5586
121017,05-05-2016,12.7295
121017,12-05-2016,12.7312
121017,19-05-2016,12.7495
121017,26-05-2016,12.8295
121017,02-06-2016,12.7481
121017,09-06-2016,12.7645
121017,16-06-2016,12.9884
121017,23-06-2016,12.9416
121017,30-06-2016,13.0352
121017,07-07-2016,13.095
121017,14-07-2016,13.0831
121017,21-07-2016,13.1115
121017,28-07-2016,13.3006
121017,04-08-2016,13.3648
121017,11-08-2016,13.4461
121017,18-08-2016,13.6237
121017,25-08-2016,13.5976
121017,01-09-2016,13.4891
121017,08-09-2016,13.6853
121017,15-09-2016,13.7058
121017,22-09-2016,13.8092
121017,29-09-2016,13.7305
121017,06-10-2016,13.7787
121017,13-10-2016,13.6633
121017,20-10-2016,13.6757
121017,27-10-2016,13.6103
121017,03-11-2016,13.5202
121017,10-11-2016,13.4928
121017,17-11-2016,13.2507
121017,24-11-2016,13.133
121017,01-12-2016,13.2205
121017,08-12-2016,13.2625
121017,15-12-2016,13.1539
121017,22-12-2016,13.2168
121017,29-12-2016,13.1292
121017,05-01-2017,13.2103
121017,12-01-2017,13.2034
121017,19-01-2017,13.1743
121017,26-01-2017,13.17
121017,02-02-2017,13.4449
121017,09-02-2017,13.3687
121017,16-02-2017,13.3982
121017,23-02-2017,13.4874
121017,02-03-2017,13.3889
121017,09-03-2017,13.2235
121017,16-03-2017,13.1652
121017,23-03-2017,13.2505
121017,30-03-2017,13.2195
121017,06-04-2017,13.2003
121017,13-04-2017,13.3018
121017,20-04-2017,13.2213
121017,27-04-2017,13.2172
121017,04-05-2017,13.0624
121017,11-05-2017,13.1012
121017,18-05-2017,13.1305
121017,25-05-2017,13.2193
121017,01-06-2017,13.1035
121017,08-06-2017,13.0886
121017,15-06-2017,12.96
121017,22-06-2017,12.9396
121017,29-06-2017,13.0982
121017,06-07-2017,13.0698
121017,13-07-2017,12.9322
121017,20-07-2017,12.8671
121017,27-07-2017,12.7064
121017,03-08-2017,12.5798
121017,10-08-2017,12.6523
121017,17-08-2017,12.511
121017,24-08-2017,12.5472
121017,31-08-2017,12.5548
121017,07-09-2017,12.5065
121017,14-09-2017,12.5342
121017,21-09-2017,12.4452
121017,28-09-2017,12.5339
121017,05-10-2017,12.4689
121017,12-10-2017,12.4354
121017,19-10-2017,12.3901
121017,26-10-2017,12.4634
121017,02-11-2017,12.5226
121017,09-11-2017,12.265
121017,16-11-2017,12.2948
121017,23-11-2017,12.1282
121017,30-11-2017,12.0999
121017,07-12-2017,12.0943
121017,14-12-2017,12.065
121017,21-12-2017,12.1182
121017,28-12-2017,12.1929
121017,04-01-2018,12.1223
121017,11-01-2018,12.0486
121017,18-01-2018,12.05
121017,25-01-2018,11.906
121017,01-02-2018,11.8653
121017,08-02-2018,11.998
121017,15-02-2018,11.8582
121017,22-02-2018,11.8307
121017,01-03-2018,11.7794
121017,08-03-2018,11.9731
121017,15-03-2018,11.9263
121017,22-03-2018,11.8853
121017,29-03-2018,11.7921
121017,05-04-2018,11.7977
121017,12-04-2018,11.8279
121017,19-04-2018,11.7488
121017,26-04-2018,11.8464
121017,03-05-2018,11.8768
121017,10-05-2018,11.9625
121017,17-05-2018,11.9359
121017,24-05-2018,11.9639
121017,31-05-2018,11.9483
121017,07-06-2018,12.0924
121017,14-06-2018,12.1085
121017,21-06-2018,12.1142
121017,28-06-2018,12.0746
121017,05-07-2018,12.0296
121017,12-07-2018,12.0573
121017,19-07-2018,12.1412
121017,26-07-2018,12.0796
121017,02-08-2018,12.0966
121017,09-08-2018,12.1193
121017,16-08-2018,12.1589
121017,23-08-2018,11.9976
121017,30-08-2018,11.9137
121017,06-09-2018,11.7883
121017,13-09-2018,11.7961
121017,20-09-2018,11.7158
121017,27-09-2018,11.674
121017,04-10-2018,11.5671
121017,11-10-2018,11.5344
121017,18-10-2018,11.4353
121017,25-10-2018,11.5092
121017,01-11-2018,11.5579
121017,08-11-2018,11.5764
121017,15-11-2018,11.5531
121017,22-11-2018,11.3694
121017,29-11-2018,11.3323
121017,06-12-2018,11.2678
121017,13-12-2018,11.2946
121017,20-12-2018,11.3551
121017,27-12-2018,11.3891
121017,03-01-2019,11.5088
121017,10-01-2019,11.461
121017,17-01-2019,11.4097
121017,24-01-2019,11.509
121017,31-01-2019,11.5289
121017,07-02-2019,11.5107
121017,14-02-2019,11.6854
121017,21-02-2019,11.7441
121017,28-02-2019,11.7309
121017,07-03-2019,11.6712
121017,14-03-2019,11.7997
121017,21-03-2019,11.824
121017,28-03-2019,11.831
121017,04-04-2019,11.8998
121017,11-04-2019,11.9883
121017,18-04-2019,12.0458
121017,25-04-2019,12.1358
121017,02-05-2019,12.1845
121017,09-05-2019,12.2435
121017,16-05-2019,12.1767
121017,23-05-2019,12.3579
121017,30-05-2019,12.2409
121017,06-06-2019,12.2761
121017,13-06-2019,12.1497
121017,20-06-2019,12.1451
121017,27-06-2019,12.0944
121017,04-07-2019,12.1124
121017,11-07-2019,12.1503
121017,18-07-2019,12.0622
121017,25-07-2019,12.0642
121017,01-08-2019,12.2036
121017,08-08-2019,12.0803
121017,15-08-2019,12.0026
121017,22-08-2019,12.0901
121017,29-08-2019,12.1024
121017,05-09-2019,12.1219
121017,12-09-2019,12.2259
121017,19-09-2019,12.1531
121017,26-09-2019,12.1075
121017,03-10-2019,12.0501
121017,10-10-2019,12.0213
121017,17-10-2019,12.1549
121017,24-10-2019,11.9944
121017,31-10-2019,11.8846
121017,07-11-2019,11.7595
121017,14-11-2019,11.8961
121017,21-11-2019,11.8424
121017,28-11-2019,11.8162
121017,05-12-2019,11.6683
121017,12-12-2019,11.6484
121017,19-12-2019,11.7338
121017,26-12-2019,11.7623
121017,02-01-2020,11.7568
121017,09-01-2020,11.6143
121017,16-01-2020,11.5885
121017,23-01-2020,11.6068
121017,30-01-2020,11.5193
121017,06-02-2020,11.5843
121017,13-02-2020,11.6709
121017,20-02-2020,11.6262
121017,27-02-2020,11.6984
121017,05-03-2020,11.6928
121017,12-03-2020,11.8048
121017,19-03-2020,12.0016
121017,26-03-2020,11.9014
121017,02-04-2020,11.9794
121017,09-04-2020,12.1093
121017,16-04-2020,12.0201
121017,23-04-2020,11.9696
121017,30-04-2020,11.9182
121017,07-05-2020,11.9104
121017,14-05-2020,11.8812
121017,21-05-2020,11.8671
121017,28-05-2020,11.9514
121017,04-06-2020,11.7749
121017,11-06-2020,11.6879
121017,18-06-2020,11.7552
121017,25-06-2020,11.8119
121017,02-07-2020,11.7166
121017,09-07-2020,11.7737
121017,16-07-2020,11.9034
121017,23-07-2020,11.9035
121017,30-07-2020,11.8123
121017,06-08-2020,11.8997
121017,13-08-2020,12.0685
121017,20-08-2020,11.9877
121017,27-08-2020,11.9963
121017,03-09-2020,12.1057
121017,10-09-2020,12.1217
121017,17-09-2020,11.9571
121017,24-09-2020,12.0043
121017,01-10-2020,11.9151
121017,08-10-2020,11.7988
121017,15-10-2020,11.6404
121017,22-10-2020,11.7559
121017,29-10-2020,11.6821
121017,05-11-2020,11.7179
121017,12-11-2020,11.7769
121017,19-11-2020,11.7969
121017,26-11-2020,11.8296
121017,03-12-2020,11.8704
121017,10-12-2020,11.8882
121017,17-12-2020,11.8207
121017,24-12-2020,11.7451
121017,31-12-2020,11.7399
121017,07-01-2021,11.7328
121017,14-01-2021,11.7778
121017,21-01-2021,11.8863
121017,28-01-2021,11.9237
121017,04-02-2021,11.8512
121017,11-02-2021,11.6491
121017,18-02-2021,11.5821
121017,25-02-2021,11.4622
121017,04-03-2021,11.3998
121017,11-03-2021,11.4264
121017,18-03-2021,11.4387
121017,25-03-2021,11.6133
121017,01-04-2021,11.6629
121017,08-04-2021,11.8457
121017,15-04-2021,11.9182
121017,22-04-2021,12.0264
121017,29-04-2021,11.9967
121017,06-05-2021,11.8984
121017,13-05-2021,11.8604
121017,20-05-2021,11.864
121017,27-05-2021,11.8092
121017,03-06-2021,11.7193
121017,10-06-2021,11.7631
121017,17-06-2021,11.6732
121017,24-06-2021,11.5346
121017,01-07-2021,11.4357
121017,08-07-2021,11.4188
121017,15-07-2021,11.3329
121017,22-07-2021,11.3167
121017,29-07-2021,11.3756
121017,05-08-2021,11.4325
121017,12-08-2021,11.3766
121017,19-08-2021,11.2625
121017,26-08-2021,11.2151
121017,02-09-2021,11.2784
121017,09-09-2021,11.3632
121017,16-09-2021,11.3998
121017,23-09-2021,11.5139
121017,30-09-2021,11.6778
121017,07-10-2021,11.6373
121017,14-10-2021,11.7804
121017,21-10-2021,11.7605
121017,28-10-2021,11.8612
121017,04-11-2021,11.9332
121017,11-11-2021,11.7492
121017,18-11-2021,11.6631
121017,25-11-2021,11.5538
121017,02-12-2021,11.3937
121017,09-12-2021,11.4784
121017,16-12-2021,11.673
121017,23-12-2021,11.6536
121017,30-12-2021,11.7379
121017,06-01-2022,11.882
121017,13-01-2022,11.9065
121017,20-01-2022,11.9089
121017,27-01-2022,11.8902
121017,03-02-2022,11.9461
121017,10-02-2022,12.0345
121017,17-02-2022,12.0838
121017,24-02-2022,12.1299
121017,03-03-2022,12.1298
121017,10-03-2022,11.9801
121017,17-03-2022,12.0709
121017,24-03-2022,11.9517
121017,31-03-2022,12.0157
121017,07-04-2022,12.0931
121017,14-04-2022,11.9877
121017,21-04-2022,11.9342
121017,28-04-2022,12.1415
121017,05-05-2022,12.1386
121017,12-05-2022,12.025
121017,19-05-2022,12.1068
121017,26-05-2022,12.0368
121017,02-06-2022,11.8567
121017,09-06-2022,11.9108
121017,16-06-2022,11.8282
121017,23-06-2022,11.8633
121017,30-06-2022,11.7909
121017,07-07-2022,11.8623
121017,14-07-2022,11.8845
121017,21-07-2022,11.6431
121017,28-07-2022,11.6833
121017,04-08-2022,11.6609
121017,11-08-2022,11.7977
121017,18-08-2022,11.8398
121017,25-08-2022,11.9161
121017,01-09-2022,11.8532
121017,08-09-2022,11.783
121017,15-09-2022,11.7853
121017,22-09-2022,11.756
121017,29-09-2022,11.8865
121017,06-10-2022,11.8767
121017,13-10-2022,11.7651
121017,20-10-2022,11.6919
121017,27-10-2022,11.7868
121017,03-11-2022,11.7758
121017,10-11-2022,11.7597
121017,17-11-2022,11.8641
121017,24-11-2022,11.7821
121017,01-12-2022,11.5761
121017,08-12-2022,11.5017
121017,15-12-2022,11.5286
121017,22-12-2022,11.5102
121017,29-12-2022,11.3711
121017,05-01-2023,11.4681
121017,12-01-2023,11.4877
121017,19-01-2023,11.528
121017,26-01-2023,11.5714
121017,02-02-2023,11.4558
121017,09-02-2023,11.4881
121017,16-02-2023,11.5761
121017,23-02-2023,11.6863
121017,02-03-2023,11.7585
121017,09-03-2023,11.8114
121017,16-03-2023,11.652
121017,23-03-2023,11.6552
121017,30-03-2023,11.5707
121017,06-04-2023,11.694
121017,13-04-2023,11.8045
121017,20-04-2023,11.7194
121017,27-04-2023,11.7198
121017,04-05-2023,11.7478
121017,11-05-2023,11.8371
121017,18-05-2023,11.6832
121017,25-05-2023,11.4813
121017,01-06-2023,11.4894
121017,08-06-2023,11.2614
121017,15-06-2023,11.2802
121017,22-06-2023,11.3381
121017,29-06-2023,11.4548
121017,06-07-2023,11.4023
121017,13-07-2023,11.4216
121017,20-07-2023,11.4857
121017,27-07-2023,11.3822
121017,03-08-2023,11.4701
121017,10-08-2023,11.4999
121017,17-08-2023,11.4488
121017,24-08-2023,11.4663
121017,31-08-2023,11.4581
121017,07-09-2023,11.5342
121017,14-09-2023,11.5056
121017,21-09-2023,11.5311
121017,28-09-2023,11.4784
121017,05-10-2023,11.3969
121017,12-10-2023,11.4171
121017,19-10-2023,11.3397
121017,26-10-2023,11.4169
121017,02-11-2023,11.4755
121017,09-11-2023,11.4099
121017,16-11-2023,11.434
121017,23-11-2023,11.3681
121017,30-11-2023,11.2268
121017,07-12-2023,11.1776
121017,14-12-2023,11.1776
121017,21-12-2023,11.2287
121017,28-12-2023,11.2466
121017,04-01-2024,11.3328
121017,11-01-2024,11.2484
121017,18-01-2024,11.219
121017,25-01-2024,11.371
121017,01-02-2024,11.1999
121017,08-02-2024,11.1639
121017,15-02-2024,11.0727
121017,22-02-2024,11.0598
121017,29-02-2024,11.0258
121017,07-03-2024,11.0833
121017,14-03-2024,11.1104
121017,21-03-2024,10.9988
121017,28-03-2024,10.9514
121017,04-04-2024,10.9558
121017,11-04-2024,11.025
121017,18-04-2024,11.244
121017,25-04-2024,11.3117
121017,02-05-2024,11.2246
121017,09-05-2024,11.2207
121017,16-05-2024,11.2414
121017,23-05-2024,11.1992
121017,30-05-2024,11.2458
121017,06-06-2024,11.0459
121017,13-06-2024,11.0992
121017,20-06-2024,11.0614
121017,27-06-2024,11.0561
121017,04-07-2024,11.1902
121017,11-07-2024,11.0817
121017,18-07-2024,11.1103
121017,25-07-2024,11.1853
121018,01-01-2015,10.0176
121018,08-01-2015,9.8923
121018,15-01-2015,10.0031
121018,22-01-2015,9.9902
121018,29-01-2015,9.952
121018,05-02-2015,9.9313
121018,12-02-2015,9.9049
121018,19-02-2015,9.8145
121018,26-02-2015,9.8314
121018,05-03-2015,9.7884
121018,12-03-2015,9.8448
121018,19-03-2015,9.8895
121018,26-03-2015,10.0221
121018,02-04-2015,10.0091
121018,09-04-2015,9.9488
121018,16-04-2015,9.8358
121018,23-04-2015,10.0124
121018,30-04-2015,10.0694
121018,07-05-2015,10.0176
121018,14-05-2015,10.1573
121018,21-05-2015,10.2716
121018,28-05-2015,10.1647
121018,04-06-2015,10.1075
121018,11-06-2015,10.1008
121018,18-06-2015,10.0184
121018,25-06-2015,10.0147
121018,02-07-2015,10.0757
121018,09-07-2015,9.969
121018,16-07-2015,9.9964
121018,23-07-2015,10.0938
121018,30-07-2015,10.1302
121018,06-08-2015,10.1281
121018,13-08-2015,10.078
121018,20-08-2015,10.149
121018,27-08-2015,10.0576
121018,03-09-2015,10.0811
121018,10-09-2015,10.0872
121018,17-09-2015,10.1821
121018,24-09-2015,10.1387
121018,01-10-2015,10.1024
121018,08-10-2015,10.006
121018,15-10-2015,10.045
121018,22-10-2015,10.015
121018,29-10-2015,9.9499
121018,05-11-2015,9.8929
121018,12-11-2015,9.9393
121018,19-11-2015,9.8556
121018,26-11-2015,9.7796
121018,03-12-2015,9.8536
121018,10-12-2015,9.8445
121018,17-12-2015,9.9237
121018,24-12-2015,9.8991
121018,31-12-2015,9.903
121018,07-01-2016,9.9193
121018,14-01-2016,10.0334
121018,21-01-2016,10.1422
121018,28-01-2016,10.2398
121018,04-02-2016,10.1924
121018,11-02-2016,10.116
121018,18-02-2016,10.1817
121018,25-02-2016,10.2979
121018,03-03-2016,10.3978
121018,10-03-2016,10.403
121018,17-03-2016,10.4678
121018,24-03-2016,10.5344
121018,31-03-2016,10.5511
121018,07-04-2016,10.5716
121018,14-04-2016,10.5841
121018,21-04-2016,10.5216
121018,28-04-2016,10.4681
121018,05-05-2016,10.4135
121018,12-05-2016,10.2845
121018,19-05-2016,10.3003
121018,26-05-2016,10.3011
121018,02-06-2016,10.368
121018,09-06-2016,10.4767
121018,16-06-2016,10.5919
121018,23-06-2016,10.7164
121018,30-06-2016,10.6557
121018,07-07-2016,10.5379
121018,14-07-2016,10.6206
121018,21-07-2016,10.7423
121018,28-07-2016,10.8803
121018,04-08-2016,10.9269
121018,11-08-2016,10.7567
121018,18-08-2016,10.7925
121018,25-08-2016,10.8447
121018,01-09-2016,10.9577
121018,08-09-2016,11.0874
121018,15-09-2016,11.1725
121018,22-09-2016,11.1245
121018,29-09-2016,11.0374
121018,06-10-2016,11.0889
121018,13-10-2016,11.0231
121018,20-10-2016,11.1576
121018,27-10-2016,11.0099
121018,03-11-2016,11.0642
121018,10-11-2016,11.0969
121018,17-11-2016,11.083
121018,24-11-2016,11.0054
121018,01-12-2016,10.8283
121018,08-12-2016,10.7866
121018,15-12-2016,10.7466
121018,22-12-2016,10.8464
121018,29-12-2016,10.7828
121018,05-01-2017,10.8262
121018,12-01-2017,10.7186
121018,19-01-2017,10.7641
121018,26-01-2017,10.5757
121018,02-02-2017,10.7572
121018,09-02-2017,10.7494
121018,16-02-2017,10.5134
121018,23-02-2017,10.4572
121018,02-03-2017,10.3881
121018,09-03-2017,10.3378
121018,16-03-2017,10.3118
121018,23-03-2017,10.2612
121018,30-03-2017,10.1983
121018,06-04-2017,10.1079
121018,13-04-2017,10.1783
121018,20-04-2017,10.2802
121018,27-04-2017,10.2634
121018,04-05-2017,10.2661
121018,11-05-2017,10.1777
121018,18-05-2017,10.1875
121018,25-05-2017,10.2103
121018,01-06-2017,10.1965
121018,08-06-2017,10.2329
121018,15-06-2017,10.2622
121018,22-06-2017,10.1798
121018,29-06-2017,10.281
121018,06-07-2017,10.2681
121018,13-07-2017,10.4098
121018,20-07-2017,10.449
121018,27-07-2017,10.6179
121018,03-08-2017,10.722
121018,10-08-2017,10.7458
121018,17-08-2017,10.6879
121018,24-08-2017,10.6322
121018,31-08-2017,10.6818
121018,07-09-2017,10.6983
121018,14-09-2017,10.6522
121018,21-09-2017,10.7274
121018,28-09-2017,10.735
121018,05-10-2017,10.8114
121018,12-10-2017,10.7313
121018,19-10-2017,10.8214
121018,26-10-2017,10.8691
121018,02-11-2017,10.9776
121018,09-11-2017,11.0678
121018,16-11-2017,11.0648
121018,23-11-2017,11.0545
121018,30-11-2017,11.2166
121018,07-12-2017,11.1951
121018,14-12-2017,11.2666
121018,21-12-2017,11.2367
121018,28-12-2017,11.0738
121018,04-01-2018,10.9695
121018,11-01-2018,11.0095
121018,18-01-2018,11.0757
121018,25-01-2018,11.1164
121018,01-02-2018,11.2227
121018,08-02-2018,11.2624
121018,15-02-2018,11.197
121018,22-02-2018,11.2547
121018,01-03-2018,11.2745
121018,08-03-2018,11.2271
121018,15-03-2018,11.274
121018,22-03-2018,11.2857
121018,29-03-2018,11.2356
121018,05-04-2018,11.2241
121018,12-04-2018,11.3555
121018,19-04-2018,11.4855
121018,26-04-2018,11.5074
121018,03-05-2018,11.5173
121018,10-05-2018,11.3898
121018,17-05-2018,11.551
121018,24-05-2018,11.6514
121018,31-05-2018,11.7262
121018,07-06-2018,11.5175
121018,14-06-2018,11.5259
121018,21-06-2018,11.5187
121018,28-06-2018,11.5863
121018,05-07-2018,11.5491
121018,12-07-2018,11.5323
121018,19-07-2018,11.5941
121018,26-07-2018,11.527
121018,02-08-2018,11.4786
121018,09-08-2018,11.501
121018,16-08-2018,11.6287
121018,23-08-2018,11.7086
121018,30-08-2018,11.814
121018,06-09-2018,11.8247
121018,13-09-2018,11.9709
121018,20-09-2018,11.8089
121018,27-09-2018,12.0047
121018,04-10-2018,12.2161
121018,11-10-2018,12.2657
121018,18-10-2018,12.3522
121018,25-10-2018,12.3534
121018,01-11-2018,12.3376
121018,08-11-2018,12.2823
121018,15-11-2018,12.2824
121018,22-11-2018,12.3419
121018,29-11-2018,12.3883
121018,06-12-2018,12.5902
121018,13-12-2018,12.6053
121018,20-12-2018,12.4602
121018,27-12-2018,12.6291
121018,03-01-2019,12.5108
121018,10-01-2019,12.4598
121018,17-01-2019,12.4919
121018,24-01-2019,12.5386
121018,31-01-2019,12.3986
121018,07-02-2019,12.3295
121018,14-02-2019,12.1884
121018,21-02-2019,12.2539
121018,28-02-2019,12.3748
121018,07-03-2019,12.2588
121018,14-03-2019,12.3613
121018,21-03-2019,12.4583
121018,28-03-2019,12.3976
121018,04-04-2019,12.2059
121018,11-04-2019,12.1062
121018,18-04-2019,12.0534
121018,25-04-2019,12.2069
121018,02-05-2019,12.2002
121018,09-05-2019,12.1068
121018,16-05-2019,12.126
121018,23-05-2019,12.0052
121018,30-05-2019,12.0594
121018,06-06-2019,11.9699
121018,13-06-2019,11.8949
121018,20-06-2019,11.9354
121018,27-06-2019,12.1073
121018,04-07-2019,12.325
121018,11-07-2019,12.2274
121018,18-07-2019,12.174
121018,25-07-2019,12.2291
121018,01-08-2019,12.3483
121018,08-08-2019,12.1394
121018,15-08-2019,12.1528
121018,22-08-2019,12.1103
121018,29-08-2019,11.9287
121018,05-09-2019,11.8059
121018,12-09-2019,11.757
121018,19-09-2019,11.7672
121018,26-09-2019,11.8668
121018,03-10-2019,11.9052
121018,10-10-2019,12.0002
121018,17-10-2019,12.0076
121018,24-10-2019,11.9447
121018,31-10-2019,11.9319
121018,07-11-2019,12.0031
121018,14-11-2019,12.107
121018,21-11-2019,12.0975
121018,28-11-2019,12.0124
121018,05-12-2019,12.0495
121018,12-12-2019,12.1004
121018,19-12-2019,12.2246
121018,26-12-2019,12.1631
121018,02-01-2020,12.103
121018,09-01-2020,12.181
121018,16-01-2020,12.1462
121018,23-01-2020,12.1074
121018,30-01-2020,12.2337
121018,06-02-2020,12.1044
121018,13-02-2020,12.3083
121018,20-02-2020,12.2529
121018,27-02-2020,12.3428
121018,05-03-2020,12.337
121018,12-03-2020,12.3687
121018,19-03-2020,12.3477
121018,26-03-2020,12.4372
121018,02-04-2020,12.4076
121018,09-04-2020,12.3557
121018,16-04-2020,12.5399
121018,23-04-2020,12.5479
121018,30-04-2020,12.4851
121018,07-05-2020,12.3412
121018,14-05-2020,12.5303
121018,21-05-2020,12.48
121018,28-05-2020,12.6909
121018,04-06-2020,12.7364
121018,11-06-2020,12.7561
121018,18-06-2020,12.7785
121018,25-06-2020,13.0102
121018,02-07-2020,12.7872
121018,09-07-2020,12.8142
121018,16-07-2020,12.7922
121018,23-07-2020,12.7755
121018,30-07-2020,12.7959
121018,06-08-2020,12.7737
121018,13-08-2020,12.7981
121018,20-08-2020,12.8008
121018,27-08-2020,12.6714
121018,03-09-2020,12.7151
121018,10-09-2020,12.793
121018,17-09-2020,12.7427
121018,24-09-2020,12.9382
121018,01-10-2020,13.0816
121018,08-10-2020,13.1751
121018,15-10-2020,13.2681
121018,22-10-2020,13.2766
121018,29-10-2020,13.4031
121018,05-11-2020,13.5769
121018,12-11-2020,13.6701
121018,19-11-2020,13.6132
121018,26-11-2020,13.6143
121018,03-12-2020,13.6823
121018,10-12-2020,13.7794
121018,17-12-2020,13.7764
121018,24-12-2020,13.7194
121018,31-12-2020,13.8988
121018,07-01-2021,13.7851
121018,14-01-2021,13.6868
121018,21-01-2021,13.547
121018,28-01-2021,13.4502
121018,04-02-2021,13.5897
121018,11-02-2021,13.7344
121018,18-02-2021,13.7318
121018,25-02-2021,13.7918
121018,04-03-2021,13.7962
121018,11-03-2021,13.6701
121018,18-03-2021,13.9182
121018,25-03-2021,14.0768
121018,01-04-2021,14.1224
121018,08-04-2021,14.0313
121018,15-04-2021,14.0117
121018,22-04-2021,13.9397
121018,29-04-2021,13.9561
121018,06-05-2021,13.9963
121018,13-05-2021,13.9637
121018,20-05-2021,13.8068
121018,27-05-2021,14.0478
121018,03-06-2021,14.0801
121018,10-06-2021,14.1372
121018,17-06-2021,14.0951
121018,24-06-2021,13.9246
121018,01-07-2021,13.9209
121018,08-07-2021,13.8905
121018,15-07-2021,13.9749
121018,22-07-2021,14.0817
121018,29-07-2021,14.1736
121018,05-08-2021,14.2913
121018,12-08-2021,14.5032
121018,19-08-2021,14.5543
121018,26-08-2021,14.6881
121018,02-09-2021,14.752
121018,09-09-2021,14.5336
121018,16-09-2021,14.5215
121018,23-09-2021,14.4265
121018,30-09-2021,14.459
121018,07-10-2021,14.3733
121018,14-10-2021,14.4486
121018,21-10-2021,14.5678
121018,28-10-2021,14.7139
121018,04-11-2021,14.9104
121018,11-11-2021,14.7165
121018,18-11-2021,14.5812
121018,25-11-2021,14.9285
121018,02-12-2021,15.0551
121018,09-12-2021,15.0881
121018,16-12-2021,15.098
121018,23-12-2021,15.0972
121018,30-12-2021,14.8697
121018,06-01-2022,14.7838
121018,13-01-2022,14.7764
121018,20-01-2022,14.6977
121018,27-01-2022,14.6348
121018,03-02-2022,14.9402
121018,10-02-2022,14.9161
121018,17-02-2022,14.9553
121018,24-02-2022,14.9903
121018,03-03-2022,15.067
121018,10-03-2022,15.0155
121018,17-03-2022,15.1713
121018,24-03-2022,15.2312
121018,31-03-2022,15.0804
121018,07-04-2022,15.0735
121018,14-04-2022,15.0588
121018,21-04-2022,15.0385
121018,28-04-2022,15.1058
121018,05-05-2022,15.1885
121018,12-05-2022,15.2574
121018,19-05-2022,15.3049
121018,26-05-2022,15.3215
121018,02-06-2022,15.0639
121018,09-06-2022,15.1637
121018,16-06-2022,15.229
121018,23-06-2022,15.1151
121018,30-06-2022,15.1551
121018,07-07-2022,15.2397
121018,14-07-2022,15.3886
121018,21-07-2022,15.4576
121018,28-07-2022,15.5035
121018,04-08-2022,15.6272
121018,11-08-2022,15.5951
121018,18-08-2022,15.6527
121018,25-08-2022,15.5812
121018,01-09-2022,15.7258
121018,08-09-2022,15.5296
121018,15-09-2022,15.6373
121018,22-09-2022,15.6458
121018,29-09-2022,15.7729
121018,06-10-2022,15.6807
121018,13-10-2022,15.6982
121018,20-10-2022,15.7121
121018,27-10-2022,15.773
121018,03-11-2022,15.6471
121018,10-11-2022,15.733
121018,17-11-2022,15.5069
121018,24-11-2022,15.4303
121018,01-12-2022,15.2436
121018,08-12-2022,15.3507
121018,15-12-2022,15.4059
121018,22-12-2022,15.4683
121018,29-12-2022,15.6568
121018,05-01-2023,15.6235
121018,12-01-2023,15.7059
121018,19-01-2023,15.7205
121018,26-01-2023,15.7159
121018,02-02-2023,15.8865
121018,09-02-2023,16.1575
121018,16-02-2023,16.1081
121018,23-02-2023,16.222
121018,02-03-2023,16.2699
121018,09-03-2023,16.3195
121018,16-03-2023,16.3583
121018,23-03-2023,16.3213
121018,30-03-2023,15.8597
121018,06-04-2023,16.0608
121018,13-04-2023,15.978
121018,20-04-2023,15.9535
121018,27-04-2023,15.9317
121018,04-05-2023,15.8382
121018,11-05-2023,15.875
121018,18-05-2023,15.8757
121018,25-05-2023,15.7911
121018,01-06-2023,15.8162
121018,08-06-2023,15.8184
121018,15-06-2023,15.9421
121018,22-06-2023,15.7776
121018,29-06-2023,15.6822
121018,06-07-2023,15.7795
121018,13-07-2023,15.705
121018,20-07-2023,15.5978
121018,27-07-2023,15.5304
121018,03-08-2023,15.5241
121018,10-08-2023,15.5182
121018,17-08-2023,15.4983
121018,24-08-2023,15.377
121018,31-08-2023,15.4783
121018,07-09-2023,15.6487
121018,14-09-2023,15.4158
121018,21-09-2023,15.2303
121018,28-09-2023,15.3586
121018,05-10-2023,15.5577
121018,12-10-2023,15.2989
121018,19-10-2023,15.4048
121018,26-10-2023,15.6128
121018,02-11-2023,15.5113
121018,09-11-2023,15.7136
121018,16-11-2023,15.6975
121018,23-11-2023,15.7433
121018,30-11-2023,15.659
121018,07-12-2023,15.7906
121018,14-12-2023,15.9024
121018,21-12-2023,16.1281
121018,28-12-2023,16.3205
121018,04-01-2024,16.3258
121018,11-01-2024,16.7383
121018,18-01-2024,16.9259
121018,25-01-2024,17.0058
121018,01-02-2024,16.877
121018,08-02-2024,16.6772
121018,15-02-2024,16.491
121018,22-02-2024,16.3745
121018,29-02-2024,16.5614
121018,07-03-2024,16.6326
121018,14-03-2024,16.5576
121018,21-03-2024,16.5463
121018,28-03-2024,16.5188
121018,04-04-2024,16.6311
121018,11-04-2024,16.5208
121018,18-04-2024,16.5736
121018,25-04-2024,16.6201
121018,02-05-2024,16.5138
121018,09-05-2024,16.7302
121018,16-05-2024,16.6974
121018,23-05-2024,16.5714
121018,30-05-2024,16.6911
121018,06-06-2024,16.7051
121018,13-06-2024,16.7664
121018,20-06-2024,16.6142
121018,27-06-2024,16.7288
121018,04-07-2024,17.0262
121018,11-07-2024,16.861
121018,18-07-2024,16.9155
121018,25-07-2024,16.816
121019,01-01-2015,10.2192
121019,08-01-2015,10.3246
121019,15-01-2015,10.352
121019,22-01-2015,10.2545
121019,29-01-2015,10.1777
121019,05-02-2015,10.2425
121019,12-02-2015,10.135
121019,19-02-2015,10.0311
121019,26-02-2015,10.0358
121019,05-03-2015,10.0506
121019,12-03-2015,10.0851
121019,19-03-2015,10.0537
121019,26-03-2015,10.1317
121019,02-04-2015,10.0659
121019,09-04-2015,10.1204
121019,16-04-2015,10.1418
121019,23-04-2015,10.1946
121019,30-04-2015,10.2951
121019,07-05-2015,10.2617
121019,14-05-2015,10.2115
121019,21-05-2015,10.0777
121019,28-05-2015,9.9189
121019,04-06-2015,9.9089
121019,11-06-2015,9.9044
121019,18-06-2015,9.8223
121019,25-06-2015,9.7578
121019,02-07-2015,9.8806
121019,09-07-2015,9.9538
121019,16-07-2015,9.8573
121019,23-07-2015,9.8264
121019,30-07-2015,9.8622
121019,06-08-2015,9.8167
121019,13-08-2015,9.7571
121019,20-08-2015,9.7346
121019,27-08-2015,9.8235
121019,03-09-2015,9.9202
121019,10-09-2015,9.8658
121019,17-09-2015,9.9061
121019,24-09-2015,9.9096
121019,01-10-2015,9.8336
121019,08-10-2015,9.8142
121019,15-10-2015,9.7189
121019,22-10-2015,9.8132
121019,29-10-2015,9.939
121019,05-11-2015,9.9103
121019,12-11-2015,9.8628
121019,19-11-2015,9.95
121019,26-11-2015,10.0508
121019,03-12-2015,9.9652
121019,10-12-2015,9.9574
121019,17-12-2015,9.9566
121019,24-12-2015,9.8992
121019,31-12-2015,9.9338
121019,07-01-2016,9.8821
121019,14-01-2016,9.8433
121019,21-01-2016,9.8393
121019,28-01-2016,9.726
121019,04-02-2016,9.5699
121019,11-02-2016,9.644
121019,18-02-2016,9.5908
121019,25-02-2016,9.7584
121019,03-03-2016,9.9163
121019,10-03-2016,9.88
121019,17-03-2016,10.0689
121019,24-03-2016,10.1484
121019,31-03-2016,10.1001
121019,07-04-2016,9.8955
121019,14-04-2016,9.954
121019,21-04-2016,9.9604
121019,28-04-2016,9.9988
121019,05-05-2016,9.9845
121019,12-05-2016,9.8971
121019,19-05-2016,9.8673
121019,26-05-2016,9.927
121019,02-06-2016,9.9028
121019,09-06-2016,9.8782
121019,16-06-2016,9.7621
121019,23-06-2016,9.7731
121019,30-06-2016,9.6901
121019,07-07-2016,9.7652
121019,14-07-2016,9.7117
121019,21-07-2016,9.6926
121019,28-07-2016,9.8643
121019,04-08-2016,9.8441
121019,11-08-2016,9.8133
121019,18-08-2016,9.8632
121019,25-08-2016,9.7263
121019,01-09-2016,9.8275
121019,08-09-2016,9.9096
121019,15-09-2016,9.9551
121019,22-09-2016,9.6902
121019,29-09-2016,9.6739
121019,06-10-2016,9.5793
121019,13-10-2016,9.6693
121019,20-10-2016,9.7545
121019,27-10-2016,9.7887
121019,03-11-2016,9.6984
121019,10-11-2016,9.8182
121019,17-11-2016,9.8016
121019,24-11-2016,9.9471
121019,01-12-2016,9.9721
121019,08-12-2016,10.0166
121019,15-12-2016,9.9837
121019,22-12-2016,10.1001
121019,29-12-2016,10.1533
121019,05-01-2017,10.2745
121019,12-01-2017,10.2932
121019,19-01-2017,10.2935
121019,26-01-2017,10.3466
121019,02-02-2017,10.4701
121019,09-02-2017,10.5595
121019,16-02-2017,10.5754
121019,23-02-2017,10.4225
121019,02-03-2017,10.4942
121019,09-03-2017,10.3776
121019,16-03-2017,10.3847
121019,23-03-2017,10.3792
121019,30-03-2017,10.2657
121019,06-04-2017,10.3004
121019,13-04-2017,10.482
121019,20-04-2017,10.46
121019,27-04-2017,10.5283
121019,04-05-2017,10.7309
121019,11-05-2017,10.8092
121019,18-05-2017,10.7578
121019,25-05-2017,10.7825
121019,01-06-2017,10.8283
121019,08-06-2017,10.9568
121019,15-06-2017,11.0676
121019,22-06-2017,10.8268
121019,29-06-2017,10.757
121019,06-07-2017,10.7552
121019,13-07-2017,10.6722
121019,20-07-2017,10.3605
121019,27-07-2017,10.3045
121019,03-08-2017,10.3084
121019,10-08-2017,10.2692
121019,17-08-2017,10.1914
121019,24-08-2017,10.1988
121019,31-08-2017,10.2309
121019,07-09-2017,10.1966
121019,14-09-2017,10.3126
121019,21-09-2017,10.3215
121019,28-09-2017,10.2537
121019,05-10-2017,10.1655
121019,12-10-2017,10.1523
121019,19-10-2017,10.2468
121019,26-10-2017,10.1833
121019,02-11-2017,10.236
121019,09-11-2017,10.2478
121019,16-11-2017,10.4153
121019,23-11-2017,10.452
121019,30-11-2017,10.3978
121019,07-12-2017,10.4632
121019,14-12-2017,10.5318
121019,21-12-2017,10.5026
121019,28-12-2017,10.409
121019,04-01-2018,10.4578
121019,11-01-2018,10.4673
121019,18-01-2018,10.3445
121019,25-01-2018,10.3697
121019,01-02-2018,10.321
121019,08-02-2018,10.2
121019,15-02-2018,10.1753
121019,22-02-2018,10.2838
121019,01-03-2018,10.3873
121019,08-03-2018,10.4702
121019,15-03-2018,10.4969
121019,22-03-2018,10.5511
121019,29-03-2018,10.5637
121019,05-04-2018,10.4745
121019,12-04-2018,10.4028
121019,19-04-2018,10.3565
121019,26-04-2018,10.4767
121019,03-05-2018,10.5712
121019,10-05-2018,10.4841
121019,17-05-2018,10.4927
121019,24-05-2018,10.4631
121019,31-05-2018,10.4543
121019,07-06-2018,10.4137
121019,14-06-2018,10.535
121019,21-06-2018,10.5376
121019,28-06-2018,10.56
121019,05-07-2018,10.5832
121019,12-07-2018,10.5004
121019,19-07-2018,10.5137
121019,26-07-2018,10.6073
121019,02-08-2018,10.7365
121019,09-08-2018,10.6422
121019,16-08-2018,10.5172
121019,23-08-2018,10.5266
121019,30-08-2018,10.6242
121019,06-09-2018,10.659
121019,13-09-2018,10.7213
121019,20-09-2018,10.6089
121019,27-09-2018,10.5646
121019,04-10-2018,10.3832
121019,11-10-2018,10.3756
121019,18-10-2018,10.2001
121019,25-10-2018,10.3129
121019,01-11-2018,10.4453
121019,08-11-2018,10.4612
121019,15-11-2018,10.3388
121019,22-11-2018,10.374
121019,29-11-2018,10.5325
121019,06-12-2018,10.5768
121019,13-12-2018,10.6813
121019,20-12-2018,10.6441
121019,27-12-2018,10.5742
121019,03-01-2019,10.5724
121019,10-01-2019,10.4137
121019,17-01-2019,10.6064
121019,24-01-2019,10.6225
121019,31-01-2019,10.7004
121019,07-02-2019,10.6652
121019,14-02-2019,10.5378
121019,21-02-2019,10.6622
121019,28-02-2019,10.5706
121019,07-03-2019,10.6044
121019,14-03-2019,10.6462
121019,21-03-2019,10.6567
121019,28-03-2019,10.5941
121019,04-04-2019,10.5857
121019,11-04-2019,10.5094
121019,18-04-2019,10.5817
121019,25-04-2019,10.6343
121019,02-05-2019,10.6367
121019,09-05-2019,10.5926
121019,16-05-2019,10.7754
121019,23-05-2019,10.6675
121019,30-05-2019,10.54
121019,06-06-2019,10.5373
121019,13-06-2019,10.5197
121019,20-06-2019,10.6163
121019,27-06-2019,10.6754
121019,04-07-2019,10.6822
121019,11-07-2019,10.7292
121019,18-07-2019,10.7749
121019,25-07-2019,10.9606
121019,01-08-2019,10.9872
121019,08-08-2019,10.9317
121019,15-08-2019,10.9534
121019,22-08-2019,10.7283
121019,29-08-2019,10.7298
121019,05-09-2019,10.8279
121019,12-09-2019,10.8844
121019,19-09-2019,10.9148
121019,26-09-2019,10.9758
121019,03-10-2019,11.0771
121019,10-10-2019,11.2078
121019,17-10-2019,11.2524
121019,24-10-2019,11.2285
121019,31-10-2019,11.0251
121019,07-11-2019,11.1158
121019,14-11-2019,11.1661
121019,21-11-2019,11.1842
121019,28-11-2019,11.1271
121019,05-12-2019,11.2175
121019,12-12-2019,11.1989
121019,19-12-2019,11.2003
121019,26-12-2019,11.1997
121019,02-01-2020,11.2445
121019,09-01-2020,11.1457
121019,16-01-2020,11.2003
121019,23-01-2020,11.1402
121019,30-01-2020,11.0835
121019,06-02-2020,11.1665
121019,13-02-2020,11.082
121019,20-02-2020,11.1648
121019,27-02-2020,11.1783
121019,05-03-2020,11.0354
121019,12-03-2020,11.1603
121019,19-03-2020,11.1924
121019,26-03-2020,11.2322
121019,02-04-2020,11.3272
121019,09-04-2020,11.4676
121019,16-04-2020,11.4906
121019,23-04-2020,11.5519
121019,30-04-2020,11.5909
121019,07-05-2020,11.5637
121019,14-05-2020,11.4219
121019,21-05-2020,11.4461
121019,28-05-2020,11.5769
121019,04-06-2020,11.6356
121019,11-06-2020,11.5409
121019,18-06-2020,11.6468
121019,25-06-2020,11.6226
121019,02-07-2020,11.4328
121019,09-07-2020,11.5304
121019,16-07-2020,11.4478
121019,23-07-2020,11.6155
121019,30-07-2020,11.7268
121019,06-08-2020,11.7101
121019,13-08-2020,11.7578
121019,20-08-2020,11.9905
121019,27-08-2020,12.0913
121019,03-09-2020,12.1191
121019,10-09-2020,12.4041
121019,17-09-2020,12.4207
121019,24-09-2020,12.4835
121019,01-10-2020,12.395
121019,08-10-2020,12.2339
121019,15-10-2020,12.2106
121019,22-10-2020,12.2193
121019,29-10-2020,12.2563
121019,05-11-2020,12.122
121019,12-11-2020,12.191
121019,19-11-2020,12.1148
121019,26-11-2020,12.1787
121019,03-12-2020,12.2747
121019,10-12-2020,12.2407
121019,17-12-2020,12.1512
121019,24-12-2020,12.3062
121019,31-12-2020,12.397
121019,07-01-2021,12.417
121019,14-01-2021,12.5679
121019,21-01-2021,12.5813
121019,28-01-2021,12.5239
121019,04-02-2021,12.4285
121019,11-02-2021,12.4228
121019,18-02-2021,12.5044
121019,25-02-2021,12.6484
121019,04-03-2021,12.6559
121019,11-03-2021,12.7838
121019,18-03-2021,12.767
121019,25-03-2021,12.6923
121019,01-04-2021,12.5647
121019,08-04-2021,12.5188
121019,15-04-2021,12.3968
121019,22-04-2021,12.601
121019,29-04-2021,12.6504
121019,06-05-2021,12.6457
121019,13-05-2021,12.825
121019,20-05-2021,12.6965
121019,27-05-2021,12.6877
121019,03-06-2021,12.8957
121019,10-06-2021,12.886
121019,17-06-2021,13.1434
121019,24-06-2021,13.2313
121019,01-07-2021,13.3748
121019,08-07-2021,13.523
121019,15-07-2021,13.5286
121019,22-07-2021,13.4811
121019,29-07-2021,13.4741
121019,05-08-2021,13.3731
121019,12-08-2021,13.3714
121019,19-08-2021,13.3762
121019,26-08-2021,13.5624
121019,02-09-2021,13.6322
121019,09-09-2021,13.8953
121019,16-09-2021,13.6608
121019,23-09-2021,13.5332
121019,30-09-2021,13.5002
121019,07-10-2021,13.6668
121019,14-10-2021,13.6602
121019,21-10-2021,13.5053
121019,28-10-2021,13.4842
121019,04-11-2021,13.3604
121019,11-11-2021,13.2168
121019,18-11-2021,13.4334
121019,25-11-2021,13.401
121019,02-12-2021,13.425
121019,09-12-2021,13.4203
121019,16-12-2021,13.3987
121019,23-12-2021,13.314
121019,30-12-2021,13.2862
121019,06-01-2022,13.3274
121019,13-01-2022,13.4839
121019,20-01-2022,13.5915
121019,27-01-2022,13.4644
121019,03-02-2022,13.5763
121019,10-02-2022,13.6334
121019,17-02-2022,13.5707
121019,24-02-2022,13.5959
121019,03-03-2022,13.6636
121019,10-03-2022,13.6742
121019,17-03-2022,13.7322
121019,24-03-2022,13.6429
121019,31-03-2022,13.8658
121019,07-04-2022,13.6574
121019,14-04-2022,13.726
121019,21-04-2022,13.7717
121019,28-04-2022,13.8481
121019,05-05-2022,13.7751
121019,12-05-2022,13.9095
121019,19-05-2022,13.903
121019,26-05-2022,13.7767
121019,02-06-2022,13.6615
121019,09-06-2022,13.6806
121019,16-06-2022,13.5113
121019,23-06-2022,13.7114
121019,30-06-2022,13.8319
121019,07-07-2022,14.0396
121019,14-07-2022,14.2385
121019,21-07-2022,14.2042
121019,28-07-2022,14.1111
121019,04-08-2022,13.8144
121019,11-08-2022,13.775
121019,18-08-2022,13.9751
121019,25-08-2022,13.8882
121019,01-09-2022,13.8704
121019,08-09-2022,13.8144
121019,15-09-2022,13.8614
121019,22-09-2022,14.0095
121019,29-09-2022,13.8426
121019,06-10-2022,13.6989
121019,13-10-2022,13.8673
121019,20-10-2022,13.9542
121019,27-10-2022,13.9308
121019,03-11-2022,14.1266
121019,10-11-2022,13.978
121019,17-11-2022,14.0877
121019,24-11-2022,14.0857
121019,01-12-2022,14.1597
121019,08-12-2022,13.8949
121019,15-12-2022,13.8715
121019,22-12-2022,13.9588
121019,29-12-2022,13.9573
121019,05-01-2023,14.1031
121019,12-01-2023,14.2466
121019,19-01-2023,14.143
121019,26-01-2023,14.2419
121019,02-02-2023,14.1345
121019,09-02-2023,14.1463
121019,16-02-2023,14.2262
121019,23-02-2023,14.1368
121019,02-03-2023,14.2314
121019,09-03-2023,14.1796
121019,16-03-2023,14.1194
121019,23-03-2023,14.2049
121019,30-03-2023,14.1156
121019,06-04-2023,14.0211
121019,13-04-2023,14.1434
121019,20-04-2023,14.1614
121019,27-04-2023,14.0023
121019,04-05-2023,14.1038
121019,11-05-2023,14.0635
121019,18-05-2023,13.9113
121019,25-05-2023,13.6378
121019,01-06-2023,13.7418
121019,08-06-2023,13.6528
121019,15-06-2023,13.5224
121019,22-06-2023,13.597
121019,29-06-2023,13.6901
121019,06-07-2023,13.6094
121019,13-07-2023,13.7142
121019,20-07-2023,13.9451
121019,27-07-2023,14.1009
121019,03-08-2023,14.2409
121019,10-08-2023,14.2824
121019,17-08-2023,14.2374
121019,24-08-2023,14.2367
121019,31-08-2023,14.2926
121019,07-09-2023,14.1546
121019,14-09-2023,14.0731
121019,21-09-2023,13.918
121019,28-09-2023,13.9497
121019,05-10-2023,13.9646
121019,12-10-2023,13.8973
121019,19-10-2023,13.994
121019,26-10-2023,13.8827
121019,02-11-2023,13.8116
121019,09-11-2023,13.9034
121019,16-11-2023,14.0123
121019,23-11-2023,13.9287
121019,30-11-2023,13.9601
121019,07-12-2023,13.8787
121019,14-12-2023,13.8623
121019,21-12-2023,13.8838
121019,28-12-2023,13.9516
121019,04-01-2024,13.9927
121019,11-01-2024,14.0288
121019,18-01-2024,13.9134
121019,25-01-2024,13.9622
121019,01-02-2024,14.0293
121019,08-02-2024,14.1123
121019,15-02-2024,14.0367
121019,22-02-2024,14.1451
121019,29-02-2024,14.0017
121019,07-03-2024,13.959
121019,14-03-2024,13.9339
121019,21-03-2024,13.7987
121019,28-03-2024,13.7721
121019,04-04-2024,13.8021
121019,11-04-2024,13.606
121019,18-04-2024,13.5685
121019,25-04-2024,13.3841
121019,02-05-2024,13.6081
121019,09-05-2024,13.6366
121019,16-05-2024,13.6558
121019,23-05-2024,13.6866
121019,30-05-2024,13.7583
121019,06-06-2024,13.8715
121019,13-06-2024,13.7035
121019,20-06-2024,13.8526
121019,27-06-2024,13.9962
121019,04-07-2024,13.9944
121019,11-07-2024,13.9867
121019,18-07-2024,13.6451
121019,25-07-2024,13.5148
121020,01-01-2015,10.0455
121020,08-01-2015,10.146
121020,15-01-2015,10.2092
121020,22-01-2015,10.2071
121020,29-01-2015,10.3685
121020,05-02-2015,10.456
121020,12-02-2015,10.4272
121020,19-02-2015,10.6134
121020,26-02-2015,10.5246
121020,05-03-2015,10.4049
121020,12-03-2015,10.374
121020,19-03-2015,10.3152
121020,26-03-2015,10.2892
121020,02-04-2015,10.359
121020,09-04-2015,10.3603
121020,16-04-2015,10.3638
121020,23-04-2015,10.3728
121020,30-04-2015,10.1851
121020,07-05-2015,10.0657
121020,14-05-2015,10.0387
121020,21-05-2015,9.975
121020,28-05-2015,9.9605
121020,04-06-2015,10.0764
121020,11-06-2015,10.0744
121020,18-06-2015,9.9719
121020,25-06-2015,9.9126
121020,02-07-2015,10.0522
121020,09-07-2015,10.1795
121020,16-07-2015,10.2321
121020,23-07-2015,10.1083
121020,30-07-2015,10.1371
121020,06-08-2015,10.1723
121020,13-08-2015,10.1784
121020,20-08-2015,10.1361
121020,27-08-2015,10.1107
121020,03-09-2015,10.063
121020,10-09-2015,9.9749
121020,17-09-2015,10.0879
121020,24-09-2015,10.1631
121020,01-10-2015,10.144
121020,08-10-2015,10.1767
121020,15-10-2015,10.2125
121020,22-10-2015,10.4079
121020,29-10-2015,10.4848
121020,05-11-2015,10.559
121020,12-11-2015,10.5664
121020,19-11-2015,10.5339
121020,26-11-2015,10.6547
121020,03-12-2015,10.7145
121020,10-12-2015,10.6477
121020,17-12-2015,10.6906
121020,24-12-2015,10.7665
121020,31-12-2015,10.5903
121020,07-01-2016,10.5164
121020,14-01-2016,10.5511
121020,21-01-2016,10.3929
121020,28-01-2016,10.2502
121020,04-02-2016,10.2321
121020,11-02-2016,10.2765
121020,18-02-2016,10.3248
121020,25-02-2016,10.4596
121020,03-03-2016,10.4707
121020,10-03-2016,10.4437
121020,17-03-2016,10.3386
121020,24-03-2016,10.3109
121020,31-03-2016,10.3734
121020,07-04-2016,10.44
121020,14-04-2016,10.4663
121020,21-04-2016,10.5163
121020,28-04-2016,10.6279
121020,05-05-2016,10.6385
121020,12-05-2016,10.7592
121020,19-05-2016,10.7009
121020,26-05-2016,10.6989
121020,02-06-2016,10.6621
121020,09-06-2016,10.7339
121020,16-06-2016,10.6511
121020,23-06-2016,10.628
121020,30-06-2016,10.4741
121020,07-07-2016,10.5281
121020,14-07-2016,10.6373
121020,21-07-2016,10.7191
121020,28-07-2016,10.793
121020,04-08-2016,10.8698
121020,11-08-2016,10.935
121020,18-08-2016,10.9931
121020,25-08-2016,11.0572
121020,01-09-2016,11.0037
121020,08-09-2016,10.9904
121020,15-09-2016,11.001
121020,22-09-2016,10.9759
121020,29-09-2016,10.8427
121020,06-10-2016,10.7399
121020,13-10-2016,10.764
121020,20-10-2016,10.8463
121020,27-10-2016,10.8514
121020,03-11-2016,11.0958
121020,10-11-2016,11.0186
121020,17-11-2016,11.0622
121020,24-11-2016,11.1809
121020,01-12-2016,11.2807
121020,08-12-2016,11.3443
121020,15-12-2016,11.446
121020,22-12-2016,11.4557
121020,29-12-2016,11.6126
121020,05-01-2017,11.7365
121020,12-01-2017,11.6612
121020,19-01-2017,11.6958
121020,26-01-2017,11.5557
121020,02-02-2017,11.701
121020,09-02-2017,11.7267
121020,16-02-2017,11.8579
121020,23-02-2017,11.8523
121020,02-03-2017,11.681
121020,09-03-2017,11.9322
121020,16-03-2017,11.9495
121020,23-03-2017,11.8586
121020,30-03-2017,11.9721
121020,06-04-2017,12.1718
121020,13-04-2017,12.157
121020,20-04-2017,12.1522
121020,27-04-2017,12.1802
121020,04-05-2017,12.0768
121020,11-05-2017,12.0149
121020,18-05-2017,12.191
121020,25-05-2017,12.183
121020,01-06-2017,12.1062
121020,08-06-2017,12.0673
121020,15-06-2017,12.1757
121020,22-06-2017,11.9881
121020,29-06-2017,12.0173
121020,06-07-2017,12.2588
121020,13-07-2017,12.4629
121020,20-07-2017,12.5251
121020,27-07-2017,12.662
121020,03-08-2017,12.7994
121020,10-08-2017,12.7917
121020,17-08-2017,12.8914
121020,24-08-2017,13.081
121020,31-08-2017,12.954
121020,07-09-2017,13.019
121020,14-09-2017,13.0618
121020,21-09-2017,13.0778
121020,28-09-2017,13.0846
121020,05-10-2017,13.1141
121020,12-10-2017,13.1524
121020,19-10-2017,13.2754
121020,26-10-2017,13.3313
121020,02-11-2017,13.3177
121020,09-11-2017,13.2335
121020,16-11-2017,13.1888
121020,23-11-2017,13.2216
121020,30-11-2017,13.1522
121020,07-12-2017,13.257
121020,14-12-2017,13.3079
121020,21-12-2017,13.435
121020,28-12-2017,13.3717
121020,04-01-2018,13.2881
121020,11-01-2018,13.4142
121020,18-01-2018,13.4335
121020,25-01-2018,13.4171
121020,01-02-2018,13.4975
121020,08-02-2018,13.5743
121020,15-02-2018,13.4434
121020,22-02-2018,13.5977
121020,01-03-2018,13.5585
121020,08-03-2018,13.7483
121020,15-03-2018,13.6071
121020,22-03-2018,13.6471
121020,29-03-2018,13.6323
121020,05-04-2018,13.4223
121020,12-04-2018,13.4984
121020,19-04-2018,13.296
121020,26-04-2018,13.2703
121020,03-05-2018,13.3929
121020,10-05-2018,13.3414
121020,17-05-2018,13.2503
121020,24-05-2018,13.3404
121020,31-05-2018,13.3192
121020,07-06-2018,13.2813
121020,14-06-2018,13.4221
121020,21-06-2018,13.3021
121020,28-06-2018,13.2585
121020,05-07-2018,13.3557
121020,12-07-2018,13.2295
121020,19-07-2018,13.4226
121020,26-07-2018,13.4047
121020,02-08-2018,13.5039
121020,09-08-2018,13.6035
121020,16-08-2018,13.5924
121020,23-08-2018,13.5457
121020,30-08-2018,13.5465
121020,06-09-2018,13.6292
121020,13-09-2018,13.5271
121020,20-09-2018,13.4023
121020,27-09-2018,13.5668
121020,04-10-2018,13.4924
121020,11-10-2018,13.536
121020,18-10-2018,13.5196
121020,25-10-2018,13.5079
121020,01-11-2018,13.6679
121020,08-11-2018,13.664
121020,15-11-2018,13.6305
121020,22-11-2018,13.6065
121020,29-11-2018,13.5572
121020,06-12-2018,13.4899
121020,13-12-2018,13.4414
121020,20-12-2018,13.6256
121020,27-12-2018,13.7086
121020,03-01-2019,13.6763
121020,10-01-2019,13.7891
121020,17-01-2019,13.6196
121020,24-01-2019,13.7749
121020,31-01-2019,13.9231
121020,07-02-2019,14.1778
121020,14-02-2019,14.2982
121020,21-02-2019,14.3539
121020,28-02-2019,14.5079
121020,07-03-2019,14.4411
121020,14-03-2019,14.4012
121020,21-03-2019,14.3996
121020,28-03-2019,14.563
121020,04-04-2019,14.4691
121020,11-04-2019,14.3635
121020,18-04-2019,14.3965
121020,25-04-2019,14.4849
121020,02-05-2019,14.4092
121020,09-05-2019,14.4922
121020,16-05-2019,14.6567
121020,23-05-2019,14.8033
121020,30-05-2019,14.8511
121020,06-06-2019,14.8462
121020,13-06-2019,15.0583
121020,20-06-2019,15.0662
121020,27-06-2019,15.1856
121020,04-07-2019,15.4295
121020,11-07-2019,15.5388
121020,18-07-2019,15.4211
121020,25-07-2019,15.2744
121020,01-08-2019,15.2441
121020,08-08-2019,15.3368
121020,15-08-2019,15.3975
121020,22-08-2019,15.6755
121020,29-08-2019,15.7363
121020,05-09-2019,15.7014
121020,12-09-2019,15.5653
121020,19-09-2019,15.7185
121020,26-09-2019,15.7241
121020,03-10-2019,15.5409
121020,10-10-2019,15.5499
121020,17-10-2019,15.4322
121020,24-10-2019,15.3858
121020,31-10-2019,15.3928
121020,07-11-2019,15.2875
121020,14-11-2019,15.2339
121020,21-11-2019,15.1493
121020,28-11-2019,15.0685
121020,05-12-2019,14.953
121020,12-12-2019,14.9012
121020,19-12-2019,14.8005
121020,26-12-2019,14.8759
121020,02-01-2020,14.9057
121020,09-01-2020,15.0542
121020,16-01-2020,15.2874
121020,23-01-2020,15.3764
121020,30-01-2020,15.4378
121020,06-02-2020,15.5354
121020,13-02-2020,15.5996
121020,20-02-2020,15.6121
121020,27-02-2020,15.6147
121020,05-03-2020,15.4933
121020,12-03-2020,15.6035
121020,19-03-2020,15.6058
121020,26-03-2020,15.7931
121020,02-04-2020,15.915
121020,09-04-2020,15.8417
121020,16-04-2020,16.006
121020,23-04-2020,15.6845
121020,30-04-2020,15.933
121020,07-05-2020,15.7687
121020,14-05-2020,15.8375
121020,21-05-2020,15.898
121020,28-05-2020,16.0473
121020,04-06-2020,16.0115
121020,11-06-2020,15.7431
121020,18-06-2020,15.7082
121020,25-06-2020,15.6869
121020,02-07-2020,15.436
121020,09-07-2020,15.4478
121020,16-07-2020,15.321
121020,23-07-2020,15.4067
121020,30-07-2020,15.3825
121020,06-08-2020,15.63
121020,13-08-2020,15.6042
121020,20-08-2020,15.6642
121020,27-08-2020,15.6438
121020,03-09-2020,15.4469
121020,10-09-2020,15.4278
121020,17-09-2020,15.5269
121020,24-09-2020,15.6079
121020,01-10-2020,15.5775
121020,08-10-2020,15.4022
121020,15-10-2020,15.4878
121020,22-10-2020,15.546
121020,29-10-2020,15.6571
121020,05-11-2020,15.629
121020,12-11-2020,15.4246
121020,19-11-2020,15.4967
121020,26-11-2020,15.5017
121020,03-12-2020,15.6805
121020,10-12-2020,15.6904
121020,17-12-2020,15.691
121020,24-12-2020,15.7496
121020,31-12-2020,15.6807
121020,07-01-2021,15.6061
121020,14-01-2021,15.6001
121020,21-01-2021,15.4915
121020,28-01-2021,15.4693
121020,04-02-2021,15.7155
121020,11-02-2021,15.8528
121020,18-02-2021,15.8983
121020,25-02-2021,16.102
121020,04-03-2021,16.0021
121020,11-03-2021,16.3274
121020,18-03-2021,16.2737
121020,25-03-2021,16.5411
121020,01-04-2021,16.8123
121020,08-04-2021,16.5832
121020,15-04-2021,16.7845
121020,22-04-2021,16.7531
121020,29-04-2021,16.6837
121020,06-05-2021,16.7604
121020,13-05-2021,16.6319
121020,20-05-2021,16.7054
121020,27-05-2021,16.5863
121020,03-06-2021,16.6165
121020,10-06-2021,16.8006
121020,17-06-2021,16.8593
121020,24-06-2021,16.8175
121020,01-07-2021,16.8971
121020,08-07-2021,16.7137
121020,15-07-2021,16.6082
121020,22-07-2021,16.5577
121020,29-07-2021,16.6686
121020,05-08-2021,16.7293
121020,12-08-2021,16.8077
121020,19-08-2021,16.8107
121020,26-08-2021,16.7114
121020,02-09-2021,16.9171
121020,09-09-2021,16.8294
121020,16-09-2021,16.8926
121020,23-09-2021,16.8842
121020,30-09-2021,16.967
121020,07-10-2021,16.8916
121020,14-10-2021,17.0406
121020,21-10-2021,17.2353
121020,28-10-2021,17.3789
121020,04-11-2021,17.4077
121020,11-11-2021,17.3541
121020,18-11-2021,17.7528
121020,25-11-2021,17.6191
121020,02-12-2021,17.7504
121020,09-12-2021,17.8047
121020,16-12-2021,17.8029
121020,23-12-2021,17.8364
121020,30-12-2021,17.7708
121020,06-01-2022,17.8386
121020,13-01-2022,17.8909
121020,20-01-2022,18.2813
121020,27-01-2022,18.4452
121020,03-02-2022,18.5287
121020,10-02-2022,18.6215
121020,17-02-2022,18.903
121020,24-02-2022,18.7638
121020,03-03-2022,18.7438
121020,10-03-2022,18.4654
121020,17-03-2022,18.5553
121020,24-03-2022,18.6886
121020,31-03-2022,18.5472
121020,07-04-2022,18.7676
121020,14-04-2022,18.6672
121020,21-04-2022,18.6235
121020,28-04-2022,18.6488
121020,05-05-2022,18.8941
121020,12-05-2022,18.7719
121020,19-05-2022,18.8231
121020,26-05-2022,18.9474
121020,02-06-2022,19.0411
121020,09-06-2022,19.1409
121020,16-06-2022,19.2652
121020,23-06-2022,19.1874
121020,30-06-2022,19.4542
121020,07-07-2022,19.4446
121020,14-07-2022,19.4145
121020,21-07-2022,19.6316
121020,28-07-2022,19.5404
121020,04-08-2022,19.5983
121020,11-08-2022,19.4928
121020,18-08-2022,19.8934
121020,25-08-2022,20.2688
121020,01-09-2022,20.259
121020,08-09-2022,20.3514
121020,15-09-2022,20.3604
121020,22-09-2022,20.3117
121020,29-09-2022,20.3393
121020,06-10-2022,20.3408
121020,13-10-2022,20.1015
121020,20-10-2022,20.1519
121020,27-10-2022,20.1531
121020,03-11-2022,20.2115
121020,10-11-2022,20.207
121020,17-11-2022,20.1569
121020,24-11-2022,20.306
121020,01-12-2022,20.4008
121020,08-12-2022,20.6368
121020,15-12-2022,20.7267
121020,22-12-2022,20.7022
121020,29-12-2022,20.8126
121020,05-01-2023,20.4912
121020,12-01-2023,20.8442
121020,19-01-2023,20.8983
121020,26-01-2023,21.2719
121020,02-02-2023,21.1325
121020,09-02-2023,20.952
121020,16-02-2023,21.0217
121020,23-02-2023,21.0911
121020,02-03-2023,21.1566
121020,09-03-2023,21.1965
121020,16-03-2023,21.0984
121020,23-03-2023,20.8562
121020,30-03-2023,20.9118
121020,06-04-2023,20.7056
121020,13-04-2023,20.4857
121020,20-04-2023,20.4316
121020,27-04-2023,20.5101
121020,04-05-2023,20.8445
121020,11-05-2023,21.0161
121020,18-05-2023,21.2655
121020,25-05-2023,21.3852
121020,01-06-2023,21.4565
121020,08-06-2023,21.8952
121020,15-06-2023,21.6723
121020,22-06-2023,21.6093
121020,29-06-2023,21.56
121020,06-07-2023,21.7227
121020,13-07-2023,21.5613
121020,20-07-2023,21.7016
121020,27-07-2023,21.811
121020,03-08-2023,21.9616
121020,10-08-2023,22.1101
121020,17-08-2023,22.391
121020,24-08-2023,22.3912
121020,31-08-2023,22.4951
121020,07-09-2023,22.3716
121020,14-09-2023,22.2078
121020,21-09-2023,22.5303
121020,28-09-2023,22.3929
121020,05-10-2023,22.5167
121020,12-10-2023,22.6214
121020,19-10-2023,22.8431
121020,26-10-2023,22.5492
121020,02-11-2023,22.719
121020,09-11-2023,22.7175
121020,16-11-2023,22.6176
121020,23-11-2023,22.5812
121020,30-11-2023,22.7776
121020,07-12-2023,22.9199
121020,14-12-2023,22.9056
121020,21-12-2023,22.7061
121020,28-12-2023,22.5211
121020,04-01-2024,22.6657
121020,11-01-2024,22.4431
121020,18-01-2024,22.4309
121020,25-01-2024,22.921
121020,01-02-2024,23.0144
121020,08-02-2024,23.1603
121020,15-02-2024,22.9729
121020,22-02-2024,22.7566
121020,29-02-2024,22.9105
121020,07-03-2024,22.868
121020,14-03-2024,23.0918
121020,21-03-2024,23.1275
121020,28-03-2024,23.7947
121020,04-04-2024,23.7144
121020,11-04-2024,23.7977
121020,18-04-2024,23.656
121020,25-04-2024,23.8797
121020,02-05-2024,23.9925
121020,09-05-2024,23.8368
121020,16-05-2024,23.8049
121020,23-05-2024,24.0947
121020,30-05-2024,24.3649
121020,06-06-2024,24.1185
121020,13-06-2024,24.0575
121020,20-06-2024,24.4369
121020,27-06-2024,24.4335
121020,04-07-2024,24.4987
121020,11-07-2024,24.7294
121020,18-07-2024,24.4955
121020,25-07-2024,24.3408
