scheme_code,date,nav
125497,01-01-2015,9.9892
125497,08-01-2015,9.9388
125497,15-01-2015,10.04
125497,22-01-2015,10.0316
125497,29-01-2015,10.0012
125497,05-02-2015,9.977
125497,12-02-2015,10.0235
125497,19-02-2015,10.0568
125497,26-02-2015,10.0941
125497,05-03-2015,10.1329
125497,12-03-2015,10.3105
125497,19-03-2015,10.2812
125497,26-03-2015,10.2431
125497,02-04-2015,10.1805
125497,09-04-2015,10.2348
125497,16-04-2015,10.3313
125497,23-04-2015,10.326
125497,30-04-2015,10.2608
125497,07-05-2015,10.1972
125497,14-05-2015,10.2543
125497,21-05-2015,10.3194
125497,28-05-2015,10.3684
125497,04-06-2015,10.3173
125497,11-06-2015,10.3406
125497,18-06-2015,10.3544
125497,25-06-2015,10.3767
125497,02-07-2015,10.4532
125497,09-07-2015,10.476
125497,16-07-2015,10.5371
125497,23-07-2015,10.547
125497,30-07-2015,10.5756
125497,06-08-2015,10.6333
125497,13-08-2015,10.5136
125497,20-08-2015,10.4909
125497,27-08-2015,10.4556
125497,03-09-2015,10.4064
125497,10-09-2015,10.3876
125497,17-09-2015,10.516
125497,24-09-2015,10.4474
125497,01-10-2015,10.5325
125497,08-10-2015,10.3949
125497,15-10-2015,10.3712
125497,22-10-2015,10.3889
125497,29-10-2015,10.4417
125497,05-11-2015,10.5053
125497,12-11-2015,10.5762
125497,19-11-2015,10.5509
125497,26-11-2015,10.5161
125497,03-12-2015,10.5925
125497,10-12-2015,10.5805
125497,17-12-2015,10.4768
125497,24-12-2015,10.386
125497,31-12-2015,10.3137
125497,07-01-2016,10.3589
125497,14-01-2016,10.3748
125497,21-01-2016,10.4363
125497,28-01-2016,10.4048
125497,04-02-2016,10.4222
125497,11-02-2016,10.4785
125497,18-02-2016,10.4567
125497,25-02-2016,10.4991
125497,03-03-2016,10.4477
125497,10-03-2016,10.4216
125497,17-03-2016,10.3939
125497,24-03-2016,10.2986
125497,31-03-2016,10.3429
125497,07-04-2016,10.3082
125497,14-04-2016,10.3133
125497,21-04-2016,10.3571
125497,28-04-2016,10.3983
125497,05-05-2016,10.4578
125497,12-05-2016,10.4537
125497,19-05-2016,10.4225
125497,26-05-2016,10.42
125497,02-06-2016,10.2835
125497,09-06-2016,10.1686
125497,16-06-2016,10.0651
125497,23-06-2016,9.9888
125497,30-06-2016,10.0247
125497,07-07-2016,9.9561
125497,14-07-2016,9.93
125497,21-07-2016,10.0372
125497,28-07-2016,10.0126
125497,04-08-2016,10.0757
125497,11-08-2016,10.0044
125497,18-08-2016,9.992
125497,25-08-2016,9.92
125497,01-09-2016,9.8971
125497,08-09-2016,9.9676
125497,15-09-2016,9.8339
125497,22-09-2016,9.872
125497,29-09-2016,9.8947
125497,06-10-2016,9.8516
125497,13-10-2016,9.7416
125497,20-10-2016,9.7511
125497,27-10-2016,9.7137
125497,03-11-2016,9.7357
125497,10-11-2016,9.7413
125497,17-11-2016,9.87
125497,24-11-2016,9.855
125497,01-12-2016,9.7783
125497,08-12-2016,9.7962
125497,15-12-2016,9.8174
125497,22-12-2016,9.9281
125497,29-12-2016,9.9984
125497,05-01-2017,10.0309
125497,12-01-2017,10.1523
125497,19-01-2017,10.0598
125497,26-01-2017,10.0124
125497,02-02-2017,9.9422
125497,09-02-2017,9.9151
125497,16-02-2017,9.8099
125497,23-02-2017,9.8637
125497,02-03-2017,9.8501
125497,09-03-2017,9.7381
125497,16-03-2017,9.6629
125497,23-03-2017,9.691
125497,30-03-2017,9.7599
125497,06-04-2017,9.9197
125497,13-04-2017,10.1549
125497,20-04-2017,10.1926
125497,27-04-2017,10.116
125497,04-05-2017,9.9475
125497,11-05-2017,9.9728
125497,18-05-2017,9.9119
125497,25-05-2017,9.8829
125497,01-06-2017,9.8385
125497,08-06-2017,9.8313
125497,15-06-2017,9.9191
125497,22-06-2017,9.9356
125497,29-06-2017,9.9269
125497,06-07-2017,9.8486
125497,13-07-2017,9.7206
125497,20-07-2017,9.6867
125497,27-07-2017,9.6864
125497,03-08-2017,9.8273
125497,10-08-2017,9.8415
125497,17-08-2017,9.9228
125497,24-08-2017,9.8871
125497,31-08-2017,9.7973
125497,07-09-2017,9.7256
125497,14-09-2017,9.6731
125497,21-09-2017,9.8416
125497,28-09-2017,9.7809
125497,05-10-2017,9.8504
125497,12-10-2017,9.7832
125497,19-10-2017,9.86
125497,26-10-2017,9.8944
125497,02-11-2017,9.8859
125497,09-11-2017,9.8866
125497,16-11-2017,9.8388
125497,23-11-2017,9.8779
125497,30-11-2017,9.8459
125497,07-12-2017,9.7533
125497,14-12-2017,9.6574
125497,21-12-2017,9.6746
125497,28-12-2017,9.8007
125497,04-01-2018,9.8172
125497,11-01-2018,9.8118
125497,18-01-2018,9.8382
125497,25-01-2018,9.9449
125497,01-02-2018,9.9663
125497,08-02-2018,9.9375
125497,15-02-2018,10.0295
125497,22-02-2018,10.0679
125497,01-03-2018,10.1956
125497,08-03-2018,10.2146
125497,15-03-2018,10.1187
125497,22-03-2018,10.0119
125497,29-03-2018,10.1482
125497,05-04-2018,10.2922
125497,12-04-2018,10.2815
125497,19-04-2018,10.2541
125497,26-04-2018,10.3781
125497,03-05-2018,10.2903
125497,10-05-2018,10.2208
125497,17-05-2018,10.2775
125497,24-05-2018,10.2492
125497,31-05-2018,10.2528
125497,07-06-2018,10.2435
125497,14-06-2018,10.2753
125497,21-06-2018,10.3951
125497,28-06-2018,10.4068
125497,05-07-2018,10.4646
125497,12-07-2018,10.2971
125497,19-07-2018,10.2972
125497,26-07-2018,10.2319
125497,02-08-2018,10.1362
125497,09-08-2018,10.0691
125497,16-08-2018,10.0462
125497,23-08-2018,10.1238
125497,30-08-2018,10.0204
125497,06-09-2018,10.0269
125497,13-09-2018,9.9921
125497,20-09-2018,9.9699
125497,27-09-2018,10.0538
125497,04-10-2018,10.1011
125497,11-10-2018,10.2132
125497,18-10-2018,10.2047
125497,25-10-2018,10.152
125497,01-11-2018,10.1378
125497,08-11-2018,10.1616
125497,15-11-2018,10.18
125497,22-11-2018,10.0958
125497,29-11-2018,10.1071
125497,06-12-2018,10.1296
125497,13-12-2018,10.3377
125497,20-12-2018,10.497
125497,27-12-2018,10.4296
125497,03-01-2019,10.4097
125497,10-01-2019,10.292
125497,17-01-2019,10.2475
125497,24-01-2019,10.2775
125497,31-01-2019,10.3807
125497,07-02-2019,10.3244
125497,14-02-2019,10.2745
125497,21-02-2019,10.1021
125497,28-02-2019,10.093
125497,07-03-2019,10.0112
125497,14-03-2019,9.9728
125497,21-03-2019,9.9068
125497,28-03-2019,9.9033
125497,04-04-2019,9.768
125497,11-04-2019,9.6573
125497,18-04-2019,9.8257
125497,25-04-2019,9.7284
125497,02-05-2019,9.6469
125497,09-05-2019,9.7926
125497,16-05-2019,10.0241
125497,23-05-2019,9.9341
125497,30-05-2019,9.9088
125497,06-06-2019,9.9399
125497,13-06-2019,10.0813
125497,20-06-2019,10.0057
125497,27-06-2019,9.9901
125497,04-07-2019,10.0562
125497,11-07-2019,10.0952
125497,18-07-2019,10.0689
125497,25-07-2019,10.0621
125497,01-08-2019,9.9555
125497,08-08-2019,9.9405
125497,15-08-2019,9.9233
125497,22-08-2019,9.9457
125497,29-08-2019,9.9055
125497,05-09-2019,9.9468
125497,12-09-2019,10.0314
125497,19-09-2019,10.0479
125497,26-09-2019,10.0802
125497,03-10-2019,10.0885
125497,10-10-2019,10.0925
125497,17-10-2019,10.0383
125497,24-10-2019,10.0677
125497,31-10-2019,10.0639
125497,07-11-2019,10.2365
125497,14-11-2019,10.3694
125497,21-11-2019,10.4056
125497,28-11-2019,10.3462
125497,05-12-2019,10.2583
125497,12-12-2019,10.3601
125497,19-12-2019,10.3861
125497,26-12-2019,10.4301
125497,02-01-2020,10.2887
125497,09-01-2020,10.3692
125497,16-01-2020,10.411
125497,23-01-2020,10.3227
125497,30-01-2020,10.2879
125497,06-02-2020,10.3137
125497,13-02-2020,10.3221
125497,20-02-2020,10.3021
125497,27-02-2020,10.2977
125497,05-03-2020,10.2811
125497,12-03-2020,10.2978
125497,19-03-2020,10.4231
125497,26-03-2020,10.2133
125497,02-04-2020,10.198
125497,09-04-2020,10.2165
125497,16-04-2020,10.2447
125497,23-04-2020,10.2184
125497,30-04-2020,10.0788
125497,07-05-2020,10.1093
125497,14-05-2020,10.2531
125497,21-05-2020,10.1314
125497,28-05-2020,10.2054
125497,04-06-2020,10.1827
125497,11-06-2020,10.1818
125497,18-06-2020,10.1001
125497,25-06-2020,10.0771
125497,02-07-2020,10.1859
125497,09-07-2020,10.2375
125497,16-07-2020,10.3834
125497,23-07-2020,10.4854
125497,30-07-2020,10.5264
125497,06-08-2020,10.6775
125497,13-08-2020,10.7193
125497,20-08-2020,10.7946
125497,27-08-2020,10.7733
125497,03-09-2020,10.7833
125497,10-09-2020,10.7275
125497,17-09-2020,10.8167
125497,24-09-2020,10.719
125497,01-10-2020,10.7904
125497,08-10-2020,10.7783
125497,15-10-2020,10.8836
125497,22-10-2020,10.9533
125497,29-10-2020,11.1172
125497,05-11-2020,11.1867
125497,12-11-2020,11.0505
125497,19-11-2020,11.049
125497,26-11-2020,10.9498
125497,03-12-2020,10.9088
125497,10-12-2020,11.045
125497,17-12-2020,11.1058
125497,24-12-2020,11.0481
125497,31-12-2020,10.9629
125497,07-01-2021,10.9702
125497,14-01-2021,10.8678
125497,21-01-2021,10.8138
125497,28-01-2021,10.8451
125497,04-02-2021,10.9497
125497,11-02-2021,11.0074
125497,18-02-2021,10.81
125497,25-02-2021,10.8407
125497,04-03-2021,10.8513
125497,11-03-2021,10.8915
125497,18-03-2021,11.0367
125497,25-03-2021,10.859
125497,01-04-2021,10.8119
125497,08-04-2021,10.8674
125497,15-04-2021,10.7342
125497,22-04-2021,10.8653
125497,29-04-2021,10.9016
125497,06-05-2021,10.9798
125497,13-05-2021,10.9341
125497,20-05-2021,11.0096
125497,27-05-2021,11.1081
125497,03-06-2021,11.1333
125497,10-06-2021,11.1586
125497,17-06-2021,11.1872
125497,24-06-2021,11.1144
125497,01-07-2021,11.1057
125497,08-07-2021,11.0966
125497,15-07-2021,11.1351
125497,22-07-2021,11.2286
125497,29-07-2021,11.138
125497,05-08-2021,11.1313
125497,12-08-2021,11.2677
125497,19-08-2021,11.2052
125497,26-08-2021,11.136
125497,02-09-2021,11.1584
125497,09-09-2021,11.2383
125497,16-09-2021,11.2438
125497,23-09-2021,11.3678
125497,30-09-2021,11.4503
125497,07-10-2021,11.532
125497,14-10-2021,11.5877
125497,21-10-2021,11.8082
125497,28-10-2021,11.7935
125497,04-11-2021,11.6092
125497,11-11-2021,11.7628
125497,18-11-2021,11.7245
125497,25-11-2021,11.7393
125497,02-12-2021,11.8669
125497,09-12-2021,11.7196
125497,16-12-2021,11.6069
125497,23-12-2021,11.4629
125497,30-12-2021,11.3946
125497,06-01-2022,11.4393
125497,13-01-2022,11.4918
125497,20-01-2022,11.5218
125497,27-01-2022,11.3962
125497,03-02-2022,11.1901
125497,10-02-2022,11.1995
125497,17-02-2022,11.1617
125497,24-02-2022,11.2072
125497,03-03-2022,11.2746
125497,10-03-2022,11.2916
125497,17-03-2022,11.3648
125497,24-03-2022,11.3901
125497,31-03-2022,11.443
125497,07-04-2022,11.3831
125497,14-04-2022,11.3713
125497,21-04-2022,11.3937
125497,28-04-2022,11.4731
125497,05-05-2022,11.4415
125497,12-05-2022,11.4938
125497,19-05-2022,11.474
125497,26-05-2022,11.4678
125497,02-06-2022,11.5484
125497,09-06-2022,11.3689
125497,16-06-2022,11.2556
125497,23-06-2022,11.1266
125497,30-06-2022,10.9233
125497,07-07-2022,10.8684
125497,14-07-2022,10.9379
125497,21-07-2022,10.9174
125497,28-07-2022,10.939
125497,04-08-2022,11.0387
125497,11-08-2022,11.1604
125497,18-08-2022,11.1587
125497,25-08-2022,11.284
125497,01-09-2022,11.2968
125497,08-09-2022,11.2256
125497,15-09-2022,11.1767
125497,22-09-2022,11.0488
125497,29-09-2022,10.9748
125497,06-10-2022,10.9477
125497,13-10-2022,11.0225
125497,20-10-2022,11.1786
125497,27-10-2022,11.0595
125497,03-11-2022,11.0987
125497,10-11-2022,11.0107
125497,17-11-2022,11.0569
125497,24-11-2022,11.0498
125497,01-12-2022,10.8923
125497,08-12-2022,10.9776
125497,15-12-2022,10.9288
125497,22-12-2022,10.8865
125497,29-12-2022,10.7977
125497,05-01-2023,10.7455
125497,12-01-2023,10.7866
125497,19-01-2023,10.7746
125497,26-01-2023,10.8072
125497,02-02-2023,10.8428
125497,09-02-2023,10.9617
125497,16-02-2023,10.9361
125497,23-02-2023,10.8112
125497,02-03-2023,10.9078
125497,09-03-2023,10.8833
125497,16-03-2023,10.9847
125497,23-03-2023,11.0228
125497,30-03-2023,11.0156
125497,06-04-2023,11.0508
125497,13-04-2023,11.2277
125497,20-04-2023,11.4187
125497,27-04-2023,11.4296
125497,04-05-2023,11.4488
125497,11-05-2023,11.552
125497,18-05-2023,11.4784
125497,25-05-2023,11.5136
125497,01-06-2023,11.5158
125497,08-06-2023,11.5494
125497,15-06-2023,11.477
125497,22-06-2023,11.3356
125497,29-06-2023,11.1522
125497,06-07-2023,11.057
125497,13-07-2023,11.0208
125497,20-07-2023,10.9994
125497,27-07-2023,11.1742
125497,03-08-2023,11.2776
125497,10-08-2023,11.1953
125497,17-08-2023,11.2309
125497,24-08-2023,11.1988
125497,31-08-2023,11.1778
125497,07-09-2023,11.1989
125497,14-09-2023,11.2588
125497,21-09-2023,11.2328
125497,28-09-2023,11.3329
125497,05-10-2023,11.2339
125497,12-10-2023,11.2389
125497,19-10-2023,11.477
125497,26-10-2023,11.502
125497,02-11-2023,11.6385
125497,09-11-2023,11.6517
125497,16-11-2023,11.7105
125497,23-11-2023,11.7099
125497,30-11-2023,11.6986
125497,07-12-2023,11.6303
125497,14-12-2023,11.675
125497,21-12-2023,11.6001
125497,28-12-2023,11.6665
125497,04-01-2024,11.7725
125497,11-01-2024,11.8117
125497,18-01-2024,11.7894
125497,25-01-2024,11.8369
125497,01-02-2024,11.8124
125497,08-02-2024,11.9056
125497,15-02-2024,11.7359
125497,22-02-2024,11.7091
125497,29-02-2024,11.5273
125497,07-03-2024,11.394
125497,14-03-2024,11.5229
125497,21-03-2024,11.61
125497,28-03-2024,11.5479
125497,04-04-2024,11.4137
125497,11-04-2024,11.1475
125497,18-04-2024,11.1035
125497,25-04-2024,11.323
125497,02-05-2024,11.3669
125497,09-05-2024,11.3206
125497,16-05-2024,11.3672
125497,23-05-2024,11.2298
125497,30-05-2024,11.2076
125497,06-06-2024,11.221
125497,13-06-2024,11.2178
125497,20-06-2024,11.2932
125497,27-06-2024,11.3289
125497,04-07-2024,11.394
125497,11-07-2024,11.3358
125497,18-07-2024,11.4217
125497,25-07-2024,11.5751
119551,01-01-2015,9.9264
119551,08-01-2015,9.8599
119551,15-01-2015,9.9692
119551,22-01-2015,9.9579
119551,29-01-2015,10.0737
119551,05-02-2015,10.0421
119551,12-02-2015,10.163
119551,19-02-2015,10.1777
119551,26-02-2015,10.2028
119551,05-03-2015,10.3346
119551,12-03-2015,10.3089
119551,19-03-2015,10.2354
119551,26-03-2015,10.2027
119551,02-04-2015,10.2437
119551,09-04-2015,10.1195
119551,16-04-2015,10.1752
119551,23-04-2015,10.1354
119551,30-04-2015,10.2325
119551,07-05-2015,10.0406
119551,14-05-2015,9.9815
119551,21-05-2015,9.8508
119551,28-05-2015,9.7896
119551,04-06-2015,9.8129
119551,11-06-2015,9.8028
119551,18-06-2015,9.7868
119551,25-06-2015,9.7783
119551,02-07-2015,9.7981
119551,09-07-2015,9.723
119551,16-07-2015,9.7818
119551,23-07-2015,9.8376
119551,30-07-2015,9.8718
119551,06-08-2015,9.9197
119551,13-08-2015,9.9472
119551,20-08-2015,10.1132
119551,27-08-2015,10.1102
119551,03-09-2015,10.0894
119551,10-09-2015,10.0326
119551,17-09-2015,9.9537
119551,24-09-2015,9.8586
119551,01-10-2015,9.7925
119551,08-10-2015,9.7908
119551,15-10-2015,9.8209
119551,22-10-2015,9.8289
119551,29-10-2015,9.7726
119551,05-11-2015,9.8469
119551,12-11-2015,9.9091
119551,19-11-2015,9.9004
119551,26-11-2015,9.8527
119551,03-12-2015,9.8998
119551,10-12-2015,9.9187
119551,17-12-2015,9.8077
119551,24-12-2015,9.8063
119551,31-12-2015,9.8308
119551,07-01-2016,9.764
119551,14-01-2016,9.7827
119551,21-01-2016,9.6728
119551,28-01-2016,9.78
119551,04-02-2016,9.8816
119551,11-02-2016,9.8656
119551,18-02-2016,9.8982
119551,25-02-2016,9.7113
119551,03-03-2016,9.6254
119551,10-03-2016,9.6066
119551,17-03-2016,9.5281
119551,24-03-2016,9.5863
119551,31-03-2016,9.7433
119551,07-04-2016,9.6555
119551,14-04-2016,9.5947
119551,21-04-2016,9.6166
119551,28-04-2016,9.7444
119551,05-05-2016,9.653
119551,12-05-2016,9.6761
119551,19-05-2016,9.821
119551,26-05-2016,9.6951
119551,02-06-2016,9.5996
119551,09-06-2016,9.5709
119551,16-06-2016,9.5349
119551,23-06-2016,9.6007
119551,30-06-2016,9.6231
119551,07-07-2016,9.4903
119551,14-07-2016,9.5332
119551,21-07-2016,9.493
119551,28-07-2016,9.5936
119551,04-08-2016,9.5492
119551,11-08-2016,9.5044
119551,18-08-2016,9.5494
119551,25-08-2016,9.6115
119551,01-09-2016,9.6498
119551,08-09-2016,9.5235
119551,15-09-2016,9.5683
119551,22-09-2016,9.493
119551,29-09-2016,9.5146
119551,06-10-2016,9.4101
119551,13-10-2016,9.4474
119551,20-10-2016,9.3903
119551,27-10-2016,9.2977
119551,03-11-2016,9.3545
119551,10-11-2016,9.3763
119551,17-11-2016,9.334
119551,24-11-2016,9.4461
119551,01-12-2016,9.4166
119551,08-12-2016,9.4228
119551,15-12-2016,9.4468
119551,22-12-2016,9.4037
119551,29-12-2016,9.4429
119551,05-01-2017,9.4064
119551,12-01-2017,9.3792
119551,19-01-2017,9.4852
119551,26-01-2017,9.41
119551,02-02-2017,9.2322
119551,09-02-2017,9.3548
119551,16-02-2017,9.5494
119551,23-02-2017,9.5222
119551,02-03-2017,9.3785
119551,09-03-2017,9.359
119551,16-03-2017,9.3413
119551,23-03-2017,9.3308
119551,30-03-2017,9.2514
119551,06-04-2017,9.298
119551,13-04-2017,9.3408
119551,20-04-2017,9.2328
119551,27-04-2017,9.2882
119551,04-05-2017,9.4444
119551,11-05-2017,9.4612
119551,18-05-2017,9.4394
119551,25-05-2017,9.4325
119551,01-06-2017,9.4827
119551,08-06-2017,9.3552
119551,15-06-2017,9.3712
119551,22-06-2017,9.3457
119551,29-06-2017,9.4876
119551,06-07-2017,9.4782
119551,13-07-2017,9.6084
119551,20-07-2017,9.5274
119551,27-07-2017,9.576
119551,03-08-2017,9.6043
119551,10-08-2017,9.5414
119551,17-08-2017,9.5587
119551,24-08-2017,9.6553
119551,31-08-2017,9.6341
119551,07-09-2017,9.5076
119551,14-09-2017,9.51
119551,21-09-2017,9.4452
119551,28-09-2017,9.4231
119551,05-10-2017,9.4207
119551,12-10-2017,9.2959
119551,19-10-2017,9.1795
119551,26-10-2017,9.2186
119551,02-11-2017,9.1837
119551,09-11-2017,8.999
119551,16-11-2017,9.0591
119551,23-11-2017,9.0824
119551,30-11-2017,9.0342
119551,07-12-2017,8.9426
119551,14-12-2017,9.006
119551,21-12-2017,9.0348
119551,28-12-2017,9.2106
119551,04-01-2018,9.2452
119551,11-01-2018,9.2776
119551,18-01-2018,9.2689
119551,25-01-2018,9.3332
119551,01-02-2018,9.3836
119551,08-02-2018,9.4813
119551,15-02-2018,9.4456
119551,22-02-2018,9.4165
119551,01-03-2018,9.3841
119551,08-03-2018,9.4473
119551,15-03-2018,9.5643
119551,22-03-2018,9.533
119551,29-03-2018,9.5044
119551,05-04-2018,9.5321
119551,12-04-2018,9.5172
119551,19-04-2018,9.5935
119551,26-04-2018,9.4245
119551,03-05-2018,9.3659
119551,10-05-2018,9.311
119551,17-05-2018,9.1419
119551,24-05-2018,9.0751
119551,31-05-2018,9.0123
119551,07-06-2018,9.0014
119551,14-06-2018,9.0851
119551,21-06-2018,9.071
119551,28-06-2018,8.9998
119551,05-07-2018,8.9993
119551,12-07-2018,9.0784
119551,19-07-2018,9.0112
119551,26-07-2018,8.9491
119551,02-08-2018,8.9927
119551,09-08-2018,8.9804
119551,16-08-2018,9.0305
119551,23-08-2018,9.0331
119551,30-08-2018,9.0874
119551,06-09-2018,9.0158
119551,13-09-2018,9.0185
119551,20-09-2018,9.007
119551,27-09-2018,8.9229
119551,04-10-2018,8.8149
119551,11-10-2018,8.8668
119551,18-10-2018,8.8454
119551,25-10-2018,8.7766
119551,01-11-2018,8.7734
119551,08-11-2018,8.8561
119551,15-11-2018,8.698
119551,22-11-2018,8.5974
119551,29-11-2018,8.5373
119551,06-12-2018,8.6405
119551,13-12-2018,8.6635
119551,20-12-2018,8.7202
119551,27-12-2018,8.6441
119551,03-01-2019,8.5702
119551,10-01-2019,8.6043
119551,17-01-2019,8.6118
119551,24-01-2019,8.653
119551,31-01-2019,8.6435
119551,07-02-2019,8.6662
119551,14-02-2019,8.6806
119551,21-02-2019,8.7381
119551,28-02-2019,8.798
119551,07-03-2019,8.6875
119551,14-03-2019,8.5348
119551,21-03-2019,8.6066
119551,28-03-2019,8.6918
119551,04-04-2019,8.6243
119551,11-04-2019,8.4995
119551,18-04-2019,8.5096
119551,25-04-2019,8.5764
119551,02-05-2019,8.7031
119551,09-05-2019,8.7426
119551,16-05-2019,8.7201
119551,23-05-2019,8.6612
119551,30-05-2019,8.6655
119551,06-06-2019,8.6482
119551,13-06-2019,8.5814
119551,20-06-2019,8.7255
119551,27-06-2019,8.8536
119551,04-07-2019,8.9376
119551,11-07-2019,8.8754
119551,18-07-2019,8.9396
119551,25-07-2019,8.9889
119551,01-08-2019,9.0244
119551,08-08-2019,9.1182
119551,15-08-2019,9.1682
119551,22-08-2019,9.2261
119551,29-08-2019,9.2768
119551,05-09-2019,9.3058
119551,12-09-2019,9.1768
119551,19-09-2019,9.1866
119551,26-09-2019,9.1494
119551,03-10-2019,9.0594
119551,10-10-2019,9.1849
119551,17-10-2019,9.3156
119551,24-10-2019,9.4206
119551,31-10-2019,9.4436
119551,07-11-2019,9.5494
119551,14-11-2019,9.5542
119551,21-11-2019,9.5735
119551,28-11-2019,9.4936
119551,05-12-2019,9.5275
119551,12-12-2019,9.5359
119551,19-12-2019,9.4404
119551,26-12-2019,9.4403
119551,02-01-2020,9.438
119551,09-01-2020,9.5775
119551,16-01-2020,9.6499
119551,23-01-2020,9.6546
119551,30-01-2020,9.6777
119551,06-02-2020,9.685
119551,13-02-2020,9.6732
119551,20-02-2020,9.5933
119551,27-02-2020,9.5855
119551,05-03-2020,9.5321
119551,12-03-2020,9.4406
119551,19-03-2020,9.483
119551,26-03-2020,9.5165
119551,02-04-2020,9.3842
119551,09-04-2020,9.3788
119551,16-04-2020,9.4572
119551,23-04-2020,9.5412
119551,30-04-2020,9.6233
119551,07-05-2020,9.6301
119551,14-05-2020,9.5689
119551,21-05-2020,9.4897
119551,28-05-2020,9.5197
119551,04-06-2020,9.5524
119551,11-06-2020,9.6546
119551,18-06-2020,9.7434
119551,25-06-2020,9.737
119551,02-07-2020,9.644
119551,09-07-2020,9.6232
119551,16-07-2020,9.6438
119551,23-07-2020,9.6321
119551,30-07-2020,9.5914
119551,06-08-2020,9.6146
119551,13-08-2020,9.5797
119551,20-08-2020,9.5354
119551,27-08-2020,9.563
119551,03-09-2020,9.536
119551,10-09-2020,9.5585
119551,17-09-2020,9.5832
119551,24-09-2020,9.4997
119551,01-10-2020,9.4669
119551,08-10-2020,9.5796
119551,15-10-2020,9.4944
119551,22-10-2020,9.3374
119551,29-10-2020,9.202
119551,05-11-2020,9.2079
119551,12-11-2020,9.2138
119551,19-11-2020,9.2088
119551,26-11-2020,9.302
119551,03-12-2020,9.1068
119551,10-12-2020,9.1393
119551,17-12-2020,9.2571
119551,24-12-2020,9.1773
119551,31-12-2020,9.1531
119551,07-01-2021,9.1016
119551,14-01-2021,9.0401
119551,21-01-2021,9.0201
119551,28-01-2021,9.1268
119551,04-02-2021,9.2646
119551,11-02-2021,9.2434
119551,18-02-2021,9.3879
119551,25-02-2021,9.3944
119551,04-03-2021,9.5299
119551,11-03-2021,9.5266
119551,18-03-2021,9.5404
119551,25-03-2021,9.5721
119551,01-04-2021,9.8194
119551,08-04-2021,9.8902
119551,15-04-2021,9.8382
119551,22-04-2021,9.9184
119551,29-04-2021,9.8936
119551,06-05-2021,9.8588
119551,13-05-2021,9.9344
119551,20-05-2021,9.9409
119551,27-05-2021,9.967
119551,03-06-2021,9.9721
119551,10-06-2021,10.003
119551,17-06-2021,10.041
119551,24-06-2021,9.8894
119551,01-07-2021,9.9461
119551,08-07-2021,9.8719
119551,15-07-2021,9.762
119551,22-07-2021,9.7613
119551,29-07-2021,9.7718
119551,05-08-2021,9.7215
119551,12-08-2021,9.79
119551,19-08-2021,9.6888
119551,26-08-2021,9.6611
119551,02-09-2021,9.6198
119551,09-09-2021,9.62
119551,16-09-2021,9.6454
119551,23-09-2021,9.5714
119551,30-09-2021,9.6307
119551,07-10-2021,9.6394
119551,14-10-2021,9.4974
119551,21-10-2021,9.3524
119551,28-10-2021,9.3552
119551,04-11-2021,9.3424
119551,11-11-2021,9.3384
119551,18-11-2021,9.3401
119551,25-11-2021,9.3606
119551,02-12-2021,9.4354
119551,09-12-2021,9.3553
119551,16-12-2021,9.2713
119551,23-12-2021,9.1939
119551,30-12-2021,9.2188
119551,06-01-2022,9.3143
119551,13-01-2022,9.2859
119551,20-01-2022,9.1038
119551,27-01-2022,8.9833
119551,03-02-2022,8.9271
119551,10-02-2022,8.8908
119551,17-02-2022,8.8653
119551,24-02-2022,8.8716
119551,03-03-2022,8.853
119551,10-03-2022,8.9309
119551,17-03-2022,8.8861
119551,24-03-2022,8.8284
119551,31-03-2022,8.8657
119551,07-04-2022,8.7604
119551,14-04-2022,8.7912
119551,21-04-2022,8.8019
119551,28-04-2022,8.7951
119551,05-05-2022,8.9103
119551,12-05-2022,8.8695
119551,19-05-2022,9.0193
119551,26-05-2022,9.0066
119551,02-06-2022,8.9182
119551,09-06-2022,8.9268
119551,16-06-2022,8.8535
119551,23-06-2022,8.8038
119551,30-06-2022,8.8353
119551,07-07-2022,8.8781
119551,14-07-2022,8.8374
119551,21-07-2022,8.9108
119551,28-07-2022,8.9968
119551,04-08-2022,9.1038
119551,11-08-2022,9.146
119551,18-08-2022,9.2494
119551,25-08-2022,9.114
119551,01-09-2022,9.0944
119551,08-09-2022,9.035
119551,15-09-2022,9.0472
119551,22-09-2022,9.0095
119551,29-09-2022,9.0011
119551,06-10-2022,9.1402
119551,13-10-2022,9.1315
119551,20-10-2022,9.1654
119551,27-10-2022,9.152
119551,03-11-2022,9.1612
119551,10-11-2022,9.1653
119551,17-11-2022,9.2019
119551,24-11-2022,9.2913
119551,01-12-2022,9.4175
119551,08-12-2022,9.4446
119551,15-12-2022,9.4929
119551,22-12-2022,9.4093
119551,29-12-2022,9.4065
119551,05-01-2023,9.481
119551,12-01-2023,9.5504
119551,19-01-2023,9.5704
119551,26-01-2023,9.6421
119551,02-02-2023,9.6838
119551,09-02-2023,9.7807
119551,16-02-2023,9.8073
119551,23-02-2023,9.7833
119551,02-03-2023,9.8135
119551,09-03-2023,9.5873
119551,16-03-2023,9.6205
119551,23-03-2023,9.3436
119551,30-03-2023,9.2185
119551,06-04-2023,9.2555
119551,13-04-2023,9.2946
119551,20-04-2023,9.2118
119551,27-04-2023,9.163
119551,04-05-2023,9.2672
119551,11-05-2023,9.235
119551,18-05-2023,9.4044
119551,25-05-2023,9.408
119551,01-06-2023,9.4425
119551,08-06-2023,9.5684
119551,15-06-2023,9.5823
119551,22-06-2023,9.5093
119551,29-06-2023,9.5047
119551,06-07-2023,9.5058
119551,13-07-2023,9.4058
119551,20-07-2023,9.3903
119551,27-07-2023,9.3383
119551,03-08-2023,9.4111
119551,10-08-2023,9.4175
119551,17-08-2023,9.4
119551,24-08-2023,9.3957
119551,31-08-2023,9.4163
119551,07-09-2023,9.4665
119551,14-09-2023,9.3946
119551,21-09-2023,9.32
119551,28-09-2023,9.4061
119551,05-10-2023,9.3789
119551,12-10-2023,9.2763
119551,19-10-2023,9.313
119551,26-10-2023,9.3512
119551,02-11-2023,9.2404
119551,09-11-2023,9.2611
119551,16-11-2023,9.3193
119551,23-11-2023,9.3509
119551,30-11-2023,9.402
119551,07-12-2023,9.3001
119551,14-12-2023,9.3284
119551,21-12-2023,9.3096
119551,28-12-2023,9.2774
119551,04-01-2024,9.3457
119551,11-01-2024,9.46
119551,18-01-2024,9.5996
119551,25-01-2024,9.7044
119551,01-02-2024,9.6998
119551,08-02-2024,9.731
119551,15-02-2024,9.7946
119551,22-02-2024,9.808
119551,29-02-2024,9.8222
119551,07-03-2024,9.8909
119551,14-03-2024,9.8901
119551,21-03-2024,9.8364
119551,28-03-2024,9.8077
119551,04-04-2024,9.8614
119551,11-04-2024,9.8656
119551,18-04-2024,9.8964
119551,25-04-2024,9.9534
119551,02-05-2024,9.9275
119551,09-05-2024,9.9915
119551,16-05-2024,10.0258
119551,23-05-2024,9.9308
119551,30-05-2024,10.0493
119551,06-06-2024,10.0131
119551,13-06-2024,9.8845
119551,20-06-2024,9.8058
119551,27-06-2024,9.7297
119551,04-07-2024,9.7376
119551,11-07-2024,9.7202
119551,18-07-2024,9.6979
119551,25-07-2024,9.7498
120503,01-01-2015,10.0312
120503,08-01-2015,10.0606
120503,15-01-2015,10.0976
120503,22-01-2015,10.1514
120503,29-01-2015,9.9843
120503,05-02-2015,9.9591
120503,12-02-2015,9.7894
120503,19-02-2015,9.7962
120503,26-02-2015,9.7997
120503,05-03-2015,9.8856
120503,12-03-2015,9.9835
120503,19-03-2015,10.0037
120503,26-03-2015,9.9676
120503,02-04-2015,10.0103
120503,09-04-2015,9.972
120503,16-04-2015,9.9759
120503,23-04-2015,10.0586
120503,30-04-2015,10.0177
120503,07-05-2015,10.0863
120503,14-05-2015,10.145
120503,21-05-2015,10.0716
120503,28-05-2015,10.1541
120503,04-06-2015,10.2149
120503,11-06-2015,10.2273
120503,18-06-2015,10.169
120503,25-06-2015,10.1032
120503,02-07-2015,10.0638
120503,09-07-2015,10.1115
120503,16-07-2015,10.0382
120503,23-07-2015,10.0774
120503,30-07-2015,9.9813
120503,06-08-2015,9.969
120503,13-08-2015,9.9817
120503,20-08-2015,10.181
120503,27-08-2015,10.0729
120503,03-09-2015,10.1955
120503,10-09-2015,10.2118
120503,17-09-2015,10.2495
120503,24-09-2015,10.2633
120503,01-10-2015,10.3039
120503,08-10-2015,10.2954
120503,15-10-2015,10.4192
120503,22-10-2015,10.3854
120503,29-10-2015,10.4836
120503,05-11-2015,10.4337
120503,12-11-2015,10.4329
120503,19-11-2015,10.3476
120503,26-11-2015,10.3894
120503,03-12-2015,10.5137
120503,10-12-2015,10.5114
120503,17-12-2015,10.499
120503,24-12-2015,10.4096
120503,31-12-2015,10.3947
120503,07-01-2016,10.2664
120503,14-01-2016,10.1955
120503,21-01-2016,10.2181
120503,28-01-2016,10.33
120503,04-02-2016,10.5663
120503,11-02-2016,10.5209
120503,18-02-2016,10.6459
120503,25-02-2016,10.6709
120503,03-03-2016,10.6623
120503,10-03-2016,10.7035
120503,17-03-2016,10.713
120503,24-03-2016,10.7268
120503,31-03-2016,10.696
120503,07-04-2016,10.5807
120503,14-04-2016,10.4543
120503,21-04-2016,10.5131
120503,28-04-2016,10.494
120503,05-05-2016,10.4482
120503,12-05-2016,10.453
120503,19-05-2016,10.5237
120503,26-05-2016,10.5431
120503,02-06-2016,10.492
120503,09-06-2016,10.5991
120503,16-06-2016,10.7372
120503,23-06-2016,10.784
120503,30-06-2016,10.8723
120503,07-07-2016,10.9847
120503,14-07-2016,11.0884
120503,21-07-2016,11.1473
120503,28-07-2016,11.2051
120503,04-08-2016,11.2562
120503,11-08-2016,11.1619
120503,18-08-2016,11.2289
120503,25-08-2016,11.1116
120503,01-09-2016,11.0454
120503,08-09-2016,11.165
120503,15-09-2016,11.2446
120503,22-09-2016,11.3829
120503,29-09-2016,11.3627
120503,06-10-2016,11.2625
120503,13-10-2016,11.2453
120503,20-10-2016,11.259
120503,27-10-2016,11.2706
120503,03-11-2016,11.3773
120503,10-11-2016,11.349
120503,17-11-2016,11.3855
120503,24-11-2016,11.3
120503,01-12-2016,11.3452
120503,08-12-2016,11.3501
120503,15-12-2016,11.2865
120503,22-12-2016,11.2697
120503,29-12-2016,11.2576
120503,05-01-2017,11.2378
120503,12-01-2017,11.4016
120503,19-01-2017,11.3971
120503,26-01-2017,11.3795
120503,02-02-2017,11.1931
120503,09-02-2017,11.1175
120503,16-02-2017,11.0985
120503,23-02-2017,11.0421
120503,02-03-2017,11.1685
120503,09-03-2017,11.1583
120503,16-03-2017,11.2778
120503,23-03-2017,11.2878
120503,30-03-2017,11.2957
120503,06-04-2017,11.2922
120503,13-04-2017,11.2971
120503,20-04-2017,11.4569
120503,27-04-2017,11.2489
120503,04-05-2017,11.0733
120503,11-05-2017,11.0296
120503,18-05-2017,11.0353
120503,25-05-2017,11.1006
120503,01-06-2017,11.1471
120503,08-06-2017,11.1173
120503,15-06-2017,11.2123
120503,22-06-2017,11.3092
120503,29-06-2017,11.3304
120503,06-07-2017,11.4222
120503,13-07-2017,11.4517
120503,20-07-2017,11.4048
120503,27-07-2017,11.4731
120503,03-08-2017,11.4878
120503,10-08-2017,11.4925
120503,17-08-2017,11.6325
120503,24-08-2017,11.4091
120503,31-08-2017,11.2843
120503,07-09-2017,11.1816
120503,14-09-2017,11.1536
120503,21-09-2017,11.1354
120503,28-09-2017,11.0055
120503,05-10-2017,10.9232
120503,12-10-2017,10.8523
120503,19-10-2017,11.07
120503,26-10-2017,11.234
120503,02-11-2017,11.2015
120503,09-11-2017,11.1734
120503,16-11-2017,11.0752
120503,23-11-2017,10.9105
120503,30-11-2017,10.9047
120503,07-12-2017,10.822
120503,14-12-2017,10.819
120503,21-12-2017,10.6848
120503,28-12-2017,10.6239
120503,04-01-2018,10.6408
120503,11-01-2018,10.6763
120503,18-01-2018,10.7162
120503,25-01-2018,10.6073
120503,01-02-2018,10.684
120503,08-02-2018,10.6199
120503,15-02-2018,10.6779
120503,22-02-2018,10.6813
120503,01-03-2018,10.568
120503,08-03-2018,10.5454
120503,15-03-2018,10.5805
120503,22-03-2018,10.6366
120503,29-03-2018,10.6289
120503,05-04-2018,10.7634
120503,12-04-2018,10.8544
120503,19-04-2018,10.8365
120503,26-04-2018,10.9058
120503,03-05-2018,11.0789
120503,10-05-2018,11.2571
120503,17-05-2018,11.151
120503,24-05-2018,11.0728
120503,31-05-2018,11.2088
120503,07-06-2018,11.1184
120503,14-06-2018,11.0052
120503,21-06-2018,10.9668
120503,28-06-2018,11.008
120503,05-07-2018,11.0034
120503,12-07-2018,10.9506
120503,19-07-2018,10.8959
120503,26-07-2018,10.8381
120503,02-08-2018,10.7662
120503,09-08-2018,10.967
120503,16-08-2018,10.9975
120503,23-08-2018,11.08
120503,30-08-2018,11.041
120503,06-09-2018,11.029
120503,13-09-2018,10.9705
120503,20-09-2018,10.7421
120503,27-09-2018,10.628
120503,04-10-2018,10.4783
120503,11-10-2018,10.2939
120503,18-10-2018,10.1996
120503,25-10-2018,10.3118
120503,01-11-2018,10.3123
120503,08-11-2018,10.4228
120503,15-11-2018,10.4613
120503,22-11-2018,10.531
120503,29-11-2018,10.4593
120503,06-12-2018,10.5073
120503,13-12-2018,10.5728
120503,20-12-2018,10.5282
120503,27-12-2018,10.5796
120503,03-01-2019,10.6317
120503,10-01-2019,10.5892
120503,17-01-2019,10.4983
120503,24-01-2019,10.4031
120503,31-01-2019,10.4144
120503,07-02-2019,10.4459
120503,14-02-2019,10.3838
120503,21-02-2019,10.3902
120503,28-02-2019,10.4417
120503,07-03-2019,10.4976
120503,14-03-2019,10.6321
120503,21-03-2019,10.745
120503,28-03-2019,10.6632
120503,04-04-2019,10.8111
120503,11-04-2019,10.7695
120503,18-04-2019,10.8638
120503,25-04-2019,10.8741
120503,02-05-2019,10.8426
120503,09-05-2019,10.6901
120503,16-05-2019,10.6797
120503,23-05-2019,10.5507
120503,30-05-2019,10.6366
120503,06-06-2019,10.7699
120503,13-06-2019,10.7056
120503,20-06-2019,10.7357
120503,27-06-2019,10.6777
120503,04-07-2019,10.6283
120503,11-07-2019,10.6984
120503,18-07-2019,10.6994
120503,25-07-2019,10.8526
120503,01-08-2019,10.815
120503,08-08-2019,10.9058
120503,15-08-2019,10.9187
120503,22-08-2019,10.9926
120503,29-08-2019,10.9576
120503,05-09-2019,10.9577
120503,12-09-2019,10.9519
120503,19-09-2019,10.8831
120503,26-09-2019,10.9451
120503,03-10-2019,11.0064
120503,10-10-2019,11.063
120503,17-10-2019,11.2035
120503,24-10-2019,11.3379
120503,31-10-2019,11.3084
120503,07-11-2019,11.3467
120503,14-11-2019,11.2946
120503,21-11-2019,11.3012
120503,28-11-2019,11.2515
120503,05-12-2019,11.4019
120503,12-12-2019,11.4396
120503,19-12-2019,11.4242
120503,26-12-2019,11.5379
120503,02-01-2020,11.3421
120503,09-01-2020,11.1639
120503,16-01-2020,11.2395
120503,23-01-2020,11.2494
120503,30-01-2020,11.2764
120503,06-02-2020,11.1613
120503,13-02-2020,11.1637
120503,20-02-2020,11.3471
120503,27-02-2020,11.4264
120503,05-03-2020,11.4465
120503,12-03-2020,11.4109
120503,19-03-2020,11.3794
120503,26-03-2020,11.1902
120503,02-04-2020,11.2177
120503,09-04-2020,11.2981
120503,16-04-2020,11.1602
120503,23-04-2020,11.1056
120503,30-04-2020,11.0072
120503,07-05-2020,10.9266
120503,14-05-2020,10.9356
120503,21-05-2020,10.7576
120503,28-05-2020,10.8148
120503,04-06-2020,10.8844
120503,11-06-2020,10.8669
120503,18-06-2020,10.6555
120503,25-06-2020,10.5749
120503,02-07-2020,10.6834
120503,09-07-2020,10.4502
120503,16-07-2020,10.4254
120503,23-07-2020,10.3311
120503,30-07-2020,10.4018
120503,06-08-2020,10.3497
120503,13-08-2020,10.3873
120503,20-08-2020,10.4385
120503,27-08-2020,10.596
120503,03-09-2020,10.583
120503,10-09-2020,10.6191
120503,17-09-2020,10.4972
120503,24-09-2020,10.6013
120503,01-10-2020,10.5411
120503,08-10-2020,10.498
120503,15-10-2020,10.5003
120503,22-10-2020,10.3733
120503,29-10-2020,10.3964
120503,05-11-2020,10.481
120503,12-11-2020,10.5098
120503,19-11-2020,10.3804
120503,26-11-2020,10.3742
120503,03-12-2020,10.44
120503,10-12-2020,10.2873
120503,17-12-2020,10.203
120503,24-12-2020,10.2786
120503,31-12-2020,10.3049
120503,07-01-2021,10.343
120503,14-01-2021,10.501
120503,21-01-2021,10.5446
120503,28-01-2021,10.6043
120503,04-02-2021,10.8385
120503,11-02-2021,10.8243
120503,18-02-2021,10.7595
120503,25-02-2021,10.8006
120503,04-03-2021,10.8429
120503,11-03-2021,10.8015
120503,18-03-2021,10.7167
120503,25-03-2021,10.919
120503,01-04-2021,10.9519
120503,08-04-2021,10.8921
120503,15-04-2021,10.9763
120503,22-04-2021,10.9711
120503,29-04-2021,10.9533
120503,06-05-2021,11.0069
120503,13-05-2021,10.8976
120503,20-05-2021,10.9327
120503,27-05-2021,11.1044
120503,03-06-2021,11.1502
120503,10-06-2021,11.1211
120503,17-06-2021,11.0805
120503,24-06-2021,11.0485
120503,01-07-2021,11.0305
120503,08-07-2021,11.0016
120503,15-07-2021,11.0866
120503,22-07-2021,10.9373
120503,29-07-2021,11.0171
120503,05-08-2021,10.9881
120503,12-08-2021,11.0256
120503,19-08-2021,10.9306
120503,26-08-2021,11.0511
120503,02-09-2021,11.1657
120503,09-09-2021,11.2559
120503,16-09-2021,11.124
120503,23-09-2021,11.2022
120503,30-09-2021,11.243
120503,07-10-2021,11.1031
120503,14-10-2021,11.1054
120503,21-10-2021,11.1422
120503,28-10-2021,11.1962
120503,04-11-2021,11.2166
120503,11-11-2021,11.2472
120503,18-11-2021,11.3843
120503,25-11-2021,11.5005
120503,02-12-2021,11.2413
120503,09-12-2021,11.2173
120503,16-12-2021,11.207
120503,23-12-2021,11.0544
120503,30-12-2021,11.0671
120503,06-01-2022,11.1821
120503,13-01-2022,11.0894
120503,20-01-2022,11.1237
120503,27-01-2022,11.0466
120503,03-02-2022,10.9917
120503,10-02-2022,11.126
120503,17-02-2022,11.0821
120503,24-02-2022,11.1275
120503,03-03-2022,10.9654
120503,10-03-2022,11.1332
120503,17-03-2022,11.1913
120503,24-03-2022,11.1794
120503,31-03-2022,11.2354
120503,07-04-2022,11.1132
120503,14-04-2022,11.2227
120503,21-04-2022,11.1981
120503,28-04-2022,11.1843
120503,05-05-2022,11.1448
120503,12-05-2022,11.0975
120503,19-05-2022,11.1636
120503,26-05-2022,11.1909
120503,02-06-2022,11.2538
120503,09-06-2022,11.2575
120503,16-06-2022,11.3082
120503,23-06-2022,11.2748
120503,30-06-2022,11.4805
120503,07-07-2022,11.341
120503,14-07-2022,11.46
120503,21-07-2022,11.59
120503,28-07-2022,11.5156
120503,04-08-2022,11.7256
120503,11-08-2022,11.8236
120503,18-08-2022,11.9202
120503,25-08-2022,11.9277
120503,01-09-2022,11.9117
120503,08-09-2022,11.8965
120503,15-09-2022,11.9385
120503,22-09-2022,12.0771
120503,29-09-2022,12.0994
120503,06-10-2022,12.016
120503,13-10-2022,12.1001
120503,20-10-2022,12.1941
120503,27-10-2022,12.2628
120503,03-11-2022,12.3409
120503,10-11-2022,12.3191
120503,17-11-2022,12.2324
120503,24-11-2022,12.1524
120503,01-12-2022,11.9982
120503,08-12-2022,12.0258
120503,15-12-2022,12.0225
120503,22-12-2022,11.985
120503,29-12-2022,11.7064
120503,05-01-2023,11.5943
120503,12-01-2023,11.7029
120503,19-01-2023,11.6454
120503,26-01-2023,11.6836
120503,02-02-2023,11.5583
120503,09-02-2023,11.696
120503,16-02-2023,11.6872
120503,23-02-2023,11.719
120503,02-03-2023,11.9417
120503,09-03-2023,12.0913
120503,16-03-2023,12.0665
120503,23-03-2023,12.0141
120503,30-03-2023,11.9876
120503,06-04-2023,12.0413
120503,13-04-2023,12.036
120503,20-04-2023,12.0027
120503,27-04-2023,12.1484
120503,04-05-2023,12.1422
120503,11-05-2023,12.3704
120503,18-05-2023,12.3843
120503,25-05-2023,12.5662
120503,01-06-2023,12.6071
120503,08-06-2023,12.7093
120503,15-06-2023,12.6407
120503,22-06-2023,12.5594
120503,29-06-2023,12.6106
120503,06-07-2023,12.7154
120503,13-07-2023,12.7246
120503,20-07-2023,12.5987
120503,27-07-2023,12.4667
120503,03-08-2023,12.3293
120503,10-08-2023,12.1599
120503,17-08-2023,12.1754
120503,24-08-2023,12.2899
120503,31-08-2023,12.2935
120503,07-09-2023,12.0761
120503,14-09-2023,12.0625
120503,21-09-2023,12.0516
120503,28-09-2023,12.2585
120503,05-10-2023,12.1205
120503,12-10-2023,12.0875
120503,19-10-2023,12.2573
120503,26-10-2023,12.3063
120503,02-11-2023,12.3667
120503,09-11-2023,12.3829
120503,16-11-2023,12.4206
120503,23-11-2023,12.5028
120503,30-11-2023,12.4269
120503,07-12-2023,12.5191
120503,14-12-2023,12.3866
120503,21-12-2023,12.4241
120503,28-12-2023,12.4468
120503,04-01-2024,12.3905
120503,11-01-2024,12.3932
120503,18-01-2024,12.3364
120503,25-01-2024,12.2356
120503,01-02-2024,12.2058
120503,08-02-2024,12.1029
120503,15-02-2024,12.139
120503,22-02-2024,12.0322
120503,29-02-2024,12.1055
120503,07-03-2024,11.996
120503,14-03-2024,11.9464
120503,21-03-2024,11.8915
120503,28-03-2024,12.0223
120503,04-04-2024,12.0589
120503,11-04-2024,12.0433
120503,18-04-2024,12.0962
120503,25-04-2024,11.8971
120503,02-05-2024,11.8977
120503,09-05-2024,12.0926
120503,16-05-2024,12.1103
120503,23-05-2024,12.1217
120503,30-05-2024,12.1797
120503,06-06-2024,12.2718
120503,13-06-2024,12.0806
120503,20-06-2024,11.9229
120503,27-06-2024,11.9477
120503,04-07-2024,11.8842
120503,11-07-2024,12.0136
120503,18-07-2024,11.9882
120503,25-07-2024,11.8074
118632,01-01-2015,9.9026
118632,08-01-2015,9.6887
118632,15-01-2015,9.6744
118632,22-01-2015,9.6637
118632,29-01-2015,9.6348
118632,05-02-2015,9.7218
118632,12-02-2015,9.8189
118632,19-02-2015,9.8094
118632,26-02-2015,9.6458
118632,05-03-2015,9.6973
118632,12-03-2015,9.7443
118632,19-03-2015,9.7723
118632,26-03-2015,9.8529
118632,02-04-2015,9.7651
118632,09-04-2015,9.9259
118632,16-04-2015,9.8537
118632,23-04-2015,9.9167
118632,30-04-2015,9.7868
118632,07-05-2015,9.7179
118632,14-05-2015,9.8396
118632,21-05-2015,9.823
118632,28-05-2015,9.893
118632,04-06-2015,9.9157
118632,11-06-2015,9.9113
118632,18-06-2015,10.0234
118632,25-06-2015,10.0085
118632,02-07-2015,9.8699
118632,09-07-2015,9.8104
118632,16-07-2015,9.8576
118632,23-07-2015,9.8927
118632,30-07-2015,9.7727
118632,06-08-2015,9.7199
118632,13-08-2015,9.6786
118632,20-08-2015,9.6542
118632,27-08-2015,9.5518
118632,03-09-2015,9.5076
118632,10-09-2015,9.4559
118632,17-09-2015,9.5181
118632,24-09-2015,9.5835
118632,01-10-2015,9.5762
118632,08-10-2015,9.55
118632,15-10-2015,9.5645
118632,22-10-2015,9.5058
118632,29-10-2015,9.4224
118632,05-11-2015,9.3553
118632,12-11-2015,9.3115
118632,19-11-2015,9.2286
118632,26-11-2015,9.2442
118632,03-12-2015,9.3019
118632,10-12-2015,9.1875
118632,17-12-2015,9.193
118632,24-12-2015,9.1805
118632,31-12-2015,9.2093
118632,07-01-2016,9.212
118632,14-01-2016,9.1086
118632,21-01-2016,9.0202
118632,28-01-2016,9.026
118632,04-02-2016,9.1039
118632,11-02-2016,8.9463
118632,18-02-2016,8.9746
118632,25-02-2016,9.0636
118632,03-03-2016,9.0561
118632,10-03-2016,9.0996
118632,17-03-2016,9.052
118632,24-03-2016,9.047
118632,31-03-2016,8.9333
118632,07-04-2016,8.7694
118632,14-04-2016,8.839
118632,21-04-2016,8.7729
118632,28-04-2016,8.7444
118632,05-05-2016,8.6509
118632,12-05-2016,8.5568
118632,19-05-2016,8.5483
118632,26-05-2016,8.5019
118632,02-06-2016,8.531
118632,09-06-2016,8.5653
118632,16-06-2016,8.5907
118632,23-06-2016,8.6105
118632,30-06-2016,8.7226
118632,07-07-2016,8.6516
118632,14-07-2016,8.6513
118632,21-07-2016,8.7332
118632,28-07-2016,8.825
118632,04-08-2016,8.7281
118632,11-08-2016,8.7098
118632,18-08-2016,8.8079
118632,25-08-2016,8.8473
118632,01-09-2016,8.8646
118632,08-09-2016,8.8527
118632,15-09-2016,8.8291
118632,22-09-2016,8.853
118632,29-09-2016,8.8386
118632,06-10-2016,8.8392
118632,13-10-2016,8.8483
118632,20-10-2016,8.8038
118632,27-10-2016,8.8448
118632,03-11-2016,9.0546
118632,10-11-2016,8.9295
118632,17-11-2016,8.9562
118632,24-11-2016,8.9053
118632,01-12-2016,8.95
118632,08-12-2016,8.9569
118632,15-12-2016,9.0151
118632,22-12-2016,9.1035
118632,29-12-2016,9.1211
118632,05-01-2017,9.2074
118632,12-01-2017,9.0384
118632,19-01-2017,9.157
118632,26-01-2017,9.1881
118632,02-02-2017,9.271
118632,09-02-2017,9.1843
118632,16-02-2017,9.1269
118632,23-02-2017,9.1412
118632,02-03-2017,9.1436
118632,09-03-2017,9.168
118632,16-03-2017,9.2512
118632,23-03-2017,9.1242
118632,30-03-2017,9.199
118632,06-04-2017,9.2033
118632,13-04-2017,9.1919
118632,20-04-2017,9.0874
118632,27-04-2017,9.1276
118632,04-05-2017,8.955
118632,11-05-2017,9.005
118632,18-05-2017,8.9012
118632,25-05-2017,8.9085
118632,01-06-2017,8.9036
118632,08-06-2017,8.9905
118632,15-06-2017,8.9812
118632,22-06-2017,8.9349
118632,29-06-2017,8.9023
118632,06-07-2017,8.9965
118632,13-07-2017,9.0387
118632,20-07-2017,9.0144
118632,27-07-2017,9.001
118632,03-08-2017,8.8917
118632,10-08-2017,8.9229
118632,17-08-2017,8.8009
118632,24-08-2017,8.8573
118632,31-08-2017,8.87
118632,07-09-2017,9.0429
118632,14-09-2017,8.9669
118632,21-09-2017,8.9632
118632,28-09-2017,9.0957
118632,05-10-2017,9.186
118632,12-10-2017,9.1385
118632,19-10-2017,9.1586
118632,26-10-2017,9.1624
118632,02-11-2017,9.1867
118632,09-11-2017,9.139
118632,16-11-2017,9.1362
118632,23-11-2017,9.023
118632,30-11-2017,9.0364
118632,07-12-2017,9.0725
118632,14-12-2017,9.0596
118632,21-12-2017,8.9462
118632,28-12-2017,9.0205
118632,04-01-2018,9.0505
118632,11-01-2018,9.0015
118632,18-01-2018,8.9849
118632,25-01-2018,8.8806
118632,01-02-2018,8.8113
118632,08-02-2018,8.7769
118632,15-02-2018,8.8667
118632,22-02-2018,8.8249
118632,01-03-2018,8.8736
118632,08-03-2018,8.839
118632,15-03-2018,8.86
118632,22-03-2018,8.8535
118632,29-03-2018,8.9189
118632,05-04-2018,8.8843
118632,12-04-2018,8.7761
118632,19-04-2018,8.6826
118632,26-04-2018,8.6491
118632,03-05-2018,8.5662
118632,10-05-2018,8.5977
118632,17-05-2018,8.5691
118632,24-05-2018,8.7353
118632,31-05-2018,8.6174
118632,07-06-2018,8.6349
118632,14-06-2018,8.5604
118632,21-06-2018,8.53
118632,28-06-2018,8.5431
118632,05-07-2018,8.3876
118632,12-07-2018,8.4068
118632,19-07-2018,8.5382
118632,26-07-2018,8.5106
118632,02-08-2018,8.5317
118632,09-08-2018,8.6051
118632,16-08-2018,8.5972
118632,23-08-2018,8.5607
118632,30-08-2018,8.4083
118632,06-09-2018,8.4548
118632,13-09-2018,8.4505
118632,20-09-2018,8.3854
118632,27-09-2018,8.3973
118632,04-10-2018,8.3614
118632,11-10-2018,8.3294
118632,18-10-2018,8.3731
118632,25-10-2018,8.2868
118632,01-11-2018,8.3596
118632,08-11-2018,8.2695
118632,15-11-2018,8.2289
118632,22-11-2018,8.3588
118632,29-11-2018,8.4375
118632,06-12-2018,8.4475
118632,13-12-2018,8.3873
118632,20-12-2018,8.3552
118632,27-12-2018,8.3634
118632,03-01-2019,8.3693
118632,10-01-2019,8.3665
118632,17-01-2019,8.3678
118632,24-01-2019,8.3568
118632,31-01-2019,8.2637
118632,07-02-2019,8.2329
118632,14-02-2019,8.2964
118632,21-02-2019,8.2089
118632,28-02-2019,8.1998
118632,07-03-2019,8.1493
118632,14-03-2019,8.1598
118632,21-03-2019,8.1377
118632,28-03-2019,8.2371
118632,04-04-2019,8.2738
118632,11-04-2019,8.1903
118632,18-04-2019,8.2375
118632,25-04-2019,8.1898
118632,02-05-2019,8.1552
118632,09-05-2019,8.179
118632,16-05-2019,8.1501
118632,23-05-2019,8.2116
118632,30-05-2019,8.164
118632,06-06-2019,8.1268
118632,13-06-2019,8.0874
118632,20-06-2019,8.054
118632,27-06-2019,8.1281
118632,04-07-2019,8.1722
118632,11-07-2019,8.2873
118632,18-07-2019,8.4409
118632,25-07-2019,8.3747
118632,01-08-2019,8.3828
118632,08-08-2019,8.3072
118632,15-08-2019,8.2589
118632,22-08-2019,8.2206
118632,29-08-2019,8.1543
118632,05-09-2019,8.089
118632,12-09-2019,8.0829
118632,19-09-2019,8.0074
118632,26-09-2019,8.0646
118632,03-10-2019,8.0086
118632,10-10-2019,8.1918
118632,17-10-2019,8.1655
118632,24-10-2019,8.1735
118632,31-10-2019,8.092
118632,07-11-2019,8.2057
118632,14-11-2019,8.2825
118632,21-11-2019,8.3055
118632,28-11-2019,8.2193
118632,05-12-2019,8.2364
118632,12-12-2019,8.1658
118632,19-12-2019,8.2646
118632,26-12-2019,8.3214
118632,02-01-2020,8.3311
118632,09-01-2020,8.1721
118632,16-01-2020,8.1111
118632,23-01-2020,8.1589
118632,30-01-2020,8.2414
118632,06-02-2020,8.3178
118632,13-02-2020,8.2152
118632,20-02-2020,8.2383
118632,27-02-2020,8.3085
118632,05-03-2020,8.2016
118632,12-03-2020,8.2044
118632,19-03-2020,8.2256
118632,26-03-2020,8.2091
118632,02-04-2020,8.0908
118632,09-04-2020,8.0729
118632,16-04-2020,8.055
118632,23-04-2020,8.0487
118632,30-04-2020,8.0156
118632,07-05-2020,7.9904
118632,14-05-2020,7.9911
118632,21-05-2020,8.0226
118632,28-05-2020,8.0062
118632,04-06-2020,7.9832
118632,11-06-2020,7.9923
118632,18-06-2020,7.8727
118632,25-06-2020,7.9059
118632,02-07-2020,7.909
118632,09-07-2020,7.9147
118632,16-07-2020,7.9787
118632,23-07-2020,7.8572
118632,30-07-2020,7.7363
118632,06-08-2020,7.7563
118632,13-08-2020,7.759
118632,20-08-2020,7.7726
118632,27-08-2020,7.747
118632,03-09-2020,7.7913
118632,10-09-2020,7.8525
118632,17-09-2020,7.8861
118632,24-09-2020,7.8728
118632,01-10-2020,7.7432
118632,08-10-2020,7.7939
118632,15-10-2020,7.8732
118632,22-10-2020,7.917
118632,29-10-2020,7.8644
118632,05-11-2020,7.91
118632,12-11-2020,7.9676
118632,19-11-2020,8.0701
118632,26-11-2020,8.0168
118632,03-12-2020,8.0055
118632,10-12-2020,8.0565
118632,17-12-2020,8.0635
118632,24-12-2020,7.9946
118632,31-12-2020,8.0243
118632,07-01-2021,8.0647
118632,14-01-2021,8.0736
118632,21-01-2021,8.091
118632,28-01-2021,8.0775
118632,04-02-2021,8.1762
118632,11-02-2021,8.1206
118632,18-02-2021,8.0857
118632,25-02-2021,8.0896
118632,04-03-2021,8.1498
118632,11-03-2021,8.0554
118632,18-03-2021,7.9742
118632,25-03-2021,7.8474
118632,01-04-2021,7.8526
118632,08-04-2021,7.7855
118632,15-04-2021,7.7646
118632,22-04-2021,7.8088
118632,29-04-2021,7.7719
118632,06-05-2021,7.7893
118632,13-05-2021,7.7738
118632,20-05-2021,7.8187
118632,27-05-2021,7.8516
118632,03-06-2021,7.8112
118632,10-06-2021,7.8038
118632,17-06-2021,7.8721
118632,24-06-2021,7.9
118632,01-07-2021,7.8149
118632,08-07-2021,7.859
118632,15-07-2021,7.794
118632,22-07-2021,7.8852
118632,29-07-2021,7.9529
118632,05-08-2021,7.9745
118632,12-08-2021,7.9878
118632,19-08-2021,7.9776
118632,26-08-2021,8.0241
118632,02-09-2021,8.0035
118632,09-09-2021,8.0218
118632,16-09-2021,8.0809
118632,23-09-2021,8.0479
118632,30-09-2021,8.0114
118632,07-10-2021,7.9381
118632,14-10-2021,7.8736
118632,21-10-2021,7.7616
118632,28-10-2021,7.81
118632,04-11-2021,7.9262
118632,11-11-2021,8.0197
118632,18-11-2021,7.9186
118632,25-11-2021,7.9677
118632,02-12-2021,8.0615
118632,09-12-2021,8.0353
118632,16-12-2021,8.045
118632,23-12-2021,7.919
118632,30-12-2021,7.9391
118632,06-01-2022,7.8747
118632,13-01-2022,7.8904
118632,20-01-2022,7.7951
118632,27-01-2022,7.832
118632,03-02-2022,7.8994
118632,10-02-2022,7.853
118632,17-02-2022,7.7847
118632,24-02-2022,7.6536
118632,03-03-2022,7.6403
118632,10-03-2022,7.6078
118632,17-03-2022,7.5165
118632,24-03-2022,7.5467
118632,31-03-2022,7.5226
118632,07-04-2022,7.4608
118632,14-04-2022,7.4307
118632,21-04-2022,7.4974
118632,28-04-2022,7.5365
118632,05-05-2022,7.5317
118632,12-05-2022,7.572
118632,19-05-2022,7.5047
118632,26-05-2022,7.5097
118632,02-06-2022,7.5215
118632,09-06-2022,7.4963
118632,16-06-2022,7.5254
118632,23-06-2022,7.4814
118632,30-06-2022,7.5149
118632,07-07-2022,7.5511
118632,14-07-2022,7.3779
118632,21-07-2022,7.4511
118632,28-07-2022,7.2724
118632,04-08-2022,7.2395
118632,11-08-2022,7.3018
118632,18-08-2022,7.2862
118632,25-08-2022,7.2036
118632,01-09-2022,7.1435
118632,08-09-2022,7.205
118632,15-09-2022,7.0971
118632,22-09-2022,7.1641
118632,29-09-2022,7.1638
118632,06-10-2022,7.0983
118632,13-10-2022,7.068
118632,20-10-2022,7.0133
118632,27-10-2022,7.0648
118632,03-11-2022,7.109
118632,10-11-2022,7.014
118632,17-11-2022,6.9942
118632,24-11-2022,6.9487
118632,01-12-2022,7.0234
118632,08-12-2022,6.9503
118632,15-12-2022,7.0423
118632,22-12-2022,7.0433
118632,29-12-2022,6.9806
118632,05-01-2023,6.9456
118632,12-01-2023,6.9038
118632,19-01-2023,6.8362
118632,26-01-2023,6.8441
118632,02-02-2023,6.7796
118632,09-02-2023,6.6641
118632,16-02-2023,6.6465
118632,23-02-2023,6.5533
118632,02-03-2023,6.5165
118632,09-03-2023,6.4717
118632,16-03-2023,6.4292
118632,23-03-2023,6.5347
118632,30-03-2023,6.5402
118632,06-04-2023,6.5557
118632,13-04-2023,6.4651
118632,20-04-2023,6.4339
118632,27-04-2023,6.4475
118632,04-05-2023,6.3973
118632,11-05-2023,6.4463
118632,18-05-2023,6.3869
118632,25-05-2023,6.3748
118632,01-06-2023,6.3475
118632,08-06-2023,6.3583
118632,15-06-2023,6.3283
118632,22-06-2023,6.3171
118632,29-06-2023,6.3077
118632,06-07-2023,6.2732
118632,13-07-2023,6.3
118632,20-07-2023,6.3146
118632,27-07-2023,6.3126
118632,03-08-2023,6.2934
118632,10-08-2023,6.336
118632,17-08-2023,6.3266
118632,24-08-2023,6.3136
118632,31-08-2023,6.3214
118632,07-09-2023,6.4097
118632,14-09-2023,6.3436
118632,21-09-2023,6.3852
118632,28-09-2023,6.291
118632,05-10-2023,6.3045
118632,12-10-2023,6.3865
118632,19-10-2023,6.414
118632,26-10-2023,6.4253
118632,02-11-2023,6.3991
118632,09-11-2023,6.4032
118632,16-11-2023,6.3929
118632,23-11-2023,6.3552
118632,30-11-2023,6.343
118632,07-12-2023,6.3556
118632,14-12-2023,6.3192
118632,21-12-2023,6.2809
118632,28-12-2023,6.2151
118632,04-01-2024,6.237
118632,11-01-2024,6.2667
118632,18-01-2024,6.2808
118632,25-01-2024,6.3318
118632,01-02-2024,6.3388
118632,08-02-2024,6.3612
118632,15-02-2024,6.3792
118632,22-02-2024,6.3771
118632,29-02-2024,6.3526
118632,07-03-2024,6.4677
118632,14-03-2024,6.4469
118632,21-03-2024,6.4151
118632,28-03-2024,6.4399
118632,04-04-2024,6.4555
118632,11-04-2024,6.3855
118632,18-04-2024,6.4454
118632,25-04-2024,6.4431
118632,02-05-2024,6.3885
118632,09-05-2024,6.4518
118632,16-05-2024,6.4866
118632,23-05-2024,6.4236
118632,30-05-2024,6.5175
118632,06-06-2024,6.5545
118632,13-06-2024,6.5566
118632,20-06-2024,6.6426
118632,27-06-2024,6.6537
118632,04-07-2024,6.6549
118632,11-07-2024,6.6224
118632,18-07-2024,6.6559
118632,25-07-2024,6.6839
119092,01-01-2015,10.0052
119092,08-01-2015,9.9459
119092,15-01-2015,9.9603
119092,22-01-2015,9.9587
119092,29-01-2015,9.8564
119092,05-02-2015,9.7443
119092,12-02-2015,9.7923
119092,19-02-2015,9.5924
119092,26-02-2015,9.612
119092,05-03-2015,9.579
119092,12-03-2015,9.6831
119092,19-03-2015,9.6488
119092,26-03-2015,9.7035
119092,02-04-2015,9.6766
119092,09-04-2015,9.6893
119092,16-04-2015,9.7503
119092,23-04-2015,9.7181
119092,30-04-2015,9.7995
119092,07-05-2015,9.7255
119092,14-05-2015,9.7523
119092,21-05-2015,9.8282
119092,28-05-2015,9.884
119092,04-06-2015,10.0395
119092,11-06-2015,9.9822
119092,18-06-2015,9.876
119092,25-06-2015,9.8014
119092,02-07-2015,9.8571
119092,09-07-2015,9.9004
119092,16-07-2015,9.9124
119092,23-07-2015,9.8273
119092,30-07-2015,9.8915
119092,06-08-2015,9.7986
119092,13-08-2015,9.8934
119092,20-08-2015,10.1235
119092,27-08-2015,10.1572
119092,03-09-2015,10.2086
119092,10-09-2015,10.1725
119092,17-09-2015,10.0292
119092,24-09-2015,9.9849
119092,01-10-2015,9.9016
119092,08-10-2015,9.7909
119092,15-10-2015,9.9297
119092,22-10-2015,9.9554
119092,29-10-2015,9.9896
119092,05-11-2015,9.9689
119092,12-11-2015,9.9591
119092,19-11-2015,10.0399
119092,26-11-2015,10.0414
119092,03-12-2015,10.088
119092,10-12-2015,10.0762
119092,17-12-2015,10.0527
119092,24-12-2015,9.9436
119092,31-12-2015,9.7902
119092,07-01-2016,9.7736
119092,14-01-2016,9.782
119092,21-01-2016,9.6852
119092,28-01-2016,9.6864
119092,04-02-2016,9.6945
119092,11-02-2016,9.5311
119092,18-02-2016,9.4652
119092,25-02-2016,9.4998
119092,03-03-2016,9.533
119092,10-03-2016,9.4488
119092,17-03-2016,9.4646
119092,24-03-2016,9.5458
119092,31-03-2016,9.609
119092,07-04-2016,9.6055
119092,14-04-2016,9.5734
119092,21-04-2016,9.529
119092,28-04-2016,9.5685
119092,05-05-2016,9.5872
119092,12-05-2016,9.6393
119092,19-05-2016,9.6534
119092,26-05-2016,9.7205
119092,02-06-2016,9.7317
119092,09-06-2016,9.7967
119092,16-06-2016,9.8688
119092,23-06-2016,9.8093
119092,30-06-2016,9.6713
119092,07-07-2016,9.7946
119092,14-07-2016,9.8186
119092,21-07-2016,9.6879
119092,28-07-2016,9.6364
119092,04-08-2016,9.6998
119092,11-08-2016,9.682
119092,18-08-2016,9.6462
119092,25-08-2016,9.7581
119092,01-09-2016,9.6803
119092,08-09-2016,9.6224
119092,15-09-2016,9.6425
119092,22-09-2016,9.6765
119092,29-09-2016,9.7187
119092,06-10-2016,9.7935
119092,13-10-2016,9.813
119092,20-10-2016,9.8553
119092,27-10-2016,9.8388
119092,03-11-2016,9.8477
119092,10-11-2016,9.8601
119092,17-11-2016,9.881
119092,24-11-2016,9.946
119092,01-12-2016,9.9942
119092,08-12-2016,10.0017
119092,15-12-2016,9.941
119092,22-12-2016,9.9503
119092,29-12-2016,9.9521
119092,05-01-2017,9.9714
119092,12-01-2017,10.1514
119092,19-01-2017,10.113
119092,26-01-2017,10.1512
119092,02-02-2017,10.242
119092,09-02-2017,10.2541
119092,16-02-2017,10.45
119092,23-02-2017,10.4226
119092,02-03-2017,10.4538
119092,09-03-2017,10.3912
119092,16-03-2017,10.3661
119092,23-03-2017,10.3909
119092,30-03-2017,10.4654
119092,06-04-2017,10.4963
119092,13-04-2017,10.6062
119092,20-04-2017,10.6024
119092,27-04-2017,10.5785
119092,04-05-2017,10.8115
119092,11-05-2017,10.85
119092,18-05-2017,10.7918
119092,25-05-2017,10.7362
119092,01-06-2017,10.6595
119092,08-06-2017,10.7437
119092,15-06-2017,10.7167
119092,22-06-2017,10.7319
119092,29-06-2017,10.7307
119092,06-07-2017,10.7978
119092,13-07-2017,10.729
119092,20-07-2017,10.6409
119092,27-07-2017,10.6643
119092,03-08-2017,10.7198
119092,10-08-2017,10.7526
119092,17-08-2017,10.6873
119092,24-08-2017,10.7495
119092,31-08-2017,10.6898
119092,07-09-2017,10.6495
119092,14-09-2017,10.5733
119092,21-09-2017,10.6876
119092,28-09-2017,10.7461
119092,05-10-2017,10.8024
119092,12-10-2017,10.9145
119092,19-10-2017,11.1644
119092,26-10-2017,11.0162
119092,02-11-2017,10.9556
119092,09-11-2017,10.906
119092,16-11-2017,10.8361
119092,23-11-2017,10.747
119092,30-11-2017,10.7255
119092,07-12-2017,10.6254
119092,14-12-2017,10.6582
119092,21-12-2017,10.6668
119092,28-12-2017,10.7122
119092,04-01-2018,10.76
119092,11-01-2018,10.8162
119092,18-01-2018,10.7882
119092,25-01-2018,10.9756
119092,01-02-2018,11.0005
119092,08-02-2018,10.841
119092,15-02-2018,10.7584
119092,22-02-2018,10.6129
119092,01-03-2018,10.6186
119092,08-03-2018,10.6125
119092,15-03-2018,10.577
119092,22-03-2018,10.7514
119092,29-03-2018,10.8029
119092,05-04-2018,10.87
119092,12-04-2018,10.7934
119092,19-04-2018,10.7114
119092,26-04-2018,10.7189
119092,03-05-2018,10.738
119092,10-05-2018,10.5828
119092,17-05-2018,10.5718
119092,24-05-2018,10.5772
119092,31-05-2018,10.5632
119092,07-06-2018,10.4987
119092,14-06-2018,10.4576
119092,21-06-2018,10.447
119092,28-06-2018,10.4588
119092,05-07-2018,10.5135
119092,12-07-2018,10.6087
119092,19-07-2018,10.5879
119092,26-07-2018,10.5535
119092,02-08-2018,10.5947
119092,09-08-2018,10.6507
119092,16-08-2018,10.618
119092,23-08-2018,10.6894
119092,30-08-2018,10.7774
119092,06-09-2018,10.8931
119092,13-09-2018,11.0524
119092,20-09-2018,10.9802
119092,27-09-2018,10.9858
119092,04-10-2018,10.9912
119092,11-10-2018,10.987
119092,18-10-2018,10.9343
119092,25-10-2018,10.8087
119092,01-11-2018,10.8211
119092,08-11-2018,10.7589
119092,15-11-2018,10.7706
119092,22-11-2018,10.7065
119092,29-11-2018,10.6166
119092,06-12-2018,10.6407
119092,13-12-2018,10.6578
119092,20-12-2018,10.7115
119092,27-12-2018,10.9031
119092,03-01-2019,10.9316
119092,10-01-2019,10.9784
119092,17-01-2019,10.8882
119092,24-01-2019,10.7804
119092,31-01-2019,10.9213
119092,07-02-2019,10.8449
119092,14-02-2019,10.7587
119092,21-02-2019,10.7596
119092,28-02-2019,10.7562
119092,07-03-2019,10.6828
119092,14-03-2019,10.661
119092,21-03-2019,10.7702
119092,28-03-2019,10.705
119092,04-04-2019,10.5899
119092,11-04-2019,10.674
119092,18-04-2019,10.7203
119092,25-04-2019,10.6714
119092,02-05-2019,10.5406
119092,09-05-2019,10.482
119092,16-05-2019,10.4816
119092,23-05-2019,10.5836
119092,30-05-2019,10.5
119092,06-06-2019,10.4971
119092,13-06-2019,10.558
119092,20-06-2019,10.3611
119092,27-06-2019,10.451
119092,04-07-2019,10.3563
119092,11-07-2019,10.3879
119092,18-07-2019,10.4126
119092,25-07-2019,10.5071
119092,01-08-2019,10.5576
119092,08-08-2019,10.3611
119092,15-08-2019,10.3001
119092,22-08-2019,10.3157
119092,29-08-2019,10.3037
119092,05-09-2019,10.3472
119092,12-09-2019,10.4167
119092,19-09-2019,10.4715
119092,26-09-2019,10.4578
119092,03-10-2019,10.3075
119092,10-10-2019,10.274
119092,17-10-2019,10.3124
119092,24-10-2019,10.2265
119092,31-10-2019,10.2823
119092,07-11-2019,10.3611
119092,14-11-2019,10.3758
119092,21-11-2019,10.1256
119092,28-11-2019,10.0261
119092,05-12-2019,10.1814
119092,12-12-2019,10.141
119092,19-12-2019,9.9841
119092,26-12-2019,10.0867
119092,02-01-2020,10.0918
119092,09-01-2020,10.1851
119092,16-01-2020,10.2117
119092,23-01-2020,10.2533
119092,30-01-2020,10.2872
119092,06-02-2020,10.3487
119092,13-02-2020,10.5414
119092,20-02-2020,10.6275
119092,27-02-2020,10.4974
119092,05-03-2020,10.5391
119092,12-03-2020,10.6395
119092,19-03-2020,10.7461
119092,26-03-2020,10.7138
119092,02-04-2020,10.8179
119092,09-04-2020,10.9025
119092,16-04-2020,11.1313
119092,23-04-2020,11.0689
119092,30-04-2020,11.0284
119092,07-05-2020,11.0058
119092,14-05-2020,10.9671
119092,21-05-2020,10.8934
119092,28-05-2020,10.657
119092,04-06-2020,10.6242
119092,11-06-2020,10.6598
119092,18-06-2020,10.622
119092,25-06-2020,10.7907
119092,02-07-2020,10.7962
119092,09-07-2020,10.912
119092,16-07-2020,10.9392
119092,23-07-2020,11.0159
119092,30-07-2020,11.0449
119092,06-08-2020,11.1703
119092,13-08-2020,11.1797
119092,20-08-2020,11.2286
119092,27-08-2020,11.266
119092,03-09-2020,11.2445
119092,10-09-2020,11.2854
119092,17-09-2020,11.4917
119092,24-09-2020,11.4714
119092,01-10-2020,11.5145
119092,08-10-2020,11.635
119092,15-10-2020,11.7457
119092,22-10-2020,11.7515
119092,29-10-2020,11.5322
119092,05-11-2020,11.5845
119092,12-11-2020,11.3834
119092,19-11-2020,11.5218
119092,26-11-2020,11.5421
119092,03-12-2020,11.639
119092,10-12-2020,11.5596
119092,17-12-2020,11.4207
119092,24-12-2020,11.4491
119092,31-12-2020,11.4506
119092,07-01-2021,11.4101
119092,14-01-2021,11.4224
119092,21-01-2021,11.6799
119092,28-01-2021,11.7625
119092,04-02-2021,11.866
119092,11-02-2021,11.9509
119092,18-02-2021,12.0971
119092,25-02-2021,12.0835
119092,04-03-2021,11.8897
119092,11-03-2021,11.8765
119092,18-03-2021,11.9584
119092,25-03-2021,11.8704
119092,01-04-2021,11.8584
119092,08-04-2021,11.7975
119092,15-04-2021,11.944
119092,22-04-2021,12.0204
119092,29-04-2021,12.0879
119092,06-05-2021,12.1528
119092,13-05-2021,12.1541
119092,20-05-2021,12.1781
119092,27-05-2021,12.0675
119092,03-06-2021,11.8613
119092,10-06-2021,11.8803
119092,17-06-2021,11.9158
119092,24-06-2021,12.0359
119092,01-07-2021,12.192
119092,08-07-2021,12.35
119092,15-07-2021,12.2563
119092,22-07-2021,12.2267
119092,29-07-2021,12.2785
119092,05-08-2021,12.5322
119092,12-08-2021,12.6856
119092,19-08-2021,12.8042
119092,26-08-2021,12.7696
119092,02-09-2021,12.6845
119092,09-09-2021,12.7697
119092,16-09-2021,12.6623
119092,23-09-2021,12.6432
119092,30-09-2021,12.6367
119092,07-10-2021,12.8028
119092,14-10-2021,12.7716
119092,21-10-2021,12.5274
119092,28-10-2021,12.583
119092,04-11-2021,12.5177
119092,11-11-2021,12.527
119092,18-11-2021,12.5233
119092,25-11-2021,12.5009
119092,02-12-2021,12.5849
119092,09-12-2021,12.4356
119092,16-12-2021,12.3892
119092,23-12-2021,12.4619
119092,30-12-2021,12.4057
119092,06-01-2022,12.251
119092,13-01-2022,12.3214
119092,20-01-2022,12.437
119092,27-01-2022,12.4375
119092,03-02-2022,12.2474
119092,10-02-2022,12.3215
119092,17-02-2022,12.1628
119092,24-02-2022,12.1977
119092,03-03-2022,12.116
119092,10-03-2022,12.0084
119092,17-03-2022,11.9707
119092,24-03-2022,11.958
119092,31-03-2022,11.9011
119092,07-04-2022,11.9619
119092,14-04-2022,11.924
119092,21-04-2022,12.0223
119092,28-04-2022,12.0542
119092,05-05-2022,11.9917
119092,12-05-2022,11.9134
119092,19-05-2022,11.7612
119092,26-05-2022,11.7932
119092,02-06-2022,11.7645
119092,09-06-2022,11.5459
119092,16-06-2022,11.5011
119092,23-06-2022,11.4228
119092,30-06-2022,11.5713
119092,07-07-2022,11.4183
119092,14-07-2022,11.2912
119092,21-07-2022,11.396
119092,28-07-2022,11.5243
119092,04-08-2022,11.4602
119092,11-08-2022,11.4068
119092,18-08-2022,11.4676
119092,25-08-2022,11.2587
119092,01-09-2022,11.0956
119092,08-09-2022,11.0751
119092,15-09-2022,11.2169
119092,22-09-2022,11.1823
119092,29-09-2022,11.1958
119092,06-10-2022,11.3018
119092,13-10-2022,11.4968
119092,20-10-2022,11.4483
119092,27-10-2022,11.4514
119092,03-11-2022,11.6229
119092,10-11-2022,11.486
119092,17-11-2022,11.585
119092,24-11-2022,11.4953
119092,01-12-2022,11.5093
119092,08-12-2022,11.4916
119092,15-12-2022,11.4081
119092,22-12-2022,11.3229
119092,29-12-2022,11.3525
119092,05-01-2023,11.4474
119092,12-01-2023,11.4401
119092,19-01-2023,11.4511
119092,26-01-2023,11.508
119092,02-02-2023,11.4232
119092,09-02-2023,11.4954
119092,16-02-2023,11.5753
119092,23-02-2023,11.821
119092,02-03-2023,11.7902
119092,09-03-2023,11.7517
119092,16-03-2023,11.8287
119092,23-03-2023,11.9109
119092,30-03-2023,11.8647
119092,06-04-2023,11.8312
119092,13-04-2023,11.8871
119092,20-04-2023,11.8132
119092,27-04-2023,11.7791
119092,04-05-2023,11.7923
119092,11-05-2023,11.891
119092,18-05-2023,11.8382
119092,25-05-2023,11.6684
119092,01-06-2023,11.4942
119092,08-06-2023,11.383
119092,15-06-2023,11.268
119092,22-06-2023,11.2585
119092,29-06-2023,11.156
119092,06-07-2023,11.0977
119092,13-07-2023,11.0334
119092,20-07-2023,10.9989
119092,27-07-2023,11.1197
119092,03-08-2023,11.183
119092,10-08-2023,11.189
119092,17-08-2023,11.1522
119092,24-08-2023,11.118
119092,31-08-2023,11.1516
119092,07-09-2023,11.2082
119092,14-09-2023,11.1313
119092,21-09-2023,11.139
119092,28-09-2023,10.9624
119092,05-10-2023,10.9853
119092,12-10-2023,11.0567
119092,19-10-2023,11.0363
119092,26-10-2023,11.2011
119092,02-11-2023,11.1267
119092,09-11-2023,11.1505
119092,16-11-2023,11.1517
119092,23-11-2023,11.1472
119092,30-11-2023,11.1415
119092,07-12-2023,11.1555
119092,14-12-2023,11.2356
119092,21-12-2023,11.364
119092,28-12-2023,11.3683
119092,04-01-2024,11.447
119092,11-01-2024,11.3873
119092,18-01-2024,11.4617
119092,25-01-2024,11.3964
119092,01-02-2024,11.5004
119092,08-02-2024,11.7084
119092,15-02-2024,11.7016
119092,22-02-2024,11.501
119092,29-02-2024,11.4552
119092,07-03-2024,11.5727
119092,14-03-2024,11.6285
119092,21-03-2024,11.6563
119092,28-03-2024,11.755
119092,04-04-2024,11.8053
119092,11-04-2024,11.925
119092,18-04-2024,12.0175
119092,25-04-2024,12.1686
119092,02-05-2024,12.2084
119092,09-05-2024,12.3017
119092,16-05-2024,12.2764
119092,23-05-2024,12.2223
119092,30-05-2024,12.394
119092,06-06-2024,12.4204
119092,13-06-2024,12.5054
119092,20-06-2024,12.5227
119092,27-06-2024,12.469
119092,04-07-2024,12.4751
119092,11-07-2024,12.6234
119092,18-07-2024,12.6845
119092,25-07-2024,12.5159
120841,01-01-2015,9.9868
120841,08-01-2015,10.1332
120841,15-01-2015,10.1199
120841,22-01-2015,9.9782
120841,29-01-2015,10.1333
120841,05-02-2015,10.1927
120841,12-02-2015,10.191
120841,19-02-2015,10.1648
120841,26-02-2015,10.2569
120841,05-03-2015,10.2165
120841,12-03-2015,10.3145
120841,19-03-2015,10.3633
120841,26-03-2015,10.3878
120841,02-04-2015,10.404
120841,09-04-2015,10.3936
120841,16-04-2015,10.4847
120841,23-04-2015,10.4163
120841,30-04-2015,10.2853
120841,07-05-2015,10.34
120841,14-05-2015,10.3964
120841,21-05-2015,10.4405
120841,28-05-2015,10.4787
120841,04-06-2015,10.456
120841,11-06-2015,10.5261
120841,18-06-2015,10.5264
120841,25-06-2015,10.4896
120841,02-07-2015,10.4676
120841,09-07-2015,10.641
120841,16-07-2015,10.4976
120841,23-07-2015,10.5438
120841,30-07-2015,10.4064
120841,06-08-2015,10.4015
120841,13-08-2015,10.3696
120841,20-08-2015,10.2008
120841,27-08-2015,10.2366
120841,03-09-2015,10.2096
120841,10-09-2015,10.0422
120841,17-09-2015,10.1137
120841,24-09-2015,10.2338
120841,01-10-2015,10.3599
120841,08-10-2015,10.3938
120841,15-10-2015,10.4018
120841,22-10-2015,10.5165
120841,29-10-2015,10.6622
120841,05-11-2015,10.7632
120841,12-11-2015,10.6864
120841,19-11-2015,10.7079
120841,26-11-2015,10.7498
120841,03-12-2015,10.5985
120841,10-12-2015,10.6425
120841,17-12-2015,10.8403
120841,24-12-2015,10.9002
120841,31-12-2015,11.033
120841,07-01-2016,11.0536
120841,14-01-2016,11.0515
120841,21-01-2016,11.0896
120841,28-01-2016,11.0217
120841,04-02-2016,10.9411
120841,11-02-2016,11.0563
120841,18-02-2016,11.1821
120841,25-02-2016,11.098
120841,03-03-2016,11.1883
120841,10-03-2016,11.185
120841,17-03-2016,11.2199
120841,24-03-2016,11.2657
120841,31-03-2016,11.3598
120841,07-04-2016,11.3719
120841,14-04-2016,11.5047
120841,21-04-2016,11.5378
120841,28-04-2016,11.6
120841,05-05-2016,11.5273
120841,12-05-2016,11.731
120841,19-05-2016,11.7798
120841,26-05-2016,11.8517
120841,02-06-2016,11.704
120841,09-06-2016,11.6316
120841,16-06-2016,11.7515
120841,23-06-2016,11.7831
120841,30-06-2016,11.6075
120841,07-07-2016,11.7085
120841,14-07-2016,11.6623
120841,21-07-2016,11.7986
120841,28-07-2016,11.795
120841,04-08-2016,11.8191
120841,11-08-2016,11.9353
120841,18-08-2016,11.8543
120841,25-08-2016,11.7649
120841,01-09-2016,11.7511
120841,08-09-2016,11.8336
120841,15-09-2016,11.7123
120841,22-09-2016,11.5607
120841,29-09-2016,11.6415
120841,06-10-2016,11.59
120841,13-10-2016,11.5583
120841,20-10-2016,11.3912
120841,27-10-2016,11.3339
120841,03-11-2016,11.3378
120841,10-11-2016,11.4267
120841,17-11-2016,11.3608
120841,24-11-2016,11.5159
120841,01-12-2016,11.4575
120841,08-12-2016,11.3994
120841,15-12-2016,11.5442
120841,22-12-2016,11.5684
120841,29-12-2016,11.5219
120841,05-01-2017,11.5122
120841,12-01-2017,11.6414
120841,19-01-2017,11.7826
120841,26-01-2017,11.7103
120841,02-02-2017,11.7111
120841,09-02-2017,11.7242
120841,16-02-2017,11.6364
120841,23-02-2017,11.6358
120841,02-03-2017,11.641
120841,09-03-2017,11.7518
120841,16-03-2017,11.8701
120841,23-03-2017,11.8435
120841,30-03-2017,11.828
120841,06-04-2017,11.8956
120841,13-04-2017,11.8447
120841,20-04-2017,11.9052
120841,27-04-2017,11.9016
120841,04-05-2017,11.814
120841,11-05-2017,11.7283
120841,18-05-2017,11.8688
120841,25-05-2017,11.8587
120841,01-06-2017,12.019
120841,08-06-2017,11.9745
120841,15-06-2017,12.0072
120841,22-06-2017,12.2418
120841,29-06-2017,12.1431
120841,06-07-2017,11.9636
120841,13-07-2017,12.0915
120841,20-07-2017,12.0164
120841,27-07-2017,12.0192
120841,03-08-2017,11.9677
120841,10-08-2017,11.9982
120841,17-08-2017,11.9117
120841,24-08-2017,11.8993
120841,31-08-2017,11.9469
120841,07-09-2017,11.8553
120841,14-09-2017,11.7937
120841,21-09-2017,11.7656
120841,28-09-2017,11.6358
120841,05-10-2017,11.6011
120841,12-10-2017,11.6168
120841,19-10-2017,11.5843
120841,26-10-2017,11.5638
120841,02-11-2017,11.5666
120841,09-11-2017,11.5105
120841,16-11-2017,11.5788
120841,23-11-2017,11.7164
120841,30-11-2017,11.6776
120841,07-12-2017,11.7276
120841,14-12-2017,11.7098
120841,21-12-2017,11.7487
120841,28-12-2017,11.9006
120841,04-01-2018,11.9538
120841,11-01-2018,11.789
120841,18-01-2018,11.8365
120841,25-01-2018,11.958
120841,01-02-2018,11.9416
120841,08-02-2018,12.0415
120841,15-02-2018,11.9798
120841,22-02-2018,11.8422
120841,01-03-2018,11.8603
120841,08-03-2018,11.6984
120841,15-03-2018,11.6806
120841,22-03-2018,11.8056
120841,29-03-2018,11.6299
120841,05-04-2018,11.5155
120841,12-04-2018,11.4251
120841,19-04-2018,11.4238
120841,26-04-2018,11.395
120841,03-05-2018,11.5271
120841,10-05-2018,11.6197
120841,17-05-2018,11.6704
120841,24-05-2018,11.6887
120841,31-05-2018,11.7301
120841,07-06-2018,11.6539
120841,14-06-2018,11.7385
120841,21-06-2018,11.6388
120841,28-06-2018,11.7212
120841,05-07-2018,11.8371
120841,12-07-2018,11.8618
120841,19-07-2018,11.8498
120841,26-07-2018,11.8925
120841,02-08-2018,11.625
120841,09-08-2018,11.6578
120841,16-08-2018,11.6519
120841,23-08-2018,11.6518
120841,30-08-2018,11.7223
120841,06-09-2018,11.72
120841,13-09-2018,11.6178
120841,20-09-2018,11.6093
120841,27-09-2018,11.6202
120841,04-10-2018,11.6356
120841,11-10-2018,11.6553
120841,18-10-2018,11.7569
120841,25-10-2018,11.6594
120841,01-11-2018,11.6805
120841,08-11-2018,11.8057
120841,15-11-2018,11.6466
120841,22-11-2018,11.668
120841,29-11-2018,11.618
120841,06-12-2018,11.5882
120841,13-12-2018,11.5089
120841,20-12-2018,11.4979
120841,27-12-2018,11.6719
120841,03-01-2019,11.5585
120841,10-01-2019,11.455
120841,17-01-2019,11.3402
120841,24-01-2019,11.5015
120841,31-01-2019,11.4636
120841,07-02-2019,11.4658
120841,14-02-2019,11.4334
120841,21-02-2019,11.3516
120841,28-02-2019,11.3348
120841,07-03-2019,11.5623
120841,14-03-2019,11.6956
120841,21-03-2019,11.6205
120841,28-03-2019,11.6854
120841,04-04-2019,11.6123
120841,11-04-2019,11.4519
120841,18-04-2019,11.5499
120841,25-04-2019,11.6617
120841,02-05-2019,11.764
120841,09-05-2019,11.7245
120841,16-05-2019,11.7135
120841,23-05-2019,11.7885
120841,30-05-2019,11.8301
120841,06-06-2019,11.7976
120841,13-06-2019,11.6495
120841,20-06-2019,11.6648
120841,27-06-2019,11.7701
120841,04-07-2019,11.6621
120841,11-07-2019,11.7263
120841,18-07-2019,11.7621
120841,25-07-2019,11.8374
120841,01-08-2019,11.9247
120841,08-08-2019,11.8632
120841,15-08-2019,11.7145
120841,22-08-2019,11.6692
120841,29-08-2019,11.7569
120841,05-09-2019,11.7106
120841,12-09-2019,11.6503
120841,19-09-2019,11.4852
120841,26-09-2019,11.6508
120841,03-10-2019,11.7324
120841,10-10-2019,11.8094
120841,17-10-2019,11.9055
120841,24-10-2019,11.9652
120841,31-10-2019,11.9466
120841,07-11-2019,11.9357
120841,14-11-2019,11.8997
120841,21-11-2019,12.1553
120841,28-11-2019,12.2142
120841,05-12-2019,12.1737
120841,12-12-2019,12.224
120841,19-12-2019,12.13
120841,26-12-2019,12.2808
120841,02-01-2020,12.2208
120841,09-01-2020,12.2747
120841,16-01-2020,12.3843
120841,23-01-2020,12.4273
120841,30-01-2020,12.4417
120841,06-02-2020,12.4478
120841,13-02-2020,12.4471
120841,20-02-2020,12.3947
120841,27-02-2020,12.3551
120841,05-03-2020,12.5062
120841,12-03-2020,12.5004
120841,19-03-2020,12.4268
120841,26-03-2020,12.3804
120841,02-04-2020,12.4944
120841,09-04-2020,12.5669
120841,16-04-2020,12.6283
120841,23-04-2020,12.6073
120841,30-04-2020,12.6702
120841,07-05-2020,12.61
120841,14-05-2020,12.5889
120841,21-05-2020,12.6916
120841,28-05-2020,12.7854
120841,04-06-2020,12.6901
120841,11-06-2020,12.6083
120841,18-06-2020,12.6243
120841,25-06-2020,12.8037
120841,02-07-2020,12.6126
120841,09-07-2020,12.6457
120841,16-07-2020,12.5116
120841,23-07-2020,12.4531
120841,30-07-2020,12.4218
120841,06-08-2020,12.385
120841,13-08-2020,12.337
120841,20-08-2020,12.3427
120841,27-08-2020,12.2948
120841,03-09-2020,12.1558
120841,10-09-2020,12.2365
120841,17-09-2020,12.3151
120841,24-09-2020,12.4031
120841,01-10-2020,12.2552
120841,08-10-2020,12.2894
120841,15-10-2020,12.3608
120841,22-10-2020,12.2638
120841,29-10-2020,12.2696
120841,05-11-2020,12.2631
120841,12-11-2020,12.4487
120841,19-11-2020,12.6453
120841,26-11-2020,12.482
120841,03-12-2020,12.736
120841,10-12-2020,12.6479
120841,17-12-2020,12.7522
120841,24-12-2020,12.8563
120841,31-12-2020,12.759
120841,07-01-2021,12.8145
120841,14-01-2021,12.8086
120841,21-01-2021,12.8705
120841,28-01-2021,12.8994
120841,04-02-2021,13.028
120841,11-02-2021,13.0411
120841,18-02-2021,13.0288
120841,25-02-2021,13.1482
120841,04-03-2021,13.2146
120841,11-03-2021,13.2972
120841,18-03-2021,13.2318
120841,25-03-2021,13.1265
120841,01-04-2021,13.0721
120841,08-04-2021,13.0124
120841,15-04-2021,13.0995
120841,22-04-2021,13.207
120841,29-04-2021,13.1959
120841,06-05-2021,13.3522
120841,13-05-2021,13.5037
120841,20-05-2021,13.5354
120841,27-05-2021,13.4518
120841,03-06-2021,13.6268
120841,10-06-2021,13.6255
120841,17-06-2021,13.6448
120841,24-06-2021,13.6131
120841,01-07-2021,13.5217
120841,08-07-2021,13.3682
120841,15-07-2021,13.4413
120841,22-07-2021,13.3624
120841,29-07-2021,13.6948
120841,05-08-2021,13.5813
120841,12-08-2021,13.4501
120841,19-08-2021,13.5104
120841,26-08-2021,13.6811
120841,02-09-2021,13.6936
120841,09-09-2021,13.7618
120841,16-09-2021,13.5643
120841,23-09-2021,13.4962
120841,30-09-2021,13.3857
120841,07-10-2021,13.1881
120841,14-10-2021,13.2057
120841,21-10-2021,12.9741
120841,28-10-2021,12.842
120841,04-11-2021,12.792
120841,11-11-2021,12.712
120841,18-11-2021,12.7574
120841,25-11-2021,12.7937
120841,02-12-2021,12.8903
120841,09-12-2021,12.9731
120841,16-12-2021,13.0966
120841,23-12-2021,13.1017
120841,30-12-2021,13.1387
120841,06-01-2022,13.1978
120841,13-01-2022,13.218
120841,20-01-2022,13.1813
120841,27-01-2022,13.1515
120841,03-02-2022,13.0707
120841,10-02-2022,13.1201
120841,17-02-2022,13.1154
120841,24-02-2022,13.0511
120841,03-03-2022,12.9872
120841,10-03-2022,12.8666
120841,17-03-2022,12.9725
120841,24-03-2022,12.9859
120841,31-03-2022,12.9014
120841,07-04-2022,12.99
120841,14-04-2022,12.937
120841,21-04-2022,12.7966
120841,28-04-2022,12.9063
120841,05-05-2022,12.856
120841,12-05-2022,12.8191
120841,19-05-2022,12.8284
120841,26-05-2022,12.9508
120841,02-06-2022,12.9581
120841,09-06-2022,12.8389
120841,16-06-2022,12.8999
120841,23-06-2022,12.855
120841,30-06-2022,13.0543
120841,07-07-2022,13.0594
120841,14-07-2022,12.8312
120841,21-07-2022,12.873
120841,28-07-2022,13.0784
120841,04-08-2022,13.2485
120841,11-08-2022,13.4479
120841,18-08-2022,13.3435
120841,25-08-2022,13.4462
120841,01-09-2022,13.3739
120841,08-09-2022,13.4033
120841,15-09-2022,13.2722
120841,22-09-2022,13.209
120841,29-09-2022,13.1429
120841,06-10-2022,13.2426
120841,13-10-2022,13.3327
120841,20-10-2022,13.3676
120841,27-10-2022,13.2285
120841,03-11-2022,13.2008
120841,10-11-2022,13.1273
120841,17-11-2022,13.2239
120841,24-11-2022,13.3538
120841,01-12-2022,13.472
120841,08-12-2022,13.396
120841,15-12-2022,13.1078
120841,22-12-2022,12.9277
120841,29-12-2022,13.0799
120841,05-01-2023,13.0432
120841,12-01-2023,12.9701
120841,19-01-2023,13.1457
120841,26-01-2023,13.284
120841,02-02-2023,13.2919
120841,09-02-2023,13.266
120841,16-02-2023,13.2573
120841,23-02-2023,13.2867
120841,02-03-2023,13.4621
120841,09-03-2023,13.513
120841,16-03-2023,13.5969
120841,23-03-2023,13.7295
120841,30-03-2023,13.6065
120841,06-04-2023,13.6941
120841,13-04-2023,13.6673
120841,20-04-2023,13.3977
120841,27-04-2023,13.175
120841,04-05-2023,13.0729
120841,11-05-2023,13.1337
120841,18-05-2023,13.1509
120841,25-05-2023,13.1756
120841,01-06-2023,13.3865
120841,08-06-2023,13.2559
120841,15-06-2023,13.2583
120841,22-06-2023,13.2959
120841,29-06-2023,13.2229
120841,06-07-2023,13.2312
120841,13-07-2023,13.0672
120841,20-07-2023,13.2198
120841,27-07-2023,13.153
120841,03-08-2023,13.372
120841,10-08-2023,13.3739
120841,17-08-2023,13.4892
120841,24-08-2023,13.4888
120841,31-08-2023,13.4909
120841,07-09-2023,13.4333
120841,14-09-2023,13.4515
120841,21-09-2023,13.4911
120841,28-09-2023,13.4118
120841,05-10-2023,13.4038
120841,12-10-2023,13.3437
120841,19-10-2023,13.5945
120841,26-10-2023,13.5902
120841,02-11-2023,13.7636
120841,09-11-2023,13.7476
120841,16-11-2023,13.7816
120841,23-11-2023,13.6414
120841,30-11-2023,13.5981
120841,07-12-2023,13.6265
120841,14-12-2023,13.8048
120841,21-12-2023,13.8348
120841,28-12-2023,13.9935
120841,04-01-2024,14.0708
120841,11-01-2024,14.2597
120841,18-01-2024,14.2586
120841,25-01-2024,14.537
120841,01-02-2024,14.4864
120841,08-02-2024,14.4033
120841,15-02-2024,14.2697
120841,22-02-2024,14.5415
120841,29-02-2024,14.6426
120841,07-03-2024,14.6093
120841,14-03-2024,14.7612
120841,21-03-2024,14.8483
120841,28-03-2024,15.0878
120841,04-04-2024,14.907
120841,11-04-2024,14.8813
120841,18-04-2024,14.8322
120841,25-04-2024,14.6039
120841,02-05-2024,14.7336
120841,09-05-2024,14.7077
120841,16-05-2024,14.8006
120841,23-05-2024,15.0859
120841,30-05-2024,15.0493
120841,06-06-2024,15.0046
120841,13-06-2024,15.0249
120841,20-06-2024,15.1495
120841,27-06-2024,15.0869
120841,04-07-2024,15.0168
120841,11-07-2024,15.1498
120841,18-07-2024,15.2017
120841,25-07-2024,14.9592
118989,01-01-2015,9.906
118989,08-01-2015,10.0289
118989,15-01-2015,10.0652
118989,22-01-2015,10.0078
118989,29-01-2015,9.9982
118989,05-02-2015,10.0032
118989,12-02-2015,10.0661
118989,19-02-2015,9.9608
118989,26-02-2015,9.8977
118989,05-03-2015,9.9233
118989,12-03-2015,9.9193
118989,19-03-2015,9.9687
118989,26-03-2015,9.8746
118989,02-04-2015,9.9068
118989,09-04-2015,9.9973
118989,16-04-2015,10.0402
118989,23-04-2015,10.0554
118989,30-04-2015,10.0517
118989,07-05-2015,9.9886
118989,14-05-2015,9.9868
118989,21-05-2015,10.0915
118989,28-05-2015,10.0859
118989,04-06-2015,10.0181
118989,11-06-2015,9.9827
118989,18-06-2015,10.0027
118989,25-06-2015,9.9768
118989,02-07-2015,10.0196
118989,09-07-2015,10.0655
118989,16-07-2015,10.1411
118989,23-07-2015,10.2606
118989,30-07-2015,10.3465
118989,06-08-2015,10.2733
118989,13-08-2015,10.2031
118989,20-08-2015,10.201
118989,27-08-2015,10.1683
118989,03-09-2015,10.0798
118989,10-09-2015,10.0482
118989,17-09-2015,10.0141
118989,24-09-2015,9.9642
118989,01-10-2015,9.9431
118989,08-10-2015,10.0408
118989,15-10-2015,10.0608
118989,22-10-2015,10.2638
118989,29-10-2015,10.2819
118989,05-11-2015,10.2621
118989,12-11-2015,10.2666
118989,19-11-2015,10.2917
118989,26-11-2015,10.3317
118989,03-12-2015,10.5075
118989,10-12-2015,10.4406
118989,17-12-2015,10.5165
118989,24-12-2015,10.5382
118989,31-12-2015,10.41
118989,07-01-2016,10.4783
118989,14-01-2016,10.5888
118989,21-01-2016,10.5204
118989,28-01-2016,10.5239
118989,04-02-2016,10.3828
118989,11-02-2016,10.2824
118989,18-02-2016,10.3727
118989,25-02-2016,10.3382
118989,03-03-2016,10.2506
118989,10-03-2016,10.2735
118989,17-03-2016,10.2347
118989,24-03-2016,10.2002
118989,31-03-2016,10.2647
118989,07-04-2016,10.1734
118989,14-04-2016,10.1038
118989,21-04-2016,10.1202
118989,28-04-2016,10.2028
118989,05-05-2016,10.3079
118989,12-05-2016,10.2572
118989,19-05-2016,10.3382
118989,26-05-2016,10.2775
118989,02-06-2016,10.4318
118989,09-06-2016,10.3413
118989,16-06-2016,10.4554
118989,23-06-2016,10.4046
118989,30-06-2016,10.5764
118989,07-07-2016,10.6306
118989,14-07-2016,10.5485
118989,21-07-2016,10.5086
118989,28-07-2016,10.5785
118989,04-08-2016,10.6718
118989,11-08-2016,10.6701
118989,18-08-2016,10.6781
118989,25-08-2016,10.7472
118989,01-09-2016,10.7628
118989,08-09-2016,10.6558
118989,15-09-2016,10.5907
118989,22-09-2016,10.6149
118989,29-09-2016,10.7223
118989,06-10-2016,10.8652
118989,13-10-2016,10.9373
118989,20-10-2016,10.9669
118989,27-10-2016,11.0369
118989,03-11-2016,10.9825
118989,10-11-2016,10.9734
118989,17-11-2016,10.9055
118989,24-11-2016,10.8009
118989,01-12-2016,10.834
118989,08-12-2016,10.8544
118989,15-12-2016,10.9185
118989,22-12-2016,10.9705
118989,29-12-2016,10.9962
118989,05-01-2017,11.0496
118989,12-01-2017,11.0502
118989,19-01-2017,11.0912
118989,26-01-2017,11.0312
118989,02-02-2017,11.0682
118989,09-02-2017,11.1318
118989,16-02-2017,11.0766
118989,23-02-2017,11.0857
118989,02-03-2017,11.0348
118989,09-03-2017,10.9927
118989,16-03-2017,10.8982
118989,23-03-2017,11.0129
118989,30-03-2017,11.1112
118989,06-04-2017,11.1634
118989,13-04-2017,11.344
118989,20-04-2017,11.3314
118989,27-04-2017,11.6107
118989,04-05-2017,11.5943
118989,11-05-2017,11.6226
118989,18-05-2017,11.5902
118989,25-05-2017,11.6294
118989,01-06-2017,11.7118
118989,08-06-2017,11.7058
118989,15-06-2017,11.8769
118989,22-06-2017,11.9043
118989,29-06-2017,11.9349
118989,06-07-2017,11.8528
118989,13-07-2017,11.8973
118989,20-07-2017,11.8893
118989,27-07-2017,11.8362
118989,03-08-2017,11.7674
118989,10-08-2017,12.0236
118989,17-08-2017,12.0031
118989,24-08-2017,11.868
118989,31-08-2017,11.8064
118989,07-09-2017,11.8063
118989,14-09-2017,11.8626
118989,21-09-2017,11.92
118989,28-09-2017,11.9893
118989,05-10-2017,11.9323
118989,12-10-2017,11.9695
118989,19-10-2017,11.8904
118989,26-10-2017,11.8362
118989,02-11-2017,11.7541
118989,09-11-2017,11.647
118989,16-11-2017,11.7508
118989,23-11-2017,11.8203
118989,30-11-2017,11.9174
118989,07-12-2017,11.9259
118989,14-12-2017,12.0048
118989,21-12-2017,11.8404
118989,28-12-2017,11.9269
118989,04-01-2018,11.9486
118989,11-01-2018,12.0133
118989,18-01-2018,12.0546
118989,25-01-2018,11.9643
118989,01-02-2018,11.8257
118989,08-02-2018,11.763
118989,15-02-2018,11.8209
118989,22-02-2018,11.8909
118989,01-03-2018,11.7655
118989,08-03-2018,11.6779
118989,15-03-2018,11.615
118989,22-03-2018,11.5864
118989,29-03-2018,11.4648
118989,05-04-2018,11.339
118989,12-04-2018,11.2689
118989,19-04-2018,11.2812
118989,26-04-2018,11.1792
118989,03-05-2018,11.1733
118989,10-05-2018,11.2724
118989,17-05-2018,11.1595
118989,24-05-2018,11.1456
118989,31-05-2018,11.2414
118989,07-06-2018,11.2083
118989,14-06-2018,11.1613
118989,21-06-2018,11.2697
118989,28-06-2018,11.2466
118989,05-07-2018,11.3504
118989,12-07-2018,11.3939
118989,19-07-2018,11.3672
118989,26-07-2018,11.4154
118989,02-08-2018,11.4492
118989,09-08-2018,11.5473
118989,16-08-2018,11.5013
118989,23-08-2018,11.5097
118989,30-08-2018,11.5086
118989,06-09-2018,11.578
118989,13-09-2018,11.4877
118989,20-09-2018,11.5858
118989,27-09-2018,11.6336
118989,04-10-2018,11.5157
118989,11-10-2018,11.6316
118989,18-10-2018,11.8442
118989,25-10-2018,11.9438
118989,01-11-2018,12.085
118989,08-11-2018,12.0981
118989,15-11-2018,11.9421
118989,22-11-2018,11.7707
118989,29-11-2018,11.7994
118989,06-12-2018,11.7483
118989,13-12-2018,11.667
118989,20-12-2018,11.6658
118989,27-12-2018,11.7279
118989,03-01-2019,11.5963
118989,10-01-2019,11.5593
118989,17-01-2019,11.7036
118989,24-01-2019,11.6076
118989,31-01-2019,11.693
118989,07-02-2019,11.6523
118989,14-02-2019,11.7078
118989,21-02-2019,11.8153
118989,28-02-2019,11.8901
118989,07-03-2019,11.9813
118989,14-03-2019,11.8757
118989,21-03-2019,11.9863
118989,28-03-2019,11.9093
118989,04-04-2019,11.9388
118989,11-04-2019,11.9683
118989,18-04-2019,12.0195
118989,25-04-2019,12.0567
118989,02-05-2019,11.9801
118989,09-05-2019,11.8556
118989,16-05-2019,11.943
118989,23-05-2019,11.9656
118989,30-05-2019,12.0804
118989,06-06-2019,12.0809
118989,13-06-2019,11.9499
118989,20-06-2019,12.0471
118989,27-06-2019,12.0162
118989,04-07-2019,12.0539
118989,11-07-2019,11.9963
118989,18-07-2019,12.1589
118989,25-07-2019,12.0785
118989,01-08-2019,12.0507
118989,08-08-2019,12.0659
118989,15-08-2019,11.9653
118989,22-08-2019,12.0017
118989,29-08-2019,12.1613
118989,05-09-2019,12.1184
118989,12-09-2019,12.1616
118989,19-09-2019,11.8989
118989,26-09-2019,11.9
118989,03-10-2019,11.8749
118989,10-10-2019,11.8019
118989,17-10-2019,11.9088
118989,24-10-2019,11.8824
118989,31-10-2019,11.8703
118989,07-11-2019,11.8392
118989,14-11-2019,11.6624
118989,21-11-2019,11.5615
118989,28-11-2019,11.655
118989,05-12-2019,11.4629
118989,12-12-2019,11.3972
118989,19-12-2019,11.3654
118989,26-12-2019,11.5284
118989,02-01-2020,11.6039
118989,09-01-2020,11.5569
118989,16-01-2020,11.6821
118989,23-01-2020,11.6176
118989,30-01-2020,11.716
118989,06-02-2020,11.5933
118989,13-02-2020,11.6975
118989,20-02-2020,11.6642
118989,27-02-2020,11.5729
118989,05-03-2020,11.5574
118989,12-03-2020,11.5876
118989,19-03-2020,11.5464
118989,26-03-2020,11.6022
118989,02-04-2020,11.5527
118989,09-04-2020,11.6147
118989,16-04-2020,11.6604
118989,23-04-2020,11.6594
118989,30-04-2020,11.6229
118989,07-05-2020,11.6416
118989,14-05-2020,11.6975
118989,21-05-2020,11.8952
118989,28-05-2020,11.9893
118989,04-06-2020,12.0877
118989,11-06-2020,12.3912
118989,18-06-2020,12.4473
118989,25-06-2020,12.5006
118989,02-07-2020,12.576
118989,09-07-2020,12.4795
118989,16-07-2020,12.4402
118989,23-07-2020,12.3948
118989,30-07-2020,12.4639
118989,06-08-2020,12.4516
118989,13-08-2020,12.4703
118989,20-08-2020,12.5838
118989,27-08-2020,12.6757
118989,03-09-2020,12.6644
118989,10-09-2020,12.6016
118989,17-09-2020,12.7211
118989,24-09-2020,12.8049
118989,01-10-2020,12.6455
118989,08-10-2020,12.6189
118989,15-10-2020,12.6406
118989,22-10-2020,12.7244
118989,29-10-2020,12.8222
118989,05-11-2020,12.8564
118989,12-11-2020,12.9218
118989,19-11-2020,12.9336
118989,26-11-2020,12.869
118989,03-12-2020,12.8473
118989,10-12-2020,12.8543
118989,17-12-2020,12.8559
118989,24-12-2020,12.6671
118989,31-12-2020,12.6319
118989,07-01-2021,12.6427
118989,14-01-2021,12.6193
118989,21-01-2021,12.5994
118989,28-01-2021,12.6536
118989,04-02-2021,12.5495
118989,11-02-2021,12.391
118989,18-02-2021,12.3615
118989,25-02-2021,12.442
118989,04-03-2021,12.6149
118989,11-03-2021,12.6989
118989,18-03-2021,12.5548
118989,25-03-2021,12.5365
118989,01-04-2021,12.5673
118989,08-04-2021,12.5901
118989,15-04-2021,12.6495
118989,22-04-2021,12.5618
118989,29-04-2021,12.5733
118989,06-05-2021,12.6206
118989,13-05-2021,12.709
118989,20-05-2021,12.6322
118989,27-05-2021,12.6024
118989,03-06-2021,12.3348
118989,10-06-2021,12.2784
118989,17-06-2021,12.2318
118989,24-06-2021,12.1369
118989,01-07-2021,12.1579
118989,08-07-2021,12.1573
118989,15-07-2021,11.9424
118989,22-07-2021,11.9678
118989,29-07-2021,11.8837
118989,05-08-2021,11.9346
118989,12-08-2021,11.817
118989,19-08-2021,11.8246
118989,26-08-2021,11.8025
118989,02-09-2021,11.8359
118989,09-09-2021,11.8524
118989,16-09-2021,11.833
118989,23-09-2021,11.6923
118989,30-09-2021,11.5588
118989,07-10-2021,11.5094
118989,14-10-2021,11.5132
118989,21-10-2021,11.4618
118989,28-10-2021,11.5237
118989,04-11-2021,11.5026
118989,11-11-2021,11.4184
118989,18-11-2021,11.3976
118989,25-11-2021,11.4227
118989,02-12-2021,11.457
118989,09-12-2021,11.6337
118989,16-12-2021,11.5761
118989,23-12-2021,11.5739
118989,30-12-2021,11.618
118989,06-01-2022,11.6205
118989,13-01-2022,11.5786
118989,20-01-2022,11.4397
118989,27-01-2022,11.3976
118989,03-02-2022,11.3042
118989,10-02-2022,11.1526
118989,17-02-2022,11.0861
118989,24-02-2022,10.9976
118989,03-03-2022,11.0534
118989,10-03-2022,11.111
118989,17-03-2022,11.0351
118989,24-03-2022,11.0165
118989,31-03-2022,10.8571
118989,07-04-2022,10.8186
118989,14-04-2022,10.8574
118989,21-04-2022,10.9334
118989,28-04-2022,10.8754
118989,05-05-2022,10.9713
118989,12-05-2022,10.8426
118989,19-05-2022,10.7387
118989,26-05-2022,10.804
118989,02-06-2022,10.9528
118989,09-06-2022,11.0004
118989,16-06-2022,11.0012
118989,23-06-2022,10.8124
118989,30-06-2022,10.6418
118989,07-07-2022,10.6571
118989,14-07-2022,10.6308
118989,21-07-2022,10.541
118989,28-07-2022,10.5508
118989,04-08-2022,10.5647
118989,11-08-2022,10.6488
118989,18-08-2022,10.6647
118989,25-08-2022,10.7737
118989,01-09-2022,10.7787
118989,08-09-2022,10.7731
118989,15-09-2022,10.8691
118989,22-09-2022,10.7884
118989,29-09-2022,11.0356
118989,06-10-2022,11.0732
118989,13-10-2022,11.1113
118989,20-10-2022,11.1625
118989,27-10-2022,11.3345
118989,03-11-2022,11.4109
118989,10-11-2022,11.269
118989,17-11-2022,11.4
118989,24-11-2022,11.3735
118989,01-12-2022,11.3878
118989,08-12-2022,11.2758
118989,15-12-2022,11.3278
118989,22-12-2022,11.2733
118989,29-12-2022,11.2868
118989,05-01-2023,11.2657
118989,12-01-2023,11.4437
118989,19-01-2023,11.6297
118989,26-01-2023,11.6387
118989,02-02-2023,11.6493
118989,09-02-2023,11.6192
118989,16-02-2023,11.7266
118989,23-02-2023,11.7005
118989,02-03-2023,11.6657
118989,09-03-2023,11.7617
118989,16-03-2023,11.7158
118989,23-03-2023,11.7169
118989,30-03-2023,11.5734
118989,06-04-2023,11.6432
118989,13-04-2023,11.8286
118989,20-04-2023,11.9016
118989,27-04-2023,12.0456
118989,04-05-2023,11.9688
118989,11-05-2023,11.9963
118989,18-05-2023,11.9105
118989,25-05-2023,11.8936
118989,01-06-2023,11.9718
118989,08-06-2023,11.9864
118989,15-06-2023,11.8557
118989,22-06-2023,11.7357
118989,29-06-2023,11.6108
118989,06-07-2023,11.661
118989,13-07-2023,11.8583
118989,20-07-2023,11.9922
118989,27-07-2023,11.8151
118989,03-08-2023,11.9542
118989,10-08-2023,12.0485
118989,17-08-2023,11.9044
118989,24-08-2023,11.8803
118989,31-08-2023,11.9892
118989,07-09-2023,12.0467
118989,14-09-2023,11.9254
118989,21-09-2023,11.9884
118989,28-09-2023,11.7882
118989,05-10-2023,11.7719
118989,12-10-2023,11.8838
118989,19-10-2023,11.8903
118989,26-10-2023,11.8476
118989,02-11-2023,11.9366
118989,09-11-2023,12.0345
118989,16-11-2023,12.1654
118989,23-11-2023,12.2554
118989,30-11-2023,12.3663
118989,07-12-2023,12.4438
118989,14-12-2023,12.4752
118989,21-12-2023,12.4891
118989,28-12-2023,12.4704
118989,04-01-2024,12.3544
118989,11-01-2024,12.265
118989,18-01-2024,12.2422
118989,25-01-2024,12.2707
118989,01-02-2024,12.4171
118989,08-02-2024,12.4179
118989,15-02-2024,12.5226
118989,22-02-2024,12.6357
118989,29-02-2024,12.6173
118989,07-03-2024,12.6824
118989,14-03-2024,12.6628
118989,21-03-2024,12.8018
118989,28-03-2024,12.872
118989,04-04-2024,12.7546
118989,11-04-2024,12.7762
118989,18-04-2024,12.9497
118989,25-04-2024,12.9361
118989,02-05-2024,12.9876
118989,09-05-2024,13.0496
118989,16-05-2024,12.9466
118989,23-05-2024,13.0046
118989,30-05-2024,12.8648
118989,06-06-2024,12.8056
118989,13-06-2024,12.9209
118989,20-06-2024,12.963
118989,27-06-2024,12.9366
118989,04-07-2024,12.9879
118989,11-07-2024,12.9869
118989,18-07-2024,12.9934
118989,25-07-2024,13.0669
120594,01-01-2015,9.9458
120594,08-01-2015,9.953
120594,15-01-2015,9.9321
120594,22-01-2015,9.8101
120594,29-01-2015,9.7418
120594,05-02-2015,9.8679
120594,12-02-2015,9.9022
120594,19-02-2015,9.8013
120594,26-02-2015,9.6845
120594,05-03-2015,9.6797
120594,12-03-2015,9.8044
120594,19-03-2015,9.7937
120594,26-03-2015,9.9
120594,02-04-2015,9.9318
120594,09-04-2015,9.9733
120594,16-04-2015,9.8707
120594,23-04-2015,9.9487
120594,30-04-2015,9.926
120594,07-05-2015,9.9985
120594,14-05-2015,9.9374
120594,21-05-2015,9.9554
120594,28-05-2015,9.9874
120594,04-06-2015,9.9791
120594,11-06-2015,10.0154
120594,18-06-2015,9.9981
120594,25-06-2015,9.9502
120594,02-07-2015,10.0819
120594,09-07-2015,10.1706
120594,16-07-2015,10.1127
120594,23-07-2015,10.1628
120594,30-07-2015,10.1064
120594,06-08-2015,10.0147
120594,13-08-2015,10.1015
120594,20-08-2015,9.9679
120594,27-08-2015,10.0458
120594,03-09-2015,10.0295
120594,10-09-2015,10.0165
120594,17-09-2015,10.0533
120594,24-09-2015,10.1041
120594,01-10-2015,10.0414
120594,08-10-2015,10.103
120594,15-10-2015,10.1162
120594,22-10-2015,10.0186
120594,29-10-2015,10.009
120594,05-11-2015,10.1236
120594,12-11-2015,10.2635
120594,19-11-2015,10.3265
120594,26-11-2015,10.2323
120594,03-12-2015,10.2765
120594,10-12-2015,10.3506
120594,17-12-2015,10.4148
120594,24-12-2015,10.4844
120594,31-12-2015,10.519
120594,07-01-2016,10.5172
120594,14-01-2016,10.4702
120594,21-01-2016,10.3154
120594,28-01-2016,10.3475
120594,04-02-2016,10.3671
120594,11-02-2016,10.4175
120594,18-02-2016,10.3102
120594,25-02-2016,10.3675
120594,03-03-2016,10.542
120594,10-03-2016,10.5529
120594,17-03-2016,10.5519
120594,24-03-2016,10.5822
120594,31-03-2016,10.7585
120594,07-04-2016,10.6747
120594,14-04-2016,10.6963
120594,21-04-2016,10.6322
120594,28-04-2016,10.5899
120594,05-05-2016,10.5899
120594,12-05-2016,10.7083
120594,19-05-2016,10.8669
120594,26-05-2016,10.9102
120594,02-06-2016,10.8817
120594,09-06-2016,11.103
120594,16-06-2016,11.0695
120594,23-06-2016,11.0233
120594,30-06-2016,10.8712
120594,07-07-2016,10.997
120594,14-07-2016,11.0866
120594,21-07-2016,11.3054
120594,28-07-2016,11.1843
120594,04-08-2016,11.3192
120594,11-08-2016,11.3301
120594,18-08-2016,11.4077
120594,25-08-2016,11.2619
120594,01-09-2016,11.3987
120594,08-09-2016,11.4749
120594,15-09-2016,11.476
120594,22-09-2016,11.5398
120594,29-09-2016,11.4737
120594,06-10-2016,11.4251
120594,13-10-2016,11.3873
120594,20-10-2016,11.2231
120594,27-10-2016,11.305
120594,03-11-2016,11.4173
120594,10-11-2016,11.3578
120594,17-11-2016,11.394
120594,24-11-2016,11.3743
120594,01-12-2016,11.4087
120594,08-12-2016,11.356
120594,15-12-2016,11.2803
120594,22-12-2016,11.3798
120594,29-12-2016,11.3785
120594,05-01-2017,11.5671
120594,12-01-2017,11.576
120594,19-01-2017,11.4949
120594,26-01-2017,11.6123
120594,02-02-2017,11.6756
120594,09-02-2017,11.7481
120594,16-02-2017,11.8647
120594,23-02-2017,11.8075
120594,02-03-2017,11.8002
120594,09-03-2017,11.7887
120594,16-03-2017,11.6717
120594,23-03-2017,11.6518
120594,30-03-2017,11.781
120594,06-04-2017,11.8081
120594,13-04-2017,11.6857
120594,20-04-2017,11.5449
120594,27-04-2017,11.7033
120594,04-05-2017,11.6995
120594,11-05-2017,11.6436
120594,18-05-2017,11.6227
120594,25-05-2017,11.49
120594,01-06-2017,11.6254
120594,08-06-2017,11.5935
120594,15-06-2017,11.725
120594,22-06-2017,11.7345
120594,29-06-2017,11.8734
120594,06-07-2017,11.9025
120594,13-07-2017,11.9885
120594,20-07-2017,12.0623
120594,27-07-2017,12.1273
120594,03-08-2017,12.1659
120594,10-08-2017,12.1481
120594,17-08-2017,12.3391
120594,24-08-2017,12.2545
120594,31-08-2017,12.2598
120594,07-09-2017,12.2662
120594,14-09-2017,12.3106
120594,21-09-2017,12.2732
120594,28-09-2017,12.309
120594,05-10-2017,12.2973
120594,12-10-2017,12.1466
120594,19-10-2017,12.1524
120594,26-10-2017,12.0503
120594,02-11-2017,11.8879
120594,09-11-2017,11.9057
120594,16-11-2017,11.9569
120594,23-11-2017,12.012
120594,30-11-2017,12.0714
120594,07-12-2017,11.8896
120594,14-12-2017,11.7649
120594,21-12-2017,11.9553
120594,28-12-2017,11.8599
120594,04-01-2018,11.9226
120594,11-01-2018,11.8619
120594,18-01-2018,11.8742
120594,25-01-2018,11.8188
120594,01-02-2018,11.8766
120594,08-02-2018,11.8943
120594,15-02-2018,11.8564
120594,22-02-2018,11.7616
120594,01-03-2018,11.7915
120594,08-03-2018,11.6818
120594,15-03-2018,11.7264
120594,22-03-2018,11.9775
120594,29-03-2018,12.1117
120594,05-04-2018,12.1861
120594,12-04-2018,12.1826
120594,19-04-2018,11.9986
120594,26-04-2018,11.8764
120594,03-05-2018,12.0031
120594,10-05-2018,11.932
120594,17-05-2018,11.8701
120594,24-05-2018,11.8591
120594,31-05-2018,11.7631
120594,07-06-2018,11.6523
120594,14-06-2018,11.6523
120594,21-06-2018,11.5738
120594,28-06-2018,11.5099
120594,05-07-2018,11.4425
120594,12-07-2018,11.4949
120594,19-07-2018,11.4782
120594,26-07-2018,11.4664
120594,02-08-2018,11.5257
120594,09-08-2018,11.5172
120594,16-08-2018,11.4962
120594,23-08-2018,11.5441
120594,30-08-2018,11.6104
120594,06-09-2018,11.6014
120594,13-09-2018,11.6135
120594,20-09-2018,11.5455
120594,27-09-2018,11.4706
120594,04-10-2018,11.5458
120594,11-10-2018,11.5915
120594,18-10-2018,11.6384
120594,25-10-2018,11.6692
120594,01-11-2018,11.6782
120594,08-11-2018,11.7479
120594,15-11-2018,11.8405
120594,22-11-2018,11.9315
120594,29-11-2018,11.9267
120594,06-12-2018,12.0638
120594,13-12-2018,12.0907
120594,20-12-2018,12.1567
120594,27-12-2018,12.189
120594,03-01-2019,12.2179
120594,10-01-2019,12.1509
120594,17-01-2019,12.2239
120594,24-01-2019,12.5071
120594,31-01-2019,12.4746
120594,07-02-2019,12.4866
120594,14-02-2019,12.4471
120594,21-02-2019,12.4034
120594,28-02-2019,12.5617
120594,07-03-2019,12.4991
120594,14-03-2019,12.4566
120594,21-03-2019,12.3034
120594,28-03-2019,12.2338
120594,04-04-2019,12.0715
120594,11-04-2019,12.1373
120594,18-04-2019,12.414
120594,25-04-2019,12.3826
120594,02-05-2019,12.2224
120594,09-05-2019,12.3153
120594,16-05-2019,12.2486
120594,23-05-2019,12.3808
120594,30-05-2019,12.3578
120594,06-06-2019,12.3003
120594,13-06-2019,12.2877
120594,20-06-2019,12.3671
120594,27-06-2019,12.3496
120594,04-07-2019,12.3055
120594,11-07-2019,12.2908
120594,18-07-2019,12.1707
120594,25-07-2019,12.2142
120594,01-08-2019,12.0445
120594,08-08-2019,12.0065
120594,15-08-2019,12.0843
120594,22-08-2019,12.1184
120594,29-08-2019,12.1805
120594,05-09-2019,12.179
120594,12-09-2019,12.2978
120594,19-09-2019,12.3937
120594,26-09-2019,12.4429
120594,03-10-2019,12.5402
120594,10-10-2019,12.6205
120594,17-10-2019,12.5812
120594,24-10-2019,12.451
120594,31-10-2019,12.4978
120594,07-11-2019,12.5574
120594,14-11-2019,12.672
120594,21-11-2019,12.5821
120594,28-11-2019,12.4959
120594,05-12-2019,12.5469
120594,12-12-2019,12.5448
120594,19-12-2019,12.3606
120594,26-12-2019,12.4026
120594,02-01-2020,12.2238
120594,09-01-2020,12.1362
120594,16-01-2020,12.2723
120594,23-01-2020,12.4564
120594,30-01-2020,12.3402
120594,06-02-2020,12.3126
120594,13-02-2020,12.3218
120594,20-02-2020,12.5023
120594,27-02-2020,12.458
120594,05-03-2020,12.4154
120594,12-03-2020,12.5742
120594,19-03-2020,12.5415
120594,26-03-2020,12.619
120594,02-04-2020,12.4749
120594,09-04-2020,12.4628
120594,16-04-2020,12.3024
120594,23-04-2020,12.2034
120594,30-04-2020,12.2902
120594,07-05-2020,12.2902
120594,14-05-2020,12.2638
120594,21-05-2020,12.1952
120594,28-05-2020,12.1786
120594,04-06-2020,12.2128
120594,11-06-2020,12.3137
120594,18-06-2020,12.06
120594,25-06-2020,11.9846
120594,02-07-2020,12.0046
120594,09-07-2020,12.0
120594,16-07-2020,12.0435
120594,23-07-2020,12.0741
120594,30-07-2020,12.0495
120594,06-08-2020,12.0035
120594,13-08-2020,11.9847
120594,20-08-2020,12.0996
120594,27-08-2020,12.0336
120594,03-09-2020,12.0324
120594,10-09-2020,12.0549
120594,17-09-2020,12.2102
120594,24-09-2020,12.1857
120594,01-10-2020,12.2841
120594,08-10-2020,12.41
120594,15-10-2020,12.4087
120594,22-10-2020,12.3927
120594,29-10-2020,12.365
120594,05-11-2020,12.3447
120594,12-11-2020,12.434
120594,19-11-2020,12.4619
120594,26-11-2020,12.4904
120594,03-12-2020,12.3829
120594,10-12-2020,12.2921
120594,17-12-2020,12.5077
120594,24-12-2020,12.495
120594,31-12-2020,12.4225
120594,07-01-2021,12.5697
120594,14-01-2021,12.6031
120594,21-01-2021,12.6664
120594,28-01-2021,12.6575
120594,04-02-2021,12.6303
120594,11-02-2021,12.6182
120594,18-02-2021,12.4837
120594,25-02-2021,12.4799
120594,04-03-2021,12.5144
120594,11-03-2021,12.7047
120594,18-03-2021,12.7185
120594,25-03-2021,12.4861
120594,01-04-2021,12.4817
120594,08-04-2021,12.7602
120594,15-04-2021,12.8538
120594,22-04-2021,12.7755
120594,29-04-2021,12.8411
120594,06-05-2021,12.77
120594,13-05-2021,12.6368
120594,20-05-2021,12.6066
120594,27-05-2021,12.6209
120594,03-06-2021,12.4369
120594,10-06-2021,12.3276
120594,17-06-2021,12.3335
120594,24-06-2021,12.2982
120594,01-07-2021,12.3419
120594,08-07-2021,12.2269
120594,15-07-2021,12.3017
120594,22-07-2021,12.1901
120594,29-07-2021,12.3552
120594,05-08-2021,12.1905
120594,12-08-2021,12.0889
120594,19-08-2021,12.1341
120594,26-08-2021,12.3005
120594,02-09-2021,12.3364
120594,09-09-2021,12.3969
120594,16-09-2021,12.4036
120594,23-09-2021,12.3067
120594,30-09-2021,12.2633
120594,07-10-2021,12.1494
120594,14-10-2021,12.0299
120594,21-10-2021,12.0734
120594,28-10-2021,11.9697
120594,04-11-2021,12.0051
120594,11-11-2021,11.8849
120594,18-11-2021,11.9178
120594,25-11-2021,11.876
120594,02-12-2021,12.0144
120594,09-12-2021,12.0503
120594,16-12-2021,12.1743
120594,23-12-2021,12.1056
120594,30-12-2021,12.1158
120594,06-01-2022,12.0256
120594,13-01-2022,11.9906
120594,20-01-2022,11.9703
120594,27-01-2022,11.9055
120594,03-02-2022,11.7945
120594,10-02-2022,11.6659
120594,17-02-2022,11.4522
120594,24-02-2022,11.36
120594,03-03-2022,11.4216
120594,10-03-2022,11.2801
120594,17-03-2022,11.1611
120594,24-03-2022,11.3255
120594,31-03-2022,11.2723
120594,07-04-2022,11.3058
120594,14-04-2022,11.3684
120594,21-04-2022,11.4332
120594,28-04-2022,11.2986
120594,05-05-2022,11.2822
120594,12-05-2022,11.1406
120594,19-05-2022,11.3631
120594,26-05-2022,11.2227
120594,02-06-2022,11.1331
120594,09-06-2022,11.0449
120594,16-06-2022,10.9171
120594,23-06-2022,11.0396
120594,30-06-2022,11.2579
120594,07-07-2022,11.2196
120594,14-07-2022,11.1055
120594,21-07-2022,10.9112
120594,28-07-2022,10.8943
120594,04-08-2022,10.8711
120594,11-08-2022,10.8188
120594,18-08-2022,10.8423
120594,25-08-2022,10.8809
120594,01-09-2022,10.9134
120594,08-09-2022,10.8901
120594,15-09-2022,10.7985
120594,22-09-2022,10.8604
120594,29-09-2022,10.8658
120594,06-10-2022,10.9474
120594,13-10-2022,11.0209
120594,20-10-2022,10.9
120594,27-10-2022,10.7793
120594,03-11-2022,10.7184
120594,10-11-2022,10.6322
120594,17-11-2022,10.7006
120594,24-11-2022,10.735
120594,01-12-2022,10.8337
120594,08-12-2022,10.8724
120594,15-12-2022,10.8949
120594,22-12-2022,11.0038
120594,29-12-2022,11.0496
120594,05-01-2023,11.06
120594,12-01-2023,11.1954
120594,19-01-2023,11.2102
120594,26-01-2023,11.1874
120594,02-02-2023,11.1169
120594,09-02-2023,11.1839
120594,16-02-2023,11.299
120594,23-02-2023,11.299
120594,02-03-2023,11.4217
120594,09-03-2023,11.2463
120594,16-03-2023,11.2458
120594,23-03-2023,11.2467
120594,30-03-2023,11.1858
120594,06-04-2023,11.4036
120594,13-04-2023,11.4021
120594,20-04-2023,11.3694
120594,27-04-2023,11.3764
120594,04-05-2023,11.1986
120594,11-05-2023,11.135
120594,18-05-2023,11.2271
120594,25-05-2023,11.1751
120594,01-06-2023,11.1054
120594,08-06-2023,11.2262
120594,15-06-2023,11.3511
120594,22-06-2023,11.4026
120594,29-06-2023,11.3656
120594,06-07-2023,11.3484
120594,13-07-2023,11.2799
120594,20-07-2023,11.1947
120594,27-07-2023,11.1056
120594,03-08-2023,11.0551
120594,10-08-2023,10.968
120594,17-08-2023,10.8352
120594,24-08-2023,10.8586
120594,31-08-2023,10.8833
120594,07-09-2023,11.0357
120594,14-09-2023,10.9811
120594,21-09-2023,11.0116
120594,28-09-2023,11.0435
120594,05-10-2023,11.0255
120594,12-10-2023,11.0956
120594,19-10-2023,11.1688
120594,26-10-2023,11.2025
120594,02-11-2023,11.1841
120594,09-11-2023,11.1566
120594,16-11-2023,11.039
120594,23-11-2023,10.9722
120594,30-11-2023,10.922
120594,07-12-2023,10.8282
120594,14-12-2023,10.8706
120594,21-12-2023,10.979
120594,28-12-2023,10.9037
120594,04-01-2024,10.9327
120594,11-01-2024,10.8467
120594,18-01-2024,10.8246
120594,25-01-2024,10.7691
120594,01-02-2024,10.8253
120594,08-02-2024,10.7708
120594,15-02-2024,10.8623
120594,22-02-2024,10.8453
120594,29-02-2024,10.7933
120594,07-03-2024,10.6894
120594,14-03-2024,10.7153
120594,21-03-2024,10.7963
120594,28-03-2024,10.8242
120594,04-04-2024,11.0224
120594,11-04-2024,11.1529
120594,18-04-2024,11.1299
120594,25-04-2024,11.1061
120594,02-05-2024,11.1523
120594,09-05-2024,11.0819
120594,16-05-2024,11.1898
120594,23-05-2024,11.2266
120594,30-05-2024,11.2541
120594,06-06-2024,11.3205
120594,13-06-2024,11.4811
120594,20-06-2024,11.5013
120594,27-06-2024,11.4955
120594,04-07-2024,11.6389
120594,11-07-2024,11.7336
120594,18-07-2024,11.7082
120594,25-07-2024,11.7134
119775,01-01-2015,10.0196
119775,08-01-2015,10.0526
119775,15-01-2015,9.9476
119775,22-01-2015,9.8288
119775,29-01-2015,9.7629
119775,05-02-2015,9.6915
119775,12-02-2015,9.6455
119775,19-02-2015,9.6983
119775,26-02-2015,9.6891
119775,05-03-2015,9.7082
119775,12-03-2015,9.617
119775,19-03-2015,9.5853
119775,26-03-2015,9.6342
119775,02-04-2015,9.6839
119775,09-04-2015,9.6316
119775,16-04-2015,9.6479
119775,23-04-2015,9.8215
119775,30-04-2015,9.824
119775,07-05-2015,9.7735
119775,14-05-2015,9.7638
119775,21-05-2015,9.7749
119775,28-05-2015,9.767
119775,04-06-2015,9.7685
119775,11-06-2015,9.6596
119775,18-06-2015,9.589
119775,25-06-2015,9.5814
119775,02-07-2015,9.5726
119775,09-07-2015,9.5331
119775,16-07-2015,9.5234
119775,23-07-2015,9.5318
119775,30-07-2015,9.6035
119775,06-08-2015,9.5997
119775,13-08-2015,9.6342
119775,20-08-2015,9.5963
119775,27-08-2015,9.644
119775,03-09-2015,9.6769
119775,10-09-2015,9.7478
119775,17-09-2015,9.8073
119775,24-09-2015,9.8574
119775,01-10-2015,9.8536
119775,08-10-2015,9.8769
119775,15-10-2015,9.9649
119775,22-10-2015,9.9169
119775,29-10-2015,9.871
119775,05-11-2015,9.8892
119775,12-11-2015,9.9261
119775,19-11-2015,9.8646
119775,26-11-2015,9.8626
119775,03-12-2015,9.8592
119775,10-12-2015,9.6884
119775,17-12-2015,9.6752
119775,24-12-2015,9.6669
119775,31-12-2015,9.6584
119775,07-01-2016,9.7717
119775,14-01-2016,9.6805
119775,21-01-2016,9.6205
119775,28-01-2016,9.4233
119775,04-02-2016,9.3909
119775,11-02-2016,9.3649
119775,18-02-2016,9.3304
119775,25-02-2016,9.4168
119775,03-03-2016,9.4854
119775,10-03-2016,9.4951
119775,17-03-2016,9.4708
119775,24-03-2016,9.5523
119775,31-03-2016,9.5546
119775,07-04-2016,9.4959
119775,14-04-2016,9.3693
119775,21-04-2016,9.34
119775,28-04-2016,9.4001
119775,05-05-2016,9.5751
119775,12-05-2016,9.5836
119775,19-05-2016,9.5288
119775,26-05-2016,9.4423
119775,02-06-2016,9.4877
119775,09-06-2016,9.3576
119775,16-06-2016,9.4025
119775,23-06-2016,9.4678
119775,30-06-2016,9.5046
119775,07-07-2016,9.4917
119775,14-07-2016,9.5384
119775,21-07-2016,9.5553
119775,28-07-2016,9.4996
119775,04-08-2016,9.6441
119775,11-08-2016,9.6208
119775,18-08-2016,9.6843
119775,25-08-2016,9.5008
119775,01-09-2016,9.6017
119775,08-09-2016,9.7183
119775,15-09-2016,9.7245
119775,22-09-2016,9.7719
119775,29-09-2016,9.8194
119775,06-10-2016,9.7729
119775,13-10-2016,9.8196
119775,20-10-2016,9.76
119775,27-10-2016,9.7163
119775,03-11-2016,9.8078
119775,10-11-2016,9.8882
119775,17-11-2016,9.8363
119775,24-11-2016,9.7825
119775,01-12-2016,9.7359
119775,08-12-2016,9.7969
119775,15-12-2016,9.7224
119775,22-12-2016,9.754
119775,29-12-2016,9.8162
119775,05-01-2017,9.8132
119775,12-01-2017,9.8964
119775,19-01-2017,9.8763
119775,26-01-2017,9.8634
119775,02-02-2017,9.7902
119775,09-02-2017,9.8738
119775,16-02-2017,9.8172
119775,23-02-2017,9.8486
119775,02-03-2017,9.8469
119775,09-03-2017,9.7679
119775,16-03-2017,9.7242
119775,23-03-2017,9.8357
119775,30-03-2017,9.8555
119775,06-04-2017,9.7799
119775,13-04-2017,9.8077
119775,20-04-2017,9.8001
119775,27-04-2017,10.0748
119775,04-05-2017,10.1018
119775,11-05-2017,10.0751
119775,18-05-2017,10.1936
119775,25-05-2017,10.0476
119775,01-06-2017,10.0592
119775,08-06-2017,10.2237
119775,15-06-2017,10.2183
119775,22-06-2017,10.0807
119775,29-06-2017,10.0528
119775,06-07-2017,10.1738
119775,13-07-2017,10.2084
119775,20-07-2017,10.144
119775,27-07-2017,10.0925
119775,03-08-2017,10.0513
119775,10-08-2017,10.0844
119775,17-08-2017,10.1964
119775,24-08-2017,10.2863
119775,31-08-2017,10.3279
119775,07-09-2017,10.222
119775,14-09-2017,10.1175
119775,21-09-2017,10.1647
119775,28-09-2017,10.0594
119775,05-10-2017,10.0453
119775,12-10-2017,10.0737
119775,19-10-2017,9.9861
119775,26-10-2017,9.9082
119775,02-11-2017,9.9047
119775,09-11-2017,9.9486
119775,16-11-2017,10.0371
119775,23-11-2017,10.0898
119775,30-11-2017,10.0998
119775,07-12-2017,10.0436
119775,14-12-2017,9.9615
119775,21-12-2017,9.9248
119775,28-12-2017,9.9613
119775,04-01-2018,9.9921
119775,11-01-2018,9.8283
119775,18-01-2018,9.7704
119775,25-01-2018,9.8685
119775,01-02-2018,9.8787
119775,08-02-2018,9.7707
119775,15-02-2018,9.9587
119775,22-02-2018,9.9604
119775,01-03-2018,9.995
119775,08-03-2018,10.0309
119775,15-03-2018,10.0055
119775,22-03-2018,9.9512
119775,29-03-2018,10.1241
119775,05-04-2018,10.2094
119775,12-04-2018,10.2806
119775,19-04-2018,10.3321
119775,26-04-2018,10.2533
119775,03-05-2018,10.3622
119775,10-05-2018,10.2965
119775,17-05-2018,10.3239
119775,24-05-2018,10.1927
119775,31-05-2018,10.0303
119775,07-06-2018,10.0599
119775,14-06-2018,9.9988
119775,21-06-2018,9.8437
119775,28-06-2018,9.8902
119775,05-07-2018,10.0619
119775,12-07-2018,10.1778
119775,19-07-2018,10.1609
119775,26-07-2018,10.1657
119775,02-08-2018,10.2419
119775,09-08-2018,10.338
119775,16-08-2018,10.3137
119775,23-08-2018,10.3206
119775,30-08-2018,10.3496
119775,06-09-2018,10.3996
119775,13-09-2018,10.3927
119775,20-09-2018,10.3868
119775,27-09-2018,10.5057
119775,04-10-2018,10.6115
119775,11-10-2018,10.6563
119775,18-10-2018,10.8071
119775,25-10-2018,10.778
119775,01-11-2018,10.9223
119775,08-11-2018,10.974
119775,15-11-2018,11.2656
119775,22-11-2018,11.1626
119775,29-11-2018,11.1055
119775,06-12-2018,11.1472
119775,13-12-2018,11.1871
119775,20-12-2018,11.3661
119775,27-12-2018,11.3098
119775,03-01-2019,11.3962
119775,10-01-2019,11.5068
119775,17-01-2019,11.5763
119775,24-01-2019,11.4919
119775,31-01-2019,11.6259
119775,07-02-2019,11.7449
119775,14-02-2019,11.8059
119775,21-02-2019,11.8299
119775,28-02-2019,11.8561
119775,07-03-2019,11.8534
119775,14-03-2019,11.9189
119775,21-03-2019,11.9266
119775,28-03-2019,11.8504
119775,04-04-2019,11.7557
119775,11-04-2019,11.6897
119775,18-04-2019,11.7152
119775,25-04-2019,11.7173
119775,02-05-2019,11.7422
119775,09-05-2019,11.7939
119775,16-05-2019,11.7395
119775,23-05-2019,11.8818
119775,30-05-2019,11.8611
119775,06-06-2019,11.8247
119775,13-06-2019,11.8751
119775,20-06-2019,11.7054
119775,27-06-2019,11.636
119775,04-07-2019,11.732
119775,11-07-2019,11.5736
119775,18-07-2019,11.6817
119775,25-07-2019,11.8276
119775,01-08-2019,11.7974
119775,08-08-2019,11.8297
119775,15-08-2019,11.9403
119775,22-08-2019,11.9005
119775,29-08-2019,11.9879
119775,05-09-2019,11.9283
119775,12-09-2019,11.8875
119775,19-09-2019,11.8162
119775,26-09-2019,11.8533
119775,03-10-2019,11.9679
119775,10-10-2019,11.9551
119775,17-10-2019,11.8383
119775,24-10-2019,11.7405
119775,31-10-2019,11.7822
119775,07-11-2019,11.9607
119775,14-11-2019,12.0032
119775,21-11-2019,11.9709
119775,28-11-2019,12.049
119775,05-12-2019,12.0308
119775,12-12-2019,11.9992
119775,19-12-2019,11.9119
119775,26-12-2019,12.0509
119775,02-01-2020,11.811
119775,09-01-2020,11.8911
119775,16-01-2020,11.8517
119775,23-01-2020,11.8175
119775,30-01-2020,11.9823
119775,06-02-2020,11.9186
119775,13-02-2020,11.8585
119775,20-02-2020,11.8509
119775,27-02-2020,11.8949
119775,05-03-2020,11.8576
119775,12-03-2020,11.713
119775,19-03-2020,11.6366
119775,26-03-2020,11.7605
119775,02-04-2020,11.7723
119775,09-04-2020,11.8195
119775,16-04-2020,11.7995
119775,23-04-2020,11.7419
119775,30-04-2020,11.9042
119775,07-05-2020,11.8911
119775,14-05-2020,11.8536
119775,21-05-2020,11.9623
119775,28-05-2020,11.898
119775,04-06-2020,11.8461
119775,11-06-2020,11.8518
119775,18-06-2020,11.8566
119775,25-06-2020,11.886
119775,02-07-2020,12.0896
119775,09-07-2020,12.127
119775,16-07-2020,11.9011
119775,23-07-2020,11.9369
119775,30-07-2020,11.9453
119775,06-08-2020,11.9543
119775,13-08-2020,11.9826
119775,20-08-2020,11.9846
119775,27-08-2020,11.9844
119775,03-09-2020,12.0479
119775,10-09-2020,12.0005
119775,17-09-2020,11.9143
119775,24-09-2020,12.2073
119775,01-10-2020,12.1423
119775,08-10-2020,12.1569
119775,15-10-2020,12.0163
119775,22-10-2020,12.0323
119775,29-10-2020,11.9472
119775,05-11-2020,11.9097
119775,12-11-2020,12.0141
119775,19-11-2020,12.0642
119775,26-11-2020,12.1239
119775,03-12-2020,11.957
119775,10-12-2020,12.1375
119775,17-12-2020,12.0266
119775,24-12-2020,12.1785
119775,31-12-2020,12.2829
119775,07-01-2021,12.3445
119775,14-01-2021,12.265
119775,21-01-2021,12.2848
119775,28-01-2021,12.2434
119775,04-02-2021,12.2512
119775,11-02-2021,12.2316
119775,18-02-2021,12.037
119775,25-02-2021,12.1498
119775,04-03-2021,12.1468
119775,11-03-2021,12.1046
119775,18-03-2021,12.0551
119775,25-03-2021,12.0945
119775,01-04-2021,12.0129
119775,08-04-2021,11.801
119775,15-04-2021,11.8441
119775,22-04-2021,11.8981
119775,29-04-2021,11.8838
119775,06-05-2021,11.7794
119775,13-05-2021,11.7925
119775,20-05-2021,11.6591
119775,27-05-2021,11.5679
119775,03-06-2021,11.5031
119775,10-06-2021,11.5853
119775,17-06-2021,11.5564
119775,24-06-2021,11.5196
119775,01-07-2021,11.7043
119775,08-07-2021,11.742
119775,15-07-2021,11.7786
119775,22-07-2021,11.7484
119775,29-07-2021,11.6971
119775,05-08-2021,11.4972
119775,12-08-2021,11.5909
119775,19-08-2021,11.6371
119775,26-08-2021,11.625
119775,02-09-2021,11.6169
119775,09-09-2021,11.69
119775,16-09-2021,11.5493
119775,23-09-2021,11.4994
119775,30-09-2021,11.3995
119775,07-10-2021,11.5656
119775,14-10-2021,11.6512
119775,21-10-2021,11.4506
119775,28-10-2021,11.3165
119775,04-11-2021,11.309
119775,11-11-2021,11.2708
119775,18-11-2021,11.1559
119775,25-11-2021,11.3339
119775,02-12-2021,11.3668
119775,09-12-2021,11.4145
119775,16-12-2021,11.3559
119775,23-12-2021,11.4261
119775,30-12-2021,11.3959
119775,06-01-2022,11.3746
119775,13-01-2022,11.4347
119775,20-01-2022,11.2903
119775,27-01-2022,11.439
119775,03-02-2022,11.4603
119775,10-02-2022,11.5823
119775,17-02-2022,11.4873
119775,24-02-2022,11.4071
119775,03-03-2022,11.3056
119775,10-03-2022,11.3328
119775,17-03-2022,11.3433
119775,24-03-2022,11.3057
119775,31-03-2022,11.2185
119775,07-04-2022,11.1093
119775,14-04-2022,11.1094
119775,21-04-2022,11.0725
119775,28-04-2022,11.0162
119775,05-05-2022,11.1569
119775,12-05-2022,11.1541
119775,19-05-2022,11.2719
119775,26-05-2022,11.2283
119775,02-06-2022,11.2548
119775,09-06-2022,11.2543
119775,16-06-2022,11.1059
119775,23-06-2022,11.2373
119775,30-06-2022,11.2296
119775,07-07-2022,11.3012
119775,14-07-2022,11.2377
119775,21-07-2022,11.2274
119775,28-07-2022,11.154
119775,04-08-2022,11.2687
119775,11-08-2022,11.3013
119775,18-08-2022,11.339
119775,25-08-2022,11.4668
119775,01-09-2022,11.5774
119775,08-09-2022,11.653
119775,15-09-2022,11.5251
119775,22-09-2022,11.4655
119775,29-09-2022,11.3781
119775,06-10-2022,11.4488
119775,13-10-2022,11.469
119775,20-10-2022,11.346
119775,27-10-2022,11.3334
119775,03-11-2022,11.2025
119775,10-11-2022,11.2022
119775,17-11-2022,11.0584
119775,24-11-2022,11.1096
119775,01-12-2022,11.1476
119775,08-12-2022,11.3222
119775,15-12-2022,11.4035
119775,22-12-2022,11.3695
119775,29-12-2022,11.4485
119775,05-01-2023,11.325
119775,12-01-2023,11.2424
119775,19-01-2023,11.2768
119775,26-01-2023,11.0866
119775,02-02-2023,11.0878
119775,09-02-2023,11.0017
119775,16-02-2023,11.015
119775,23-02-2023,10.9245
119775,02-03-2023,10.9659
119775,09-03-2023,10.972
119775,16-03-2023,11.0993
119775,23-03-2023,11.1043
119775,30-03-2023,11.0405
119775,06-04-2023,11.0231
119775,13-04-2023,10.909
119775,20-04-2023,10.9488
119775,27-04-2023,11.0048
119775,04-05-2023,11.2266
119775,11-05-2023,11.1753
119775,18-05-2023,11.1558
119775,25-05-2023,11.1089
119775,01-06-2023,11.1322
119775,08-06-2023,11.1706
119775,15-06-2023,11.1703
119775,22-06-2023,11.2719
119775,29-06-2023,11.2207
119775,06-07-2023,11.3137
119775,13-07-2023,11.367
119775,20-07-2023,11.3705
119775,27-07-2023,11.3464
119775,03-08-2023,11.5712
119775,10-08-2023,11.5002
119775,17-08-2023,11.5322
119775,24-08-2023,11.4676
119775,31-08-2023,11.636
119775,07-09-2023,11.7232
119775,14-09-2023,11.6642
119775,21-09-2023,11.7167
119775,28-09-2023,11.7456
119775,05-10-2023,11.7017
119775,12-10-2023,11.7774
119775,19-10-2023,11.8188
119775,26-10-2023,11.8439
119775,02-11-2023,11.8447
119775,09-11-2023,11.8903
119775,16-11-2023,11.9168
119775,23-11-2023,11.9272
119775,30-11-2023,11.8708
119775,07-12-2023,12.0364
119775,14-12-2023,11.9401
119775,21-12-2023,11.9857
119775,28-12-2023,11.9598
119775,04-01-2024,12.133
119775,11-01-2024,12.0501
119775,18-01-2024,11.9841
119775,25-01-2024,11.8959
119775,01-02-2024,11.9314
119775,08-02-2024,11.8051
119775,15-02-2024,11.7647
119775,22-02-2024,11.5668
119775,29-02-2024,11.5937
119775,07-03-2024,11.5519
119775,14-03-2024,11.419
119775,21-03-2024,11.5227
119775,28-03-2024,11.4068
119775,04-04-2024,11.4841
119775,11-04-2024,11.4243
119775,18-04-2024,11.5752
119775,25-04-2024,11.6493
119775,02-05-2024,11.56
119775,09-05-2024,11.4798
119775,16-05-2024,11.54
119775,23-05-2024,11.5204
119775,30-05-2024,11.5094
119775,06-06-2024,11.6311
119775,13-06-2024,11.5661
119775,20-06-2024,11.5792
119775,27-06-2024,11.6723
119775,04-07-2024,11.7525
119775,11-07-2024,11.7422
119775,18-07-2024,11.7197
119775,25-07-2024,11.5614
118825,01-01-2015,9.9195
118825,08-01-2015,9.9487
118825,15-01-2015,9.9417
118825,22-01-2015,9.9517
118825,29-01-2015,10.0384
118825,05-02-2015,9.9471
118825,12-02-2015,9.9322
118825,19-02-2015,9.9512
118825,26-02-2015,9.8991
118825,05-03-2015,10.0165
118825,12-03-2015,10.0933
118825,19-03-2015,10.1207
118825,26-03-2015,10.2701
118825,02-04-2015,10.151
118825,09-04-2015,10.1544
118825,16-04-2015,10.1883
118825,23-04-2015,10.1178
118825,30-04-2015,10.1462
118825,07-05-2015,10.0604
118825,14-05-2015,10.12
118825,21-05-2015,10.2097
118825,28-05-2015,10.236
118825,04-06-2015,10.0884
118825,11-06-2015,10.0144
118825,18-06-2015,10.0637
118825,25-06-2015,10.0694
118825,02-07-2015,9.8564
118825,09-07-2015,9.9584
118825,16-07-2015,9.9732
118825,23-07-2015,9.9119
118825,30-07-2015,9.9947
118825,06-08-2015,9.9445
118825,13-08-2015,9.8938
118825,20-08-2015,9.9261
118825,27-08-2015,10.0715
118825,03-09-2015,10.2063
118825,10-09-2015,10.2398
118825,17-09-2015,10.2817
118825,24-09-2015,10.351
118825,01-10-2015,10.251
118825,08-10-2015,10.3079
118825,15-10-2015,10.2515
118825,22-10-2015,10.2818
118825,29-10-2015,10.2672
118825,05-11-2015,10.3124
118825,12-11-2015,10.3263
118825,19-11-2015,10.0766
118825,26-11-2015,10.095
118825,03-12-2015,10.1509
118825,10-12-2015,10.1912
118825,17-12-2015,10.1869
118825,24-12-2015,10.3248
118825,31-12-2015,10.3547
118825,07-01-2016,10.395
118825,14-01-2016,10.4861
118825,21-01-2016,10.5207
118825,28-01-2016,10.4493
118825,04-02-2016,10.2497
118825,11-02-2016,10.2146
118825,18-02-2016,10.2809
118825,25-02-2016,10.256
118825,03-03-2016,10.3258
118825,10-03-2016,10.3422
118825,17-03-2016,10.4529
118825,24-03-2016,10.4324
118825,31-03-2016,10.4756
118825,07-04-2016,10.5222
118825,14-04-2016,10.6528
118825,21-04-2016,10.5116
118825,28-04-2016,10.4773
118825,05-05-2016,10.5526
118825,12-05-2016,10.6873
118825,19-05-2016,10.7121
118825,26-05-2016,10.6913
118825,02-06-2016,10.7604
118825,09-06-2016,10.8395
118825,16-06-2016,10.8126
118825,23-06-2016,10.8455
118825,30-06-2016,10.9523
118825,07-07-2016,11.1223
118825,14-07-2016,11.1928
118825,21-07-2016,11.2012
118825,28-07-2016,11.2009
118825,04-08-2016,11.2553
118825,11-08-2016,11.2494
118825,18-08-2016,11.271
118825,25-08-2016,11.1801
118825,01-09-2016,11.3006
118825,08-09-2016,11.202
118825,15-09-2016,11.1678
118825,22-09-2016,11.1809
118825,29-09-2016,11.3635
118825,06-10-2016,11.3296
118825,13-10-2016,11.2738
118825,20-10-2016,11.2286
118825,27-10-2016,11.3821
118825,03-11-2016,11.1306
118825,10-11-2016,11.0458
118825,17-11-2016,11.2915
118825,24-11-2016,11.3494
118825,01-12-2016,11.2535
118825,08-12-2016,11.2543
118825,15-12-2016,11.2648
118825,22-12-2016,11.3456
118825,29-12-2016,11.5171
118825,05-01-2017,11.5575
118825,12-01-2017,11.5122
118825,19-01-2017,11.5893
118825,26-01-2017,11.5292
118825,02-02-2017,11.4385
118825,09-02-2017,11.2821
118825,16-02-2017,11.1453
118825,23-02-2017,11.0698
118825,02-03-2017,10.97
118825,09-03-2017,11.0018
118825,16-03-2017,10.9007
118825,23-03-2017,10.6309
118825,30-03-2017,10.5464
118825,06-04-2017,10.5108
118825,13-04-2017,10.4641
118825,20-04-2017,10.5954
118825,27-04-2017,10.5477
118825,04-05-2017,10.6262
118825,11-05-2017,10.6289
118825,18-05-2017,10.6295
118825,25-05-2017,10.5627
118825,01-06-2017,10.562
118825,08-06-2017,10.5016
118825,15-06-2017,10.5201
118825,22-06-2017,10.5044
118825,29-06-2017,10.4292
118825,06-07-2017,10.5161
118825,13-07-2017,10.5562
118825,20-07-2017,10.5226
118825,27-07-2017,10.5391
118825,03-08-2017,10.5362
118825,10-08-2017,10.4673
118825,17-08-2017,10.4774
118825,24-08-2017,10.4295
118825,31-08-2017,10.3549
118825,07-09-2017,10.2246
118825,14-09-2017,10.1993
118825,21-09-2017,10.2497
118825,28-09-2017,10.1968
118825,05-10-2017,10.4065
118825,12-10-2017,10.4844
118825,19-10-2017,10.598
118825,26-10-2017,10.6697
118825,02-11-2017,10.8321
118825,09-11-2017,10.7682
118825,16-11-2017,10.552
118825,23-11-2017,10.5185
118825,30-11-2017,10.5697
118825,07-12-2017,10.5867
118825,14-12-2017,10.6143
118825,21-12-2017,10.7307
118825,28-12-2017,10.7678
118825,04-01-2018,10.8409
118825,11-01-2018,10.7638
118825,18-01-2018,10.6738
118825,25-01-2018,10.8159
118825,01-02-2018,10.8289
118825,08-02-2018,10.7793
118825,15-02-2018,10.73
118825,22-02-2018,10.6786
118825,01-03-2018,10.6223
118825,08-03-2018,10.5175
118825,15-03-2018,10.3954
118825,22-03-2018,10.3834
118825,29-03-2018,10.3383
118825,05-04-2018,10.434
118825,12-04-2018,10.4626
118825,19-04-2018,10.489
118825,26-04-2018,10.4308
118825,03-05-2018,10.4249
118825,10-05-2018,10.4592
118825,17-05-2018,10.5233
118825,24-05-2018,10.5196
118825,31-05-2018,10.6146
118825,07-06-2018,10.6196
118825,14-06-2018,10.6912
118825,21-06-2018,10.6535
118825,28-06-2018,10.5033
118825,05-07-2018,10.5301
118825,12-07-2018,10.5954
118825,19-07-2018,10.6484
118825,26-07-2018,10.6886
118825,02-08-2018,10.6631
118825,09-08-2018,10.5985
118825,16-08-2018,10.6496
118825,23-08-2018,10.6901
118825,30-08-2018,10.6465
118825,06-09-2018,10.7452
118825,13-09-2018,10.6736
118825,20-09-2018,10.6281
118825,27-09-2018,10.7714
118825,04-10-2018,10.8506
118825,11-10-2018,10.8239
118825,18-10-2018,10.8531
118825,25-10-2018,10.8709
118825,01-11-2018,10.6364
118825,08-11-2018,10.5635
118825,15-11-2018,10.5635
118825,22-11-2018,10.5376
118825,29-11-2018,10.5626
118825,06-12-2018,10.6623
118825,13-12-2018,10.6391
118825,20-12-2018,10.5533
118825,27-12-2018,10.585
118825,03-01-2019,10.5616
118825,10-01-2019,10.5526
118825,17-01-2019,10.5322
118825,24-01-2019,10.7253
118825,31-01-2019,10.5373
118825,07-02-2019,10.5088
118825,14-02-2019,10.5127
118825,21-02-2019,10.4512
118825,28-02-2019,10.5306
118825,07-03-2019,10.6034
118825,14-03-2019,10.6035
118825,21-03-2019,10.5848
118825,28-03-2019,10.5796
118825,04-04-2019,10.5749
118825,11-04-2019,10.5725
118825,18-04-2019,10.5609
118825,25-04-2019,10.5864
118825,02-05-2019,10.6545
118825,09-05-2019,10.5539
118825,16-05-2019,10.4694
118825,23-05-2019,10.3271
118825,30-05-2019,10.4028
118825,06-06-2019,10.4278
118825,13-06-2019,10.4741
118825,20-06-2019,10.3585
118825,27-06-2019,10.5106
118825,04-07-2019,10.4636
118825,11-07-2019,10.4819
118825,18-07-2019,10.5577
118825,25-07-2019,10.4786
118825,01-08-2019,10.437
118825,08-08-2019,10.4561
118825,15-08-2019,10.6993
118825,22-08-2019,10.7294
118825,29-08-2019,10.8715
118825,05-09-2019,10.9807
118825,12-09-2019,11.0175
118825,19-09-2019,10.9347
118825,26-09-2019,11.0318
118825,03-10-2019,10.904
118825,10-10-2019,11.048
118825,17-10-2019,11.0701
118825,24-10-2019,10.8398
118825,31-10-2019,10.8146
118825,07-11-2019,10.8755
118825,14-11-2019,10.8592
118825,21-11-2019,10.9257
118825,28-11-2019,10.8558
118825,05-12-2019,10.7467
118825,12-12-2019,10.7448
118825,19-12-2019,10.7519
118825,26-12-2019,10.7262
118825,02-01-2020,10.8358
118825,09-01-2020,10.7664
118825,16-01-2020,10.7977
118825,23-01-2020,10.8079
118825,30-01-2020,10.6776
118825,06-02-2020,10.5692
118825,13-02-2020,10.5744
118825,20-02-2020,10.7463
118825,27-02-2020,10.8004
118825,05-03-2020,10.6556
118825,12-03-2020,10.3947
118825,19-03-2020,10.4598
118825,26-03-2020,10.456
118825,02-04-2020,10.5556
118825,09-04-2020,10.4855
118825,16-04-2020,10.519
118825,23-04-2020,10.5944
118825,30-04-2020,10.5608
118825,07-05-2020,10.529
118825,14-05-2020,10.5353
118825,21-05-2020,10.5853
118825,28-05-2020,10.5883
118825,04-06-2020,10.675
118825,11-06-2020,10.6399
118825,18-06-2020,10.531
118825,25-06-2020,10.7018
118825,02-07-2020,10.6543
118825,09-07-2020,10.6101
118825,16-07-2020,10.6088
118825,23-07-2020,10.6187
118825,30-07-2020,10.5901
118825,06-08-2020,10.5929
118825,13-08-2020,10.5938
118825,20-08-2020,10.6128
118825,27-08-2020,10.4169
118825,03-09-2020,10.5778
118825,10-09-2020,10.5696
118825,17-09-2020,10.6229
118825,24-09-2020,10.51
118825,01-10-2020,10.4746
118825,08-10-2020,10.4225
118825,15-10-2020,10.5492
118825,22-10-2020,10.504
118825,29-10-2020,10.5719
118825,05-11-2020,10.5211
118825,12-11-2020,10.4872
118825,19-11-2020,10.4708
118825,26-11-2020,10.5825
118825,03-12-2020,10.4268
118825,10-12-2020,10.3212
118825,17-12-2020,10.1646
118825,24-12-2020,10.0802
118825,31-12-2020,10.0188
118825,07-01-2021,9.8934
118825,14-01-2021,9.8392
118825,21-01-2021,9.6846
118825,28-01-2021,9.6096
118825,04-02-2021,9.7057
118825,11-02-2021,9.7409
118825,18-02-2021,9.7594
118825,25-02-2021,9.685
118825,04-03-2021,9.5699
118825,11-03-2021,9.4865
118825,18-03-2021,9.487
118825,25-03-2021,9.5567
118825,01-04-2021,9.6295
118825,08-04-2021,9.682
118825,15-04-2021,9.6287
118825,22-04-2021,9.6344
118825,29-04-2021,9.6135
118825,06-05-2021,9.6019
118825,13-05-2021,9.7622
118825,20-05-2021,9.6285
118825,27-05-2021,9.6143
118825,03-06-2021,9.7113
118825,10-06-2021,9.6013
118825,17-06-2021,9.5557
118825,24-06-2021,9.5191
118825,01-07-2021,9.5059
118825,08-07-2021,9.3884
118825,15-07-2021,9.4368
118825,22-07-2021,9.4909
118825,29-07-2021,9.5333
118825,05-08-2021,9.4707
118825,12-08-2021,9.4811
118825,19-08-2021,9.4166
118825,26-08-2021,9.3954
118825,02-09-2021,9.561
118825,09-09-2021,9.5721
118825,16-09-2021,9.485
118825,23-09-2021,9.5025
118825,30-09-2021,9.4035
118825,07-10-2021,9.3171
118825,14-10-2021,9.2432
118825,21-10-2021,9.2141
118825,28-10-2021,9.2868
118825,04-11-2021,9.3335
118825,11-11-2021,9.3763
118825,18-11-2021,9.2976
118825,25-11-2021,9.2611
118825,02-12-2021,9.2849
118825,09-12-2021,9.2419
118825,16-12-2021,9.2251
118825,23-12-2021,9.2613
118825,30-12-2021,9.2392
118825,06-01-2022,9.2596
118825,13-01-2022,9.3813
118825,20-01-2022,9.3721
118825,27-01-2022,9.4643
118825,03-02-2022,9.5104
118825,10-02-2022,9.4026
118825,17-02-2022,9.3235
118825,24-02-2022,9.265
118825,03-03-2022,9.2054
118825,10-03-2022,9.2024
118825,17-03-2022,9.2513
118825,24-03-2022,9.3479
118825,31-03-2022,9.3747
118825,07-04-2022,9.345
118825,14-04-2022,9.1931
118825,21-04-2022,9.202
118825,28-04-2022,9.2076
118825,05-05-2022,9.2247
118825,12-05-2022,9.3838
118825,19-05-2022,9.4807
118825,26-05-2022,9.5441
118825,02-06-2022,9.4744
118825,09-06-2022,9.4393
118825,16-06-2022,9.4359
118825,23-06-2022,9.3812
118825,30-06-2022,9.4225
118825,07-07-2022,9.4532
118825,14-07-2022,9.3747
118825,21-07-2022,9.4682
118825,28-07-2022,9.4797
118825,04-08-2022,9.3524
118825,11-08-2022,9.3523
118825,18-08-2022,9.377
118825,25-08-2022,9.4538
118825,01-09-2022,9.432
118825,08-09-2022,9.4983
118825,15-09-2022,9.5163
118825,22-09-2022,9.42
118825,29-09-2022,9.3171
118825,06-10-2022,9.4045
118825,13-10-2022,9.4982
118825,20-10-2022,9.5266
118825,27-10-2022,9.6444
118825,03-11-2022,9.7298
118825,10-11-2022,9.7869
118825,17-11-2022,9.7194
118825,24-11-2022,9.8579
118825,01-12-2022,9.9042
118825,08-12-2022,9.8776
118825,15-12-2022,9.8287
118825,22-12-2022,9.8528
118825,29-12-2022,9.7251
118825,05-01-2023,9.7834
118825,12-01-2023,9.7127
118825,19-01-2023,9.7453
118825,26-01-2023,9.7086
118825,02-02-2023,9.6919
118825,09-02-2023,9.6371
118825,16-02-2023,9.6285
118825,23-02-2023,9.7779
118825,02-03-2023,9.8902
118825,09-03-2023,9.9222
118825,16-03-2023,9.9241
118825,23-03-2023,9.9951
118825,30-03-2023,10.0895
118825,06-04-2023,10.0265
118825,13-04-2023,10.0243
118825,20-04-2023,9.8822
118825,27-04-2023,9.975
118825,04-05-2023,10.1438
118825,11-05-2023,10.1543
118825,18-05-2023,9.9858
118825,25-05-2023,10.0384
118825,01-06-2023,9.9698
118825,08-06-2023,9.9209
118825,15-06-2023,9.9746
118825,22-06-2023,9.9989
118825,29-06-2023,9.9638
118825,06-07-2023,9.916
118825,13-07-2023,9.93
118825,20-07-2023,9.9014
118825,27-07-2023,9.8175
118825,03-08-2023,9.7953
118825,10-08-2023,9.8259
118825,17-08-2023,9.8158
118825,24-08-2023,9.7087
118825,31-08-2023,9.7894
118825,07-09-2023,9.5789
118825,14-09-2023,9.5485
118825,21-09-2023,9.5049
118825,28-09-2023,9.52
118825,05-10-2023,9.5666
118825,12-10-2023,9.6566
118825,19-10-2023,9.6055
118825,26-10-2023,9.6544
118825,02-11-2023,9.6734
118825,09-11-2023,9.5448
118825,16-11-2023,9.6937
118825,23-11-2023,9.586
118825,30-11-2023,9.622
118825,07-12-2023,9.6559
118825,14-12-2023,9.6811
118825,21-12-2023,9.6466
118825,28-12-2023,9.7143
118825,04-01-2024,9.597
118825,11-01-2024,9.5957
118825,18-01-2024,9.5563
118825,25-01-2024,9.5083
118825,01-02-2024,9.5447
118825,08-02-2024,9.6308
118825,15-02-2024,9.6082
118825,22-02-2024,9.6721
118825,29-02-2024,9.6798
118825,07-03-2024,9.6146
118825,14-03-2024,9.5986
118825,21-03-2024,9.5794
118825,28-03-2024,9.5298
118825,04-04-2024,9.5663
118825,11-04-2024,9.5881
118825,18-04-2024,9.4699
118825,25-04-2024,9.3486
118825,02-05-2024,9.3841
118825,09-05-2024,9.3267
118825,16-05-2024,9.3529
118825,23-05-2024,9.4151
118825,30-05-2024,9.3231
118825,06-06-2024,9.2216
118825,13-06-2024,9.3488
118825,20-06-2024,9.3788
118825,27-06-2024,9.3511
118825,04-07-2024,9.285
118825,11-07-2024,9.2508
118825,18-07-2024,9.1664
118825,25-07-2024,9.2348
120465,01-01-2015,9.9419
120465,08-01-2015,10.0328
120465,15-01-2015,10.0047
120465,22-01-2015,9.9252
120465,29-01-2015,9.8953
120465,05-02-2015,9.6915
120465,12-02-2015,9.686
120465,19-02-2015,9.6767
120465,26-02-2015,9.7444
120465,05-03-2015,9.6013
120465,12-03-2015,9.6944
120465,19-03-2015,9.7619
120465,26-03-2015,9.8636
120465,02-04-2015,9.8634
120465,09-04-2015,9.9473
120465,16-04-2015,9.8342
120465,23-04-2015,9.8942
120465,30-04-2015,9.8371
120465,07-05-2015,9.7111
120465,14-05-2015,9.6277
120465,21-05-2015,9.632
120465,28-05-2015,9.5723
120465,04-06-2015,9.6049
120465,11-06-2015,9.4698
120465,18-06-2015,9.3125
120465,25-06-2015,9.4184
120465,02-07-2015,9.4903
120465,09-07-2015,9.4144
120465,16-07-2015,9.418
120465,23-07-2015,9.4985
120465,30-07-2015,9.5342
120465,06-08-2015,9.5493
120465,13-08-2015,9.6368
120465,20-08-2015,9.5843
120465,27-08-2015,9.5905
120465,03-09-2015,9.593
120465,10-09-2015,9.5759
120465,17-09-2015,9.5499
120465,24-09-2015,9.5593
120465,01-10-2015,9.5657
120465,08-10-2015,9.4893
120465,15-10-2015,9.554
120465,22-10-2015,9.4832
120465,29-10-2015,9.4704
120465,05-11-2015,9.4518
120465,12-11-2015,9.4827
120465,19-11-2015,9.3257
120465,26-11-2015,9.3959
120465,03-12-2015,9.3488
120465,10-12-2015,9.4438
120465,17-12-2015,9.4114
120465,24-12-2015,9.4115
120465,31-12-2015,9.5594
120465,07-01-2016,9.542
120465,14-01-2016,9.6404
120465,21-01-2016,9.6472
120465,28-01-2016,9.6832
120465,04-02-2016,9.6924
120465,11-02-2016,9.7621
120465,18-02-2016,9.7124
120465,25-02-2016,9.6399
120465,03-03-2016,9.5945
120465,10-03-2016,9.606
120465,17-03-2016,9.5928
120465,24-03-2016,9.6512
120465,31-03-2016,9.7558
120465,07-04-2016,9.6835
120465,14-04-2016,9.6305
120465,21-04-2016,9.5237
120465,28-04-2016,9.6822
120465,05-05-2016,9.7097
120465,12-05-2016,9.7509
120465,19-05-2016,9.6502
120465,26-05-2016,9.654
120465,02-06-2016,9.6972
120465,09-06-2016,9.6814
120465,16-06-2016,9.7686
120465,23-06-2016,9.9532
120465,30-06-2016,9.8818
120465,07-07-2016,9.8049
120465,14-07-2016,9.74
120465,21-07-2016,9.8691
120465,28-07-2016,9.9553
120465,04-08-2016,9.9485
120465,11-08-2016,9.9554
120465,18-08-2016,9.8943
120465,25-08-2016,9.9687
120465,01-09-2016,9.9424
120465,08-09-2016,9.9257
120465,15-09-2016,9.978
120465,22-09-2016,9.967
120465,29-09-2016,9.9523
120465,06-10-2016,9.9571
120465,13-10-2016,10.0244
120465,20-10-2016,10.1605
120465,27-10-2016,10.2121
120465,03-11-2016,10.2818
120465,10-11-2016,10.2695
120465,17-11-2016,10.2155
120465,24-11-2016,10.273
120465,01-12-2016,10.2912
120465,08-12-2016,10.1782
120465,15-12-2016,10.1555
120465,22-12-2016,10.1529
120465,29-12-2016,10.1155
120465,05-01-2017,10.2394
120465,12-01-2017,10.2828
120465,19-01-2017,10.3999
120465,26-01-2017,10.426
120465,02-02-2017,10.4369
120465,09-02-2017,10.3629
120465,16-02-2017,10.368
120465,23-02-2017,10.3733
120465,02-03-2017,10.264
120465,09-03-2017,10.2238
120465,16-03-2017,10.2014
120465,23-03-2017,10.2392
120465,30-03-2017,10.2811
120465,06-04-2017,10.2374
120465,13-04-2017,10.2799
120465,20-04-2017,10.2691
120465,27-04-2017,10.0374
120465,04-05-2017,10.0025
120465,11-05-2017,10.0929
120465,18-05-2017,9.9611
120465,25-05-2017,9.9741
120465,01-06-2017,10.1046
120465,08-06-2017,10.0471
120465,15-06-2017,10.0513
120465,22-06-2017,9.9505
120465,29-06-2017,10.084
120465,06-07-2017,10.0813
120465,13-07-2017,10.0891
120465,20-07-2017,10.2024
120465,27-07-2017,10.2605
120465,03-08-2017,10.1927
120465,10-08-2017,10.144
120465,17-08-2017,10.1882
120465,24-08-2017,10.1415
120465,31-08-2017,9.9737
120465,07-09-2017,9.9735
120465,14-09-2017,9.8594
120465,21-09-2017,9.9908
120465,28-09-2017,10.0089
120465,05-10-2017,9.9404
120465,12-10-2017,9.8889
120465,19-10-2017,9.7433
120465,26-10-2017,9.6615
120465,02-11-2017,9.744
120465,09-11-2017,9.9218
120465,16-11-2017,9.9835
120465,23-11-2017,9.9801
120465,30-11-2017,9.9496
120465,07-12-2017,9.8774
120465,14-12-2017,10.0442
120465,21-12-2017,10.033
120465,28-12-2017,10.2068
120465,04-01-2018,10.3247
120465,11-01-2018,10.185
120465,18-01-2018,10.1349
120465,25-01-2018,10.0847
120465,01-02-2018,10.0823
120465,08-02-2018,10.0814
120465,15-02-2018,10.3271
120465,22-02-2018,10.2422
120465,01-03-2018,10.2651
120465,08-03-2018,10.3198
120465,15-03-2018,10.3238
120465,22-03-2018,10.3371
120465,29-03-2018,10.2548
120465,05-04-2018,10.2676
120465,12-04-2018,10.3137
120465,19-04-2018,10.3449
120465,26-04-2018,10.3962
120465,03-05-2018,10.5179
120465,10-05-2018,10.6009
120465,17-05-2018,10.6112
120465,24-05-2018,10.516
120465,31-05-2018,10.4697
120465,07-06-2018,10.4555
120465,14-06-2018,10.4808
120465,21-06-2018,10.4449
120465,28-06-2018,10.3709
120465,05-07-2018,10.2764
120465,12-07-2018,10.1448
120465,19-07-2018,10.1298
120465,26-07-2018,10.0147
120465,02-08-2018,9.9386
120465,09-08-2018,9.9112
120465,16-08-2018,9.8093
120465,23-08-2018,9.843
120465,30-08-2018,9.9052
120465,06-09-2018,9.8657
120465,13-09-2018,9.8351
120465,20-09-2018,9.8813
120465,27-09-2018,9.8288
120465,04-10-2018,9.7712
120465,11-10-2018,9.8687
120465,18-10-2018,9.9424
120465,25-10-2018,9.9942
120465,01-11-2018,10.0723
120465,08-11-2018,9.917
120465,15-11-2018,10.0283
120465,22-11-2018,10.0638
120465,29-11-2018,10.1492
120465,06-12-2018,10.1847
120465,13-12-2018,10.1928
120465,20-12-2018,10.1744
120465,27-12-2018,10.2083
120465,03-01-2019,10.187
120465,10-01-2019,10.2618
120465,17-01-2019,10.1356
120465,24-01-2019,10.0958
120465,31-01-2019,10.265
120465,07-02-2019,10.2177
120465,14-02-2019,10.2022
120465,21-02-2019,10.1343
120465,28-02-2019,10.1656
120465,07-03-2019,10.1097
120465,14-03-2019,10.0988
120465,21-03-2019,10.1714
120465,28-03-2019,10.1186
120465,04-04-2019,10.1865
120465,11-04-2019,10.2576
120465,18-04-2019,10.3482
120465,25-04-2019,10.364
120465,02-05-2019,10.6369
120465,09-05-2019,10.7309
120465,16-05-2019,10.7631
120465,23-05-2019,10.692
120465,30-05-2019,10.6879
120465,06-06-2019,10.8142
120465,13-06-2019,10.9664
120465,20-06-2019,11.1005
120465,27-06-2019,11.1746
120465,04-07-2019,11.0669
120465,11-07-2019,11.1144
120465,18-07-2019,11.0085
120465,25-07-2019,10.8819
120465,01-08-2019,10.9071
120465,08-08-2019,10.9571
120465,15-08-2019,11.0406
120465,22-08-2019,11.089
120465,29-08-2019,11.1406
120465,05-09-2019,11.0573
120465,12-09-2019,11.0524
120465,19-09-2019,10.9236
120465,26-09-2019,10.7529
120465,03-10-2019,10.8209
120465,10-10-2019,10.76
120465,17-10-2019,10.8394
120465,24-10-2019,10.9399
120465,31-10-2019,10.89
120465,07-11-2019,10.9458
120465,14-11-2019,10.8923
120465,21-11-2019,10.7358
120465,28-11-2019,10.7507
120465,05-12-2019,10.7145
120465,12-12-2019,10.6811
120465,19-12-2019,10.8541
120465,26-12-2019,10.726
120465,02-01-2020,10.7631
120465,09-01-2020,10.6818
120465,16-01-2020,10.7637
120465,23-01-2020,10.7937
120465,30-01-2020,10.8307
120465,06-02-2020,10.7532
120465,13-02-2020,10.6916
120465,20-02-2020,10.7752
120465,27-02-2020,10.9322
120465,05-03-2020,10.9786
120465,12-03-2020,10.9041
120465,19-03-2020,10.9381
120465,26-03-2020,11.1548
120465,02-04-2020,11.1684
120465,09-04-2020,11.3035
120465,16-04-2020,11.2411
120465,23-04-2020,11.2418
120465,30-04-2020,11.302
120465,07-05-2020,11.3425
120465,14-05-2020,11.2775
120465,21-05-2020,11.2089
120465,28-05-2020,11.3021
120465,04-06-2020,11.4143
120465,11-06-2020,11.557
120465,18-06-2020,11.7284
120465,25-06-2020,11.7457
120465,02-07-2020,11.7211
120465,09-07-2020,11.8525
120465,16-07-2020,11.9249
120465,23-07-2020,11.8359
120465,30-07-2020,11.7428
120465,06-08-2020,11.7937
120465,13-08-2020,11.7817
120465,20-08-2020,11.7839
120465,27-08-2020,11.8897
120465,03-09-2020,11.9667
120465,10-09-2020,12.0988
120465,17-09-2020,11.9167
120465,24-09-2020,11.9456
120465,01-10-2020,12.0167
120465,08-10-2020,11.8748
120465,15-10-2020,11.8173
120465,22-10-2020,11.7426
120465,29-10-2020,11.7493
120465,05-11-2020,11.907
120465,12-11-2020,12.1045
120465,19-11-2020,12.0305
120465,26-11-2020,12.086
120465,03-12-2020,12.1448
120465,10-12-2020,12.1873
120465,17-12-2020,12.2311
120465,24-12-2020,12.2657
120465,31-12-2020,12.4362
120465,07-01-2021,12.5509
120465,14-01-2021,12.4495
120465,21-01-2021,12.5337
120465,28-01-2021,12.6282
120465,04-02-2021,12.665
120465,11-02-2021,12.7848
120465,18-02-2021,12.8091
120465,25-02-2021,12.8348
120465,04-03-2021,12.8523
120465,11-03-2021,12.65
120465,18-03-2021,12.6469
120465,25-03-2021,12.5843
120465,01-04-2021,12.4699
120465,08-04-2021,12.618
120465,15-04-2021,12.6739
120465,22-04-2021,12.676
120465,29-04-2021,12.6238
120465,06-05-2021,12.6587
120465,13-05-2021,12.7642
120465,20-05-2021,12.6849
120465,27-05-2021,12.6894
120465,03-06-2021,12.7826
120465,10-06-2021,12.5898
120465,17-06-2021,12.589
120465,24-06-2021,12.5508
120465,01-07-2021,12.5424
120465,08-07-2021,12.4971
120465,15-07-2021,12.5158
120465,22-07-2021,12.7134
120465,29-07-2021,12.6856
120465,05-08-2021,12.7203
120465,12-08-2021,12.9283
120465,19-08-2021,12.8766
120465,26-08-2021,13.0687
120465,02-09-2021,13.0745
120465,09-09-2021,13.2661
120465,16-09-2021,13.351
120465,23-09-2021,13.3892
120465,30-09-2021,13.3875
120465,07-10-2021,13.326
120465,14-10-2021,13.3394
120465,21-10-2021,13.4405
120465,28-10-2021,13.4445
120465,04-11-2021,13.4158
120465,11-11-2021,13.3943
120465,18-11-2021,13.506
120465,25-11-2021,13.6438
120465,02-12-2021,13.5764
120465,09-12-2021,13.5092
120465,16-12-2021,13.5556
120465,23-12-2021,13.7267
120465,30-12-2021,13.858
120465,06-01-2022,13.7248
120465,13-01-2022,13.7013
120465,20-01-2022,13.6047
120465,27-01-2022,13.5811
120465,03-02-2022,13.7608
120465,10-02-2022,13.6097
120465,17-02-2022,13.4389
120465,24-02-2022,13.3552
120465,03-03-2022,13.3912
120465,10-03-2022,13.4631
120465,17-03-2022,13.5156
120465,24-03-2022,13.6481
120465,31-03-2022,13.4611
120465,07-04-2022,13.5944
120465,14-04-2022,13.5659
120465,21-04-2022,13.6507
120465,28-04-2022,13.5117
120465,05-05-2022,13.5176
120465,12-05-2022,13.5486
120465,19-05-2022,13.6793
120465,26-05-2022,13.5113
120465,02-06-2022,13.52
120465,09-06-2022,13.408
120465,16-06-2022,13.4676
120465,23-06-2022,13.5567
120465,30-06-2022,13.7017
120465,07-07-2022,13.6486
120465,14-07-2022,13.7553
120465,21-07-2022,13.9105
120465,28-07-2022,13.7332
120465,04-08-2022,13.806
120465,11-08-2022,13.9174
120465,18-08-2022,13.8942
120465,25-08-2022,13.7651
120465,01-09-2022,13.8745
120465,08-09-2022,13.7469
120465,15-09-2022,13.7328
120465,22-09-2022,13.7339
120465,29-09-2022,13.818
120465,06-10-2022,13.7542
120465,13-10-2022,13.6844
120465,20-10-2022,13.7007
120465,27-10-2022,13.8165
120465,03-11-2022,14.0748
120465,10-11-2022,13.9107
120465,17-11-2022,13.9514
120465,24-11-2022,13.8357
120465,01-12-2022,13.954
120465,08-12-2022,13.8548
120465,15-12-2022,13.7856
120465,22-12-2022,13.7261
120465,29-12-2022,13.7232
120465,05-01-2023,13.7642
120465,12-01-2023,13.823
120465,19-01-2023,13.8279
120465,26-01-2023,13.6863
120465,02-02-2023,13.7714
120465,09-02-2023,13.7711
120465,16-02-2023,13.9046
120465,23-02-2023,13.8314
120465,02-03-2023,13.6597
120465,09-03-2023,13.6614
120465,16-03-2023,13.8085
120465,23-03-2023,13.8318
120465,30-03-2023,13.8153
120465,06-04-2023,13.7246
120465,13-04-2023,13.9231
120465,20-04-2023,13.814
120465,27-04-2023,13.7393
120465,04-05-2023,13.8075
120465,11-05-2023,13.608
120465,18-05-2023,13.7522
120465,25-05-2023,13.8264
120465,01-06-2023,13.9314
120465,08-06-2023,13.9991
120465,15-06-2023,13.9867
120465,22-06-2023,13.8733
120465,29-06-2023,13.8633
120465,06-07-2023,13.7607
120465,13-07-2023,13.8197
120465,20-07-2023,13.9145
120465,27-07-2023,14.0844
120465,03-08-2023,14.1319
120465,10-08-2023,14.2421
120465,17-08-2023,14.214
120465,24-08-2023,14.1653
120465,31-08-2023,14.2246
120465,07-09-2023,14.1863
120465,14-09-2023,14.2225
120465,21-09-2023,14.1075
120465,28-09-2023,14.0136
120465,05-10-2023,14.0905
120465,12-10-2023,14.1961
120465,19-10-2023,14.0898
120465,26-10-2023,14.171
120465,02-11-2023,14.1163
120465,09-11-2023,14.1238
120465,16-11-2023,14.2896
120465,23-11-2023,14.3876
120465,30-11-2023,14.4849
120465,07-12-2023,14.7119
120465,14-12-2023,14.635
120465,21-12-2023,14.5254
120465,28-12-2023,14.4473
120465,04-01-2024,14.4237
120465,11-01-2024,14.1577
120465,18-01-2024,14.1399
120465,25-01-2024,14.084
120465,01-02-2024,14.1779
120465,08-02-2024,14.2236
120465,15-02-2024,14.1609
120465,22-02-2024,14.2334
120465,29-02-2024,14.3214
120465,07-03-2024,14.2391
120465,14-03-2024,14.1886
120465,21-03-2024,13.9417
120465,28-03-2024,13.8257
120465,04-04-2024,13.7491
120465,11-04-2024,13.7627
120465,18-04-2024,13.6641
120465,25-04-2024,13.6135
120465,02-05-2024,13.4855
120465,09-05-2024,13.5093
120465,16-05-2024,13.5607
120465,23-05-2024,13.6098
120465,30-05-2024,13.6166
120465,06-06-2024,13.4542
120465,13-06-2024,13.3928
120465,20-06-2024,13.3546
120465,27-06-2024,13.3168
120465,04-07-2024,13.3301
120465,11-07-2024,13.4875
120465,18-07-2024,13.5805
120465,25-07-2024,13.4786
119386,01-01-2015,10.0583
119386,08-01-2015,10.1138
119386,15-01-2015,10.0526
119386,22-01-2015,10.1249
119386,29-01-2015,10.116
119386,05-02-2015,10.0059
119386,12-02-2015,10.0464
119386,19-02-2015,10.0678
119386,26-02-2015,10.0535
119386,05-03-2015,10.0545
119386,12-03-2015,10.0007
119386,19-03-2015,10.0535
119386,26-03-2015,10.0541
119386,02-04-2015,10.0715
119386,09-04-2015,10.1043
119386,16-04-2015,10.015
119386,23-04-2015,9.9473
119386,30-04-2015,9.7754
119386,07-05-2015,9.8235
119386,14-05-2015,9.7322
119386,21-05-2015,9.7464
119386,28-05-2015,9.7792
119386,04-06-2015,9.8303
119386,11-06-2015,9.7395
119386,18-06-2015,9.7383
119386,25-06-2015,9.8723
119386,02-07-2015,10.0117
119386,09-07-2015,10.0948
119386,16-07-2015,10.1261
119386,23-07-2015,10.0487
119386,30-07-2015,10.1105
119386,06-08-2015,10.1017
119386,13-08-2015,10.1511
119386,20-08-2015,10.1038
119386,27-08-2015,10.0938
119386,03-09-2015,10.1111
119386,10-09-2015,10.1351
119386,17-09-2015,10.1792
119386,24-09-2015,10.1361
119386,01-10-2015,10.0312
119386,08-10-2015,10.1656
119386,15-10-2015,10.3721
119386,22-10-2015,10.4134
119386,29-10-2015,10.3072
119386,05-11-2015,10.2476
119386,12-11-2015,10.2934
119386,19-11-2015,10.408
119386,26-11-2015,10.3112
119386,03-12-2015,10.305
119386,10-12-2015,10.3253
119386,17-12-2015,10.4009
119386,24-12-2015,10.3764
119386,31-12-2015,10.2508
119386,07-01-2016,10.3058
119386,14-01-2016,10.4027
119386,21-01-2016,10.4
119386,28-01-2016,10.4378
119386,04-02-2016,10.4024
119386,11-02-2016,10.3362
119386,18-02-2016,10.4252
119386,25-02-2016,10.4617
119386,03-03-2016,10.5069
119386,10-03-2016,10.6373
119386,17-03-2016,10.5518
119386,24-03-2016,10.5095
119386,31-03-2016,10.5269
119386,07-04-2016,10.4836
119386,14-04-2016,10.5535
119386,21-04-2016,10.5419
119386,28-04-2016,10.4624
119386,05-05-2016,10.4721
119386,12-05-2016,10.4906
119386,19-05-2016,10.5732
119386,26-05-2016,10.6107
119386,02-06-2016,10.6541
119386,09-06-2016,10.6856
119386,16-06-2016,10.6738
119386,23-06-2016,10.6169
119386,30-06-2016,10.6457
119386,07-07-2016,10.6216
119386,14-07-2016,10.7694
119386,21-07-2016,10.8894
119386,28-07-2016,10.9489
119386,04-08-2016,10.9864
119386,11-08-2016,10.9831
119386,18-08-2016,10.8766
119386,25-08-2016,10.8622
119386,01-09-2016,10.8753
119386,08-09-2016,10.8997
119386,15-09-2016,10.945
119386,22-09-2016,11.03
119386,29-09-2016,10.9733
119386,06-10-2016,10.9178
119386,13-10-2016,11.0489
119386,20-10-2016,11.1214
119386,27-10-2016,11.0911
119386,03-11-2016,11.086
119386,10-11-2016,11.0814
119386,17-11-2016,11.0886
119386,24-11-2016,11.135
119386,01-12-2016,11.3652
119386,08-12-2016,11.387
119386,15-12-2016,11.4519
119386,22-12-2016,11.302
119386,29-12-2016,11.2627
119386,05-01-2017,11.3779
119386,12-01-2017,11.4191
119386,19-01-2017,11.0227
119386,26-01-2017,11.0865
119386,02-02-2017,11.2611
119386,09-02-2017,11.0858
119386,16-02-2017,11.225
119386,23-02-2017,10.9805
119386,02-03-2017,11.0673
119386,09-03-2017,11.071
119386,16-03-2017,10.8673
119386,23-03-2017,10.9104
119386,30-03-2017,11.0152
119386,06-04-2017,11.0517
119386,13-04-2017,11.1078
119386,20-04-2017,11.0757
119386,27-04-2017,10.9152
119386,04-05-2017,10.98
119386,11-05-2017,11.1381
119386,18-05-2017,11.2432
119386,25-05-2017,11.0689
119386,01-06-2017,10.9392
119386,08-06-2017,10.8695
119386,15-06-2017,10.7353
119386,22-06-2017,10.7434
119386,29-06-2017,10.7815
119386,06-07-2017,10.6625
119386,13-07-2017,10.733
119386,20-07-2017,10.7889
119386,27-07-2017,10.7459
119386,03-08-2017,10.7354
119386,10-08-2017,10.5722
119386,17-08-2017,10.5484
119386,24-08-2017,10.5532
119386,31-08-2017,10.5717
119386,07-09-2017,10.608
119386,14-09-2017,10.6329
119386,21-09-2017,10.6147
119386,28-09-2017,10.6432
119386,05-10-2017,10.7328
119386,12-10-2017,10.7289
119386,19-10-2017,10.7605
119386,26-10-2017,10.7487
119386,02-11-2017,10.6974
119386,09-11-2017,10.7465
119386,16-11-2017,10.703
119386,23-11-2017,10.7404
119386,30-11-2017,10.7471
119386,07-12-2017,10.7253
119386,14-12-2017,10.7014
119386,21-12-2017,10.6622
119386,28-12-2017,10.5261
119386,04-01-2018,10.5625
119386,11-01-2018,10.5863
119386,18-01-2018,10.6625
119386,25-01-2018,10.6214
119386,01-02-2018,10.7867
119386,08-02-2018,10.7583
119386,15-02-2018,10.6873
119386,22-02-2018,10.6066
119386,01-03-2018,10.4637
119386,08-03-2018,10.5962
119386,15-03-2018,10.7166
119386,22-03-2018,10.7724
119386,29-03-2018,10.6995
119386,05-04-2018,10.8588
119386,12-04-2018,10.8326
119386,19-04-2018,10.8136
119386,26-04-2018,10.9423
119386,03-05-2018,11.0043
119386,10-05-2018,11.2025
119386,17-05-2018,11.2293
119386,24-05-2018,11.1981
119386,31-05-2018,11.1478
119386,07-06-2018,10.9875
119386,14-06-2018,10.9674
119386,21-06-2018,11.0722
119386,28-06-2018,11.1297
119386,05-07-2018,11.136
119386,12-07-2018,11.0518
119386,19-07-2018,11.0763
119386,26-07-2018,11.1705
119386,02-08-2018,11.2134
119386,09-08-2018,11.2329
119386,16-08-2018,11.1657
119386,23-08-2018,11.2477
119386,30-08-2018,10.9703
119386,06-09-2018,11.0083
119386,13-09-2018,11.2391
119386,20-09-2018,11.108
119386,27-09-2018,11.091
119386,04-10-2018,11.0947
119386,11-10-2018,11.0581
119386,18-10-2018,11.1542
119386,25-10-2018,11.2008
119386,01-11-2018,11.2189
119386,08-11-2018,11.295
119386,15-11-2018,11.301
119386,22-11-2018,11.593
119386,29-11-2018,11.6117
119386,06-12-2018,11.6345
119386,13-12-2018,11.4799
119386,20-12-2018,11.4346
119386,27-12-2018,11.5441
119386,03-01-2019,11.4254
119386,10-01-2019,11.2328
119386,17-01-2019,11.2402
119386,24-01-2019,11.3679
119386,31-01-2019,11.3763
119386,07-02-2019,11.3503
119386,14-02-2019,11.1861
119386,21-02-2019,11.231
119386,28-02-2019,11.2949
119386,07-03-2019,11.1385
119386,14-03-2019,11.244
119386,21-03-2019,11.3174
119386,28-03-2019,11.4244
119386,04-04-2019,11.4823
119386,11-04-2019,11.547
119386,18-04-2019,11.5997
119386,25-04-2019,11.6849
119386,02-05-2019,11.5196
119386,09-05-2019,11.3859
119386,16-05-2019,11.3234
119386,23-05-2019,11.3161
119386,30-05-2019,11.3558
119386,06-06-2019,11.3898
119386,13-06-2019,11.4962
119386,20-06-2019,11.6064
119386,27-06-2019,11.5301
119386,04-07-2019,11.5567
119386,11-07-2019,11.4829
119386,18-07-2019,11.4702
119386,25-07-2019,11.5043
119386,01-08-2019,11.1952
119386,08-08-2019,11.4156
119386,15-08-2019,11.4719
119386,22-08-2019,11.4219
119386,29-08-2019,11.6025
119386,05-09-2019,11.5749
119386,12-09-2019,11.5918
119386,19-09-2019,11.5513
119386,26-09-2019,11.7086
119386,03-10-2019,11.7034
119386,10-10-2019,11.7221
119386,17-10-2019,11.8397
119386,24-10-2019,11.8998
119386,31-10-2019,11.8994
119386,07-11-2019,12.0099
119386,14-11-2019,12.2586
119386,21-11-2019,12.2946
119386,28-11-2019,12.311
119386,05-12-2019,12.3327
119386,12-12-2019,12.467
119386,19-12-2019,12.4122
119386,26-12-2019,12.3895
119386,02-01-2020,12.2421
119386,09-01-2020,12.131
119386,16-01-2020,12.0856
119386,23-01-2020,12.0851
119386,30-01-2020,12.2609
119386,06-02-2020,12.3184
119386,13-02-2020,12.2335
119386,20-02-2020,12.1671
119386,27-02-2020,12.3058
119386,05-03-2020,12.4216
119386,12-03-2020,12.4294
119386,19-03-2020,12.3904
119386,26-03-2020,12.5068
119386,02-04-2020,12.4124
119386,09-04-2020,12.4563
119386,16-04-2020,12.6878
119386,23-04-2020,12.7137
119386,30-04-2020,12.6399
119386,07-05-2020,12.6865
119386,14-05-2020,12.6438
119386,21-05-2020,12.5079
119386,28-05-2020,12.583
119386,04-06-2020,12.7006
119386,11-06-2020,12.6741
119386,18-06-2020,12.6409
119386,25-06-2020,12.5487
119386,02-07-2020,12.5387
119386,09-07-2020,12.4873
119386,16-07-2020,12.3913
119386,23-07-2020,12.5838
119386,30-07-2020,12.6358
119386,06-08-2020,12.6987
119386,13-08-2020,12.7935
119386,20-08-2020,12.8776
119386,27-08-2020,12.8402
119386,03-09-2020,12.8733
119386,10-09-2020,12.8507
119386,17-09-2020,12.901
119386,24-09-2020,12.9414
119386,01-10-2020,12.9069
119386,08-10-2020,12.7748
119386,15-10-2020,12.7949
119386,22-10-2020,12.7791
119386,29-10-2020,12.591
119386,05-11-2020,12.6471
119386,12-11-2020,12.7499
119386,19-11-2020,13.0129
119386,26-11-2020,12.9773
119386,03-12-2020,12.9266
119386,10-12-2020,12.817
119386,17-12-2020,12.8436
119386,24-12-2020,12.8695
119386,31-12-2020,12.7911
119386,07-01-2021,12.7783
119386,14-01-2021,12.5812
119386,21-01-2021,12.6794
119386,28-01-2021,12.6063
119386,04-02-2021,12.6079
119386,11-02-2021,12.469
119386,18-02-2021,12.4159
119386,25-02-2021,12.3931
119386,04-03-2021,12.3969
119386,11-03-2021,12.4495
119386,18-03-2021,12.5978
119386,25-03-2021,12.6767
119386,01-04-2021,12.7793
119386,08-04-2021,12.9323
119386,15-04-2021,12.9964
119386,22-04-2021,12.9978
119386,29-04-2021,13.1079
119386,06-05-2021,13.2257
119386,13-05-2021,13.2996
119386,20-05-2021,13.1501
119386,27-05-2021,13.0669
119386,03-06-2021,13.0434
119386,10-06-2021,13.1299
119386,17-06-2021,13.1329
119386,24-06-2021,13.2576
119386,01-07-2021,13.4024
119386,08-07-2021,13.5364
119386,15-07-2021,13.6723
119386,22-07-2021,13.5644
119386,29-07-2021,13.6222
119386,05-08-2021,13.5614
119386,12-08-2021,13.3879
119386,19-08-2021,13.3625
119386,26-08-2021,13.5095
119386,02-09-2021,13.5647
119386,09-09-2021,13.789
119386,16-09-2021,13.8141
119386,23-09-2021,14.0902
119386,30-09-2021,14.1158
119386,07-10-2021,14.124
119386,14-10-2021,13.9851
119386,21-10-2021,14.1149
119386,28-10-2021,14.0639
119386,04-11-2021,13.9967
119386,11-11-2021,14.1458
119386,18-11-2021,14.2825
119386,25-11-2021,14.4175
119386,02-12-2021,14.3815
119386,09-12-2021,14.3814
119386,16-12-2021,14.3803
119386,23-12-2021,14.4761
119386,30-12-2021,14.6618
119386,06-01-2022,14.7108
119386,13-01-2022,14.9491
119386,20-01-2022,15.0624
119386,27-01-2022,15.0401
119386,03-02-2022,15.1459
119386,10-02-2022,15.3586
119386,17-02-2022,15.6103
119386,24-02-2022,15.7648
119386,03-03-2022,15.7743
119386,10-03-2022,15.7533
119386,17-03-2022,15.8322
119386,24-03-2022,16.0505
119386,31-03-2022,16.1126
119386,07-04-2022,16.1777
119386,14-04-2022,16.1908
119386,21-04-2022,16.1548
119386,28-04-2022,16.1403
119386,05-05-2022,16.1642
119386,12-05-2022,16.3929
119386,19-05-2022,16.368
119386,26-05-2022,16.3814
119386,02-06-2022,16.2746
119386,09-06-2022,16.3744
119386,16-06-2022,16.56
119386,23-06-2022,16.7818
119386,30-06-2022,16.8158
119386,07-07-2022,16.8998
119386,14-07-2022,16.8858
119386,21-07-2022,16.9639
119386,28-07-2022,17.0133
119386,04-08-2022,17.028
119386,11-08-2022,17.0536
119386,18-08-2022,17.1221
119386,25-08-2022,17.0886
119386,01-09-2022,17.0623
119386,08-09-2022,17.3022
119386,15-09-2022,17.6843
119386,22-09-2022,17.521
119386,29-09-2022,17.3515
119386,06-10-2022,17.2256
119386,13-10-2022,17.2182
119386,20-10-2022,17.3485
119386,27-10-2022,17.4375
119386,03-11-2022,17.4685
119386,10-11-2022,17.5494
119386,17-11-2022,17.4592
119386,24-11-2022,17.4321
119386,01-12-2022,17.4363
119386,08-12-2022,17.2223
119386,15-12-2022,17.0692
119386,22-12-2022,16.9228
119386,29-12-2022,17.033
119386,05-01-2023,17.0733
119386,12-01-2023,17.1636
119386,19-01-2023,16.9178
119386,26-01-2023,16.7238
119386,02-02-2023,16.8192
119386,09-02-2023,16.4521
119386,16-02-2023,16.6199
119386,23-02-2023,16.3841
119386,02-03-2023,16.5012
119386,09-03-2023,16.3905
119386,16-03-2023,16.5346
119386,23-03-2023,16.9655
119386,30-03-2023,16.6638
119386,06-04-2023,16.7632
119386,13-04-2023,16.5274
119386,20-04-2023,16.5904
119386,27-04-2023,16.5696
119386,04-05-2023,16.5934
119386,11-05-2023,16.4791
119386,18-05-2023,16.5886
119386,25-05-2023,16.403
119386,01-06-2023,16.5725
119386,08-06-2023,16.5248
119386,15-06-2023,16.346
119386,22-06-2023,16.5611
119386,29-06-2023,16.5588
119386,06-07-2023,16.8182
119386,13-07-2023,16.9892
119386,20-07-2023,16.8875
119386,27-07-2023,16.8828
119386,03-08-2023,16.9059
119386,10-08-2023,17.1191
119386,17-08-2023,17.1859
119386,24-08-2023,17.217
119386,31-08-2023,17.1963
119386,07-09-2023,17.1962
119386,14-09-2023,17.3826
119386,21-09-2023,17.3901
119386,28-09-2023,17.3421
119386,05-10-2023,17.2707
119386,12-10-2023,17.2011
119386,19-10-2023,17.015
119386,26-10-2023,16.9197
119386,02-11-2023,17.1293
119386,09-11-2023,17.1078
119386,16-11-2023,17.2111
119386,23-11-2023,16.8767
119386,30-11-2023,16.9601
119386,07-12-2023,16.945
119386,14-12-2023,16.8865
119386,21-12-2023,16.9178
119386,28-12-2023,16.8574
119386,04-01-2024,16.5777
119386,11-01-2024,16.7067
119386,18-01-2024,16.7458
119386,25-01-2024,16.7105
119386,01-02-2024,16.588
119386,08-02-2024,16.3996
119386,15-02-2024,16.4355
119386,22-02-2024,16.6542
119386,29-02-2024,16.688
119386,07-03-2024,16.51
119386,14-03-2024,16.5464
119386,21-03-2024,16.5459
119386,28-03-2024,16.6669
119386,04-04-2024,16.7545
119386,11-04-2024,16.361
119386,18-04-2024,16.4389
119386,25-04-2024,16.3135
119386,02-05-2024,16.1345
119386,09-05-2024,16.1166
119386,16-05-2024,16.176
119386,23-05-2024,15.9702
119386,30-05-2024,16.0666
119386,06-06-2024,16.1711
119386,13-06-2024,16.1837
119386,20-06-2024,16.0778
119386,27-06-2024,15.9583
119386,04-07-2024,16.0956
119386,11-07-2024,15.9075
119386,18-07-2024,16.0493
119386,25-07-2024,16.0345
118551,01-01-2015,9.9963
118551,08-01-2015,9.8637
118551,15-01-2015,9.8561
118551,22-01-2015,9.9084
118551,29-01-2015,9.8065
118551,05-02-2015,9.8495
118551,12-02-2015,9.8605
118551,19-02-2015,9.8136
118551,26-02-2015,9.8846
118551,05-03-2015,9.7144
118551,12-03-2015,9.7453
118551,19-03-2015,9.8754
118551,26-03-2015,9.9931
118551,02-04-2015,10.0283
118551,09-04-2015,10.0081
118551,16-04-2015,9.9612
118551,23-04-2015,9.941
118551,30-04-2015,9.9883
118551,07-05-2015,9.9278
118551,14-05-2015,9.9919
118551,21-05-2015,10.1664
118551,28-05-2015,10.1654
118551,04-06-2015,10.0602
118551,11-06-2015,9.956
118551,18-06-2015,10.0218
118551,25-06-2015,10.021
118551,02-07-2015,10.0953
118551,09-07-2015,10.0563
118551,16-07-2015,10.1271
118551,23-07-2015,10.1183
118551,30-07-2015,10.0631
118551,06-08-2015,10.0348
118551,13-08-2015,9.9427
118551,20-08-2015,10.105
118551,27-08-2015,10.1012
118551,03-09-2015,10.1573
118551,10-09-2015,10.1178
118551,17-09-2015,10.0367
118551,24-09-2015,10.0219
118551,01-10-2015,10.1142
118551,08-10-2015,10.0761
118551,15-10-2015,10.01
118551,22-10-2015,10.0264
118551,29-10-2015,10.0705
118551,05-11-2015,10.2069
118551,12-11-2015,10.2398
118551,19-11-2015,10.2967
118551,26-11-2015,10.36
118551,03-12-2015,10.2686
118551,10-12-2015,10.1936
118551,17-12-2015,10.1093
118551,24-12-2015,10.0056
118551,31-12-2015,10.0733
118551,07-01-2016,10.1007
118551,14-01-2016,10.1111
118551,21-01-2016,9.9054
118551,28-01-2016,10.0723
118551,04-02-2016,10.0043
118551,11-02-2016,10.1725
118551,18-02-2016,10.0586
118551,25-02-2016,9.9973
118551,03-03-2016,9.8251
118551,10-03-2016,9.8575
118551,17-03-2016,9.7746
118551,24-03-2016,9.6946
118551,31-03-2016,9.592
118551,07-04-2016,9.6555
118551,14-04-2016,9.7143
118551,21-04-2016,9.859
118551,28-04-2016,9.8089
118551,05-05-2016,9.83
118551,12-05-2016,9.7325
118551,19-05-2016,9.7103
118551,26-05-2016,9.6739
118551,02-06-2016,9.7137
118551,09-06-2016,9.7966
118551,16-06-2016,9.8782
118551,23-06-2016,9.8156
118551,30-06-2016,9.8979
118551,07-07-2016,9.8984
118551,14-07-2016,9.8766
118551,21-07-2016,9.8246
118551,28-07-2016,9.7845
118551,04-08-2016,9.9248
118551,11-08-2016,9.9532
118551,18-08-2016,9.9711
118551,25-08-2016,9.9541
118551,01-09-2016,10.1529
118551,08-09-2016,10.263
118551,15-09-2016,10.2079
118551,22-09-2016,10.1896
118551,29-09-2016,10.1762
118551,06-10-2016,10.1922
118551,13-10-2016,10.1391
118551,20-10-2016,10.1787
118551,27-10-2016,10.301
118551,03-11-2016,10.1969
118551,10-11-2016,10.1089
118551,17-11-2016,10.0739
118551,24-11-2016,10.0427
118551,01-12-2016,10.2073
118551,08-12-2016,10.2932
118551,15-12-2016,10.3751
118551,22-12-2016,10.3573
118551,29-12-2016,10.3377
118551,05-01-2017,10.2218
118551,12-01-2017,10.2898
118551,19-01-2017,10.3343
118551,26-01-2017,10.4448
118551,02-02-2017,10.4314
118551,09-02-2017,10.4237
118551,16-02-2017,10.442
118551,23-02-2017,10.5207
118551,02-03-2017,10.4012
118551,09-03-2017,10.4666
118551,16-03-2017,10.4691
118551,23-03-2017,10.3846
118551,30-03-2017,10.2156
118551,06-04-2017,10.2085
118551,13-04-2017,10.3308
118551,20-04-2017,10.4734
118551,27-04-2017,10.5073
118551,04-05-2017,10.6764
118551,11-05-2017,10.677
118551,18-05-2017,10.7627
118551,25-05-2017,10.7282
118551,01-06-2017,10.6883
118551,08-06-2017,10.6347
118551,15-06-2017,10.4636
118551,22-06-2017,10.5755
118551,29-06-2017,10.5255
118551,06-07-2017,10.4622
118551,13-07-2017,10.3676
118551,20-07-2017,10.3548
118551,27-07-2017,10.5051
118551,03-08-2017,10.6852
118551,10-08-2017,10.5475
118551,17-08-2017,10.5218
118551,24-08-2017,10.439
118551,31-08-2017,10.5257
118551,07-09-2017,10.554
118551,14-09-2017,10.5045
118551,21-09-2017,10.5148
118551,28-09-2017,10.4789
118551,05-10-2017,10.6184
118551,12-10-2017,10.6691
118551,19-10-2017,10.7305
118551,26-10-2017,10.5059
118551,02-11-2017,10.5045
118551,09-11-2017,10.6837
118551,16-11-2017,10.8013
118551,23-11-2017,10.6461
118551,30-11-2017,10.6236
118551,07-12-2017,10.5258
118551,14-12-2017,10.6741
118551,21-12-2017,10.6992
118551,28-12-2017,10.6377
118551,04-01-2018,10.6449
118551,11-01-2018,10.4271
118551,18-01-2018,10.3408
118551,25-01-2018,10.3479
118551,01-02-2018,10.4221
118551,08-02-2018,10.2644
118551,15-02-2018,10.2372
118551,22-02-2018,10.324
118551,01-03-2018,10.2082
118551,08-03-2018,10.231
118551,15-03-2018,10.2405
118551,22-03-2018,10.3851
118551,29-03-2018,10.3701
118551,05-04-2018,10.36
118551,12-04-2018,10.435
118551,19-04-2018,10.3285
118551,26-04-2018,10.3144
118551,03-05-2018,10.2809
118551,10-05-2018,10.2736
118551,17-05-2018,10.3474
118551,24-05-2018,10.3974
118551,31-05-2018,10.3393
118551,07-06-2018,10.3547
118551,14-06-2018,10.4823
118551,21-06-2018,10.4168
118551,28-06-2018,10.4331
118551,05-07-2018,10.4211
118551,12-07-2018,10.4201
118551,19-07-2018,10.2883
118551,26-07-2018,10.4085
118551,02-08-2018,10.3482
118551,09-08-2018,10.4373
118551,16-08-2018,10.3896
118551,23-08-2018,10.3417
118551,30-08-2018,10.4462
118551,06-09-2018,10.5335
118551,13-09-2018,10.5553
118551,20-09-2018,10.6238
118551,27-09-2018,10.6035
118551,04-10-2018,10.607
118551,11-10-2018,10.5551
118551,18-10-2018,10.6357
118551,25-10-2018,10.581
118551,01-11-2018,10.7109
118551,08-11-2018,10.6881
118551,15-11-2018,10.6942
118551,22-11-2018,10.7633
118551,29-11-2018,10.7697
118551,06-12-2018,10.7483
118551,13-12-2018,10.7501
118551,20-12-2018,10.8312
118551,27-12-2018,10.7781
118551,03-01-2019,10.7716
118551,10-01-2019,10.7767
118551,17-01-2019,10.8556
118551,24-01-2019,10.8513
118551,31-01-2019,11.0126
118551,07-02-2019,11.0032
118551,14-02-2019,10.9867
118551,21-02-2019,10.976
118551,28-02-2019,10.8648
118551,07-03-2019,10.7791
118551,14-03-2019,10.7376
118551,21-03-2019,10.8395
118551,28-03-2019,10.8409
118551,04-04-2019,10.8032
118551,11-04-2019,10.9136
118551,18-04-2019,11.0534
118551,25-04-2019,11.1688
118551,02-05-2019,11.097
118551,09-05-2019,11.0575
118551,16-05-2019,11.2224
118551,23-05-2019,11.2485
118551,30-05-2019,11.2289
118551,06-06-2019,11.2979
118551,13-06-2019,11.3935
118551,20-06-2019,11.346
118551,27-06-2019,11.3704
118551,04-07-2019,11.4593
118551,11-07-2019,11.3575
118551,18-07-2019,11.3631
118551,25-07-2019,11.2664
118551,01-08-2019,11.1822
118551,08-08-2019,11.1363
118551,15-08-2019,11.1833
118551,22-08-2019,11.159
118551,29-08-2019,11.1055
118551,05-09-2019,11.1146
118551,12-09-2019,11.017
118551,19-09-2019,11.0592
118551,26-09-2019,11.1638
118551,03-10-2019,11.1611
118551,10-10-2019,11.1475
118551,17-10-2019,11.1853
118551,24-10-2019,11.0082
118551,31-10-2019,11.0599
118551,07-11-2019,11.3388
118551,14-11-2019,11.3322
118551,21-11-2019,11.3259
118551,28-11-2019,11.3978
118551,05-12-2019,11.5524
118551,12-12-2019,11.6472
118551,19-12-2019,11.451
118551,26-12-2019,11.5072
118551,02-01-2020,11.7485
118551,09-01-2020,11.8117
118551,16-01-2020,11.7073
118551,23-01-2020,11.7384
118551,30-01-2020,11.6229
118551,06-02-2020,11.7421
118551,13-02-2020,11.657
118551,20-02-2020,11.6686
118551,27-02-2020,11.5932
118551,05-03-2020,11.5472
118551,12-03-2020,11.6891
118551,19-03-2020,11.7034
118551,26-03-2020,11.6558
118551,02-04-2020,11.5536
118551,09-04-2020,11.3852
118551,16-04-2020,11.2758
118551,23-04-2020,11.2904
118551,30-04-2020,11.3835
118551,07-05-2020,11.337
118551,14-05-2020,11.484
118551,21-05-2020,11.4227
118551,28-05-2020,11.4055
118551,04-06-2020,11.3116
118551,11-06-2020,11.4057
118551,18-06-2020,11.6017
118551,25-06-2020,11.4428
118551,02-07-2020,11.4157
118551,09-07-2020,11.5358
118551,16-07-2020,11.4068
118551,23-07-2020,11.4631
118551,30-07-2020,11.5797
118551,06-08-2020,11.5916
118551,13-08-2020,11.6473
118551,20-08-2020,11.816
118551,27-08-2020,12.0049
118551,03-09-2020,12.0038
118551,10-09-2020,11.9574
118551,17-09-2020,11.8742
118551,24-09-2020,11.9718
118551,01-10-2020,11.8452
118551,08-10-2020,11.826
118551,15-10-2020,11.8404
118551,22-10-2020,11.7975
118551,29-10-2020,11.8286
118551,05-11-2020,12.0761
118551,12-11-2020,12.0691
118551,19-11-2020,12.0319
118551,26-11-2020,12.1345
118551,03-12-2020,12.1626
118551,10-12-2020,12.3075
118551,17-12-2020,12.3286
118551,24-12-2020,12.3091
118551,31-12-2020,12.1383
118551,07-01-2021,11.9859
118551,14-01-2021,11.8147
118551,21-01-2021,11.8553
118551,28-01-2021,11.7308
118551,04-02-2021,11.8533
118551,11-02-2021,11.8609
118551,18-02-2021,11.8425
118551,25-02-2021,11.7673
118551,04-03-2021,11.8306
118551,11-03-2021,11.7592
118551,18-03-2021,11.6712
118551,25-03-2021,11.7868
118551,01-04-2021,11.825
118551,08-04-2021,11.8075
118551,15-04-2021,11.8728
118551,22-04-2021,11.8784
118551,29-04-2021,11.9195
118551,06-05-2021,11.8464
118551,13-05-2021,12.0474
118551,20-05-2021,11.9963
118551,27-05-2021,12.1504
118551,03-06-2021,12.1369
118551,10-06-2021,12.2202
118551,17-06-2021,12.2968
118551,24-06-2021,12.4146
118551,01-07-2021,12.336
118551,08-07-2021,12.4471
118551,15-07-2021,12.636
118551,22-07-2021,12.6149
118551,29-07-2021,12.6234
118551,05-08-2021,12.5756
118551,12-08-2021,12.5458
118551,19-08-2021,12.7226
118551,26-08-2021,12.6255
118551,02-09-2021,12.5354
118551,09-09-2021,12.7019
118551,16-09-2021,12.7705
118551,23-09-2021,12.9922
118551,30-09-2021,12.9506
118551,07-10-2021,12.9688
118551,14-10-2021,12.9055
118551,21-10-2021,12.9254
118551,28-10-2021,12.7472
118551,04-11-2021,12.8221
118551,11-11-2021,12.8604
118551,18-11-2021,12.8596
118551,25-11-2021,12.8246
118551,02-12-2021,12.7379
118551,09-12-2021,12.8172
118551,16-12-2021,12.7022
118551,23-12-2021,12.7593
118551,30-12-2021,12.9762
118551,06-01-2022,13.1356
118551,13-01-2022,12.9827
118551,20-01-2022,12.9321
118551,27-01-2022,12.9809
118551,03-02-2022,12.9788
118551,10-02-2022,12.8387
118551,17-02-2022,12.8834
118551,24-02-2022,12.8875
118551,03-03-2022,13.09
118551,10-03-2022,13.0688
118551,17-03-2022,13.1961
118551,24-03-2022,13.0676
118551,31-03-2022,12.9654
118551,07-04-2022,13.0454
118551,14-04-2022,13.1637
118551,21-04-2022,13.0682
118551,28-04-2022,13.0759
118551,05-05-2022,12.9366
118551,12-05-2022,12.9231
118551,19-05-2022,13.0147
118551,26-05-2022,12.9747
118551,02-06-2022,12.954
118551,09-06-2022,12.8421
118551,16-06-2022,12.7806
118551,23-06-2022,12.9655
118551,30-06-2022,12.9783
118551,07-07-2022,12.8794
118551,14-07-2022,12.8521
118551,21-07-2022,12.693
118551,28-07-2022,12.5951
118551,04-08-2022,12.7372
118551,11-08-2022,12.7278
118551,18-08-2022,12.9254
118551,25-08-2022,12.9207
118551,01-09-2022,12.9221
118551,08-09-2022,12.9936
118551,15-09-2022,12.721
118551,22-09-2022,12.7469
118551,29-09-2022,12.747
118551,06-10-2022,12.9036
118551,13-10-2022,13.0084
118551,20-10-2022,12.8956
118551,27-10-2022,13.0289
118551,03-11-2022,13.0068
118551,10-11-2022,12.9179
118551,17-11-2022,12.9434
118551,24-11-2022,12.9276
118551,01-12-2022,13.0919
118551,08-12-2022,13.1328
118551,15-12-2022,13.1596
118551,22-12-2022,13.2597
118551,29-12-2022,13.381
118551,05-01-2023,13.4702
118551,12-01-2023,13.6285
118551,19-01-2023,13.7004
118551,26-01-2023,13.7242
118551,02-02-2023,13.8658
118551,09-02-2023,13.8612
118551,16-02-2023,13.8705
118551,23-02-2023,14.067
118551,02-03-2023,14.2552
118551,09-03-2023,14.26
118551,16-03-2023,14.2139
118551,23-03-2023,14.386
118551,30-03-2023,14.4839
118551,06-04-2023,14.5262
118551,13-04-2023,14.4946
118551,20-04-2023,14.5389
118551,27-04-2023,14.5422
118551,04-05-2023,14.4707
118551,11-05-2023,14.4914
118551,18-05-2023,14.528
118551,25-05-2023,14.4902
118551,01-06-2023,14.6007
118551,08-06-2023,14.7571
118551,15-06-2023,14.8775
118551,22-06-2023,14.8506
118551,29-06-2023,14.9463
118551,06-07-2023,14.9616
118551,13-07-2023,14.8197
118551,20-07-2023,14.9054
118551,27-07-2023,14.9288
118551,03-08-2023,15.2445
118551,10-08-2023,15.4283
118551,17-08-2023,15.5223
118551,24-08-2023,15.5594
118551,31-08-2023,15.586
118551,07-09-2023,15.4671
118551,14-09-2023,15.2581
118551,21-09-2023,15.1577
118551,28-09-2023,15.158
118551,05-10-2023,14.9087
118551,12-10-2023,14.8498
118551,19-10-2023,14.8263
118551,26-10-2023,14.8067
118551,02-11-2023,14.7342
118551,09-11-2023,14.6999
118551,16-11-2023,14.9085
118551,23-11-2023,14.9934
118551,30-11-2023,14.9322
118551,07-12-2023,14.93
118551,14-12-2023,14.9326
118551,21-12-2023,14.8468
118551,28-12-2023,14.7614
118551,04-01-2024,14.8866
118551,11-01-2024,14.8426
118551,18-01-2024,14.7186
118551,25-01-2024,14.7194
118551,01-02-2024,14.7392
118551,08-02-2024,14.5124
118551,15-02-2024,14.5135
118551,22-02-2024,14.6201
118551,29-02-2024,14.6787
118551,07-03-2024,14.9464
118551,14-03-2024,15.102
118551,21-03-2024,15.2831
118551,28-03-2024,15.6316
118551,04-04-2024,15.7326
118551,11-04-2024,15.7595
118551,18-04-2024,15.8885
118551,25-04-2024,15.8238
118551,02-05-2024,15.8438
118551,09-05-2024,15.768
118551,16-05-2024,15.8245
118551,23-05-2024,15.7483
118551,30-05-2024,15.6681
118551,06-06-2024,15.7262
118551,13-06-2024,15.7151
118551,20-06-2024,15.4791
118551,27-06-2024,15.305
118551,04-07-2024,15.1707
118551,11-07-2024,15.0696
118551,18-07-2024,15.1256
118551,25-07-2024,15.1581
120178,01-01-2015,10.0892
120178,08-01-2015,10.154
120178,15-01-2015,10.2452
120178,22-01-2015,10.2991
120178,29-01-2015,10.3205
120178,05-02-2015,10.4154
120178,12-02-2015,10.4962
120178,19-02-2015,10.532
120178,26-02-2015,10.6433
120178,05-03-2015,10.4478
120178,12-03-2015,10.4277
120178,19-03-2015,10.4064
120178,26-03-2015,10.5065
120178,02-04-2015,10.6428
120178,09-04-2015,10.5235
120178,16-04-2015,10.6466
120178,23-04-2015,10.551
120178,30-04-2015,10.4589
120178,07-05-2015,10.4435
120178,14-05-2015,10.4211
120178,21-05-2015,10.2954
120178,28-05-2015,10.353
120178,04-06-2015,10.4134
120178,11-06-2015,10.5054
120178,18-06-2015,10.4732
120178,25-06-2015,10.474
120178,02-07-2015,10.4757
120178,09-07-2015,10.6213
120178,16-07-2015,10.3847
120178,23-07-2015,10.3094
120178,30-07-2015,10.314
120178,06-08-2015,10.2285
120178,13-08-2015,10.2115
120178,20-08-2015,10.2053
120178,27-08-2015,10.1557
120178,03-09-2015,10.165
120178,10-09-2015,10.2201
120178,17-09-2015,10.2049
120178,24-09-2015,10.172
120178,01-10-2015,10.1625
120178,08-10-2015,10.166
120178,15-10-2015,10.0285
120178,22-10-2015,10.0696
120178,29-10-2015,10.0373
120178,05-11-2015,10.1426
120178,12-11-2015,10.1946
120178,19-11-2015,10.2941
120178,26-11-2015,10.215
120178,03-12-2015,10.1887
120178,10-12-2015,10.0915
120178,17-12-2015,10.0386
120178,24-12-2015,10.1432
120178,31-12-2015,10.2679
120178,07-01-2016,10.1777
120178,14-01-2016,10.1445
120178,21-01-2016,10.1424
120178,28-01-2016,10.1939
120178,04-02-2016,10.0545
120178,11-02-2016,9.9296
120178,18-02-2016,9.9724
120178,25-02-2016,9.8209
120178,03-03-2016,9.7898
120178,10-03-2016,9.8064
120178,17-03-2016,9.8429
120178,24-03-2016,9.8357
120178,31-03-2016,9.8108
120178,07-04-2016,9.8811
120178,14-04-2016,9.9075
120178,21-04-2016,9.8602
120178,28-04-2016,9.8671
120178,05-05-2016,9.9013
120178,12-05-2016,10.0414
120178,19-05-2016,10.1086
120178,26-05-2016,10.2109
120178,02-06-2016,10.1651
120178,09-06-2016,10.1265
120178,16-06-2016,10.1115
120178,23-06-2016,10.1039
120178,30-06-2016,10.0265
120178,07-07-2016,10.132
120178,14-07-2016,10.2077
120178,21-07-2016,10.1868
120178,28-07-2016,10.2432
120178,04-08-2016,10.2655
120178,11-08-2016,10.3288
120178,18-08-2016,10.2218
120178,25-08-2016,10.214
120178,01-09-2016,10.2133
120178,08-09-2016,10.2684
120178,15-09-2016,10.2209
120178,22-09-2016,10.0205
120178,29-09-2016,9.9378
120178,06-10-2016,9.9369
120178,13-10-2016,9.946
120178,20-10-2016,10.0839
120178,27-10-2016,10.135
120178,03-11-2016,10.1457
120178,10-11-2016,10.1471
120178,17-11-2016,10.2408
120178,24-11-2016,10.1965
120178,01-12-2016,10.1892
120178,08-12-2016,10.1045
120178,15-12-2016,10.2232
120178,22-12-2016,10.2594
120178,29-12-2016,10.2054
120178,05-01-2017,10.2002
120178,12-01-2017,10.2458
120178,19-01-2017,10.2294
120178,26-01-2017,10.1897
120178,02-02-2017,10.1405
120178,09-02-2017,10.172
120178,16-02-2017,10.1469
120178,23-02-2017,10.1142
120178,02-03-2017,10.0101
120178,09-03-2017,10.0203
120178,16-03-2017,10.0098
120178,23-03-2017,9.9881
120178,30-03-2017,10.0079
120178,06-04-2017,10.0718
120178,13-04-2017,10.1324
120178,20-04-2017,10.1812
120178,27-04-2017,10.1657
120178,04-05-2017,10.1237
120178,11-05-2017,10.0432
120178,18-05-2017,9.9995
120178,25-05-2017,10.0051
120178,01-06-2017,9.9462
120178,08-06-2017,9.9578
120178,15-06-2017,9.8849
120178,22-06-2017,9.7575
120178,29-06-2017,9.8253
120178,06-07-2017,9.792
120178,13-07-2017,9.7303
120178,20-07-2017,9.6491
120178,27-07-2017,9.6856
120178,03-08-2017,9.796
120178,10-08-2017,9.7683
120178,17-08-2017,9.7554
120178,24-08-2017,9.8429
120178,31-08-2017,9.7043
120178,07-09-2017,9.8609
120178,14-09-2017,10.0576
120178,21-09-2017,9.8439
120178,28-09-2017,9.8402
120178,05-10-2017,9.7875
120178,12-10-2017,9.7707
120178,19-10-2017,9.7419
120178,26-10-2017,9.809
120178,02-11-2017,9.8041
120178,09-11-2017,9.7366
120178,16-11-2017,9.7271
120178,23-11-2017,9.771
120178,30-11-2017,9.6824
120178,07-12-2017,9.5588
120178,14-12-2017,9.715
120178,21-12-2017,9.6689
120178,28-12-2017,9.6622
120178,04-01-2018,9.6353
120178,11-01-2018,9.6814
120178,18-01-2018,9.8226
120178,25-01-2018,9.8721
120178,01-02-2018,9.7561
120178,08-02-2018,9.652
120178,15-02-2018,9.625
120178,22-02-2018,9.6082
120178,01-03-2018,9.4797
120178,08-03-2018,9.5457
120178,15-03-2018,9.4665
120178,22-03-2018,9.5834
120178,29-03-2018,9.7268
120178,05-04-2018,9.7114
120178,12-04-2018,9.7494
120178,19-04-2018,9.6572
120178,26-04-2018,9.7092
120178,03-05-2018,9.6744
120178,10-05-2018,9.5941
120178,17-05-2018,9.5758
120178,24-05-2018,9.5439
120178,31-05-2018,9.5229
120178,07-06-2018,9.5991
120178,14-06-2018,9.5426
120178,21-06-2018,9.6789
120178,28-06-2018,9.5801
120178,05-07-2018,9.7078
120178,12-07-2018,9.6327
120178,19-07-2018,9.6365
120178,26-07-2018,9.6026
120178,02-08-2018,9.58
120178,09-08-2018,9.6452
120178,16-08-2018,9.7648
120178,23-08-2018,9.8617
120178,30-08-2018,9.8337
120178,06-09-2018,9.8522
120178,13-09-2018,9.7945
120178,20-09-2018,9.7207
120178,27-09-2018,9.6354
120178,04-10-2018,9.6056
120178,11-10-2018,9.6286
120178,18-10-2018,9.4852
120178,25-10-2018,9.4855
120178,01-11-2018,9.6043
120178,08-11-2018,9.6943
120178,15-11-2018,9.6528
120178,22-11-2018,9.5488
120178,29-11-2018,9.5878
120178,06-12-2018,9.4138
120178,13-12-2018,9.5012
120178,20-12-2018,9.4888
120178,27-12-2018,9.6316
120178,03-01-2019,9.5024
120178,10-01-2019,9.576
120178,17-01-2019,9.5721
120178,24-01-2019,9.5506
120178,31-01-2019,9.4497
120178,07-02-2019,9.4986
120178,14-02-2019,9.5537
120178,21-02-2019,9.694
120178,28-02-2019,9.7761
120178,07-03-2019,9.7335
120178,14-03-2019,9.6592
120178,21-03-2019,9.5574
120178,28-03-2019,9.6738
120178,04-04-2019,9.6175
120178,11-04-2019,9.7352
120178,18-04-2019,9.78
120178,25-04-2019,9.8097
120178,02-05-2019,9.7896
120178,09-05-2019,9.8452
120178,16-05-2019,9.8479
120178,23-05-2019,9.8228
120178,30-05-2019,9.8814
120178,06-06-2019,9.874
120178,13-06-2019,9.8149
120178,20-06-2019,9.8659
120178,27-06-2019,9.8648
120178,04-07-2019,9.9073
120178,11-07-2019,9.8753
120178,18-07-2019,9.7837
120178,25-07-2019,9.9234
120178,01-08-2019,10.0502
120178,08-08-2019,10.1253
120178,15-08-2019,10.0979
120178,22-08-2019,10.0777
120178,29-08-2019,10.1932
120178,05-09-2019,10.1684
120178,12-09-2019,10.121
120178,19-09-2019,10.2766
120178,26-09-2019,10.2768
120178,03-10-2019,10.4263
120178,10-10-2019,10.3139
120178,17-10-2019,10.3607
120178,24-10-2019,10.5366
120178,31-10-2019,10.5433
120178,07-11-2019,10.5252
120178,14-11-2019,10.4311
120178,21-11-2019,10.5256
120178,28-11-2019,10.465
120178,05-12-2019,10.4612
120178,12-12-2019,10.3621
120178,19-12-2019,10.4953
120178,26-12-2019,10.5965
120178,02-01-2020,10.598
120178,09-01-2020,10.5044
120178,16-01-2020,10.6377
120178,23-01-2020,10.6108
120178,30-01-2020,10.5212
120178,06-02-2020,10.3771
120178,13-02-2020,10.3276
120178,20-02-2020,10.2116
120178,27-02-2020,10.1648
120178,05-03-2020,10.2294
120178,12-03-2020,10.2028
120178,19-03-2020,10.2359
120178,26-03-2020,10.1807
120178,02-04-2020,10.1901
120178,09-04-2020,10.3508
120178,16-04-2020,10.3261
120178,23-04-2020,10.362
120178,30-04-2020,10.2363
120178,07-05-2020,10.3649
120178,14-05-2020,10.3295
120178,21-05-2020,10.4204
120178,28-05-2020,10.4143
120178,04-06-2020,10.4694
120178,11-06-2020,10.5298
120178,18-06-2020,10.4959
120178,25-06-2020,10.5918
120178,02-07-2020,10.5317
120178,09-07-2020,10.6015
120178,16-07-2020,10.5726
120178,23-07-2020,10.6064
120178,30-07-2020,10.5715
120178,06-08-2020,10.5799
120178,13-08-2020,10.4932
120178,20-08-2020,10.5182
120178,27-08-2020,10.5261
120178,03-09-2020,10.4848
120178,10-09-2020,10.4844
120178,17-09-2020,10.4998
120178,24-09-2020,10.4523
120178,01-10-2020,10.4457
120178,08-10-2020,10.3658
120178,15-10-2020,10.5645
120178,22-10-2020,10.6582
120178,29-10-2020,10.6858
120178,05-11-2020,10.7903
120178,12-11-2020,10.6237
120178,19-11-2020,10.4106
120178,26-11-2020,10.3815
120178,03-12-2020,10.2712
120178,10-12-2020,10.2558
120178,17-12-2020,10.2768
120178,24-12-2020,10.3566
120178,31-12-2020,10.2664
120178,07-01-2021,10.3034
120178,14-01-2021,10.3087
120178,21-01-2021,10.3414
120178,28-01-2021,10.3026
120178,04-02-2021,10.4207
120178,11-02-2021,10.4162
120178,18-02-2021,10.5682
120178,25-02-2021,10.5056
120178,04-03-2021,10.5723
120178,11-03-2021,10.5715
120178,18-03-2021,10.548
120178,25-03-2021,10.6055
120178,01-04-2021,10.5844
120178,08-04-2021,10.3632
120178,15-04-2021,10.1135
120178,22-04-2021,10.2204
120178,29-04-2021,10.3251
120178,06-05-2021,10.4852
120178,13-05-2021,10.4879
120178,20-05-2021,10.3836
120178,27-05-2021,10.3529
120178,03-06-2021,10.358
120178,10-06-2021,10.2787
120178,17-06-2021,10.4184
120178,24-06-2021,10.6092
120178,01-07-2021,10.654
120178,08-07-2021,10.6574
120178,15-07-2021,10.5512
120178,22-07-2021,10.686
120178,29-07-2021,10.6968
120178,05-08-2021,10.6763
120178,12-08-2021,10.7217
120178,19-08-2021,10.6757
120178,26-08-2021,10.6925
120178,02-09-2021,10.5734
120178,09-09-2021,10.6696
120178,16-09-2021,10.665
120178,23-09-2021,10.7681
120178,30-09-2021,10.7551
120178,07-10-2021,10.7477
120178,14-10-2021,10.6477
120178,21-10-2021,10.7167
120178,28-10-2021,10.6459
120178,04-11-2021,10.6087
120178,11-11-2021,10.6131
120178,18-11-2021,10.6276
120178,25-11-2021,10.4868
120178,02-12-2021,10.4716
120178,09-12-2021,10.5424
120178,16-12-2021,10.5147
120178,23-12-2021,10.5001
120178,30-12-2021,10.5179
120178,06-01-2022,10.5115
120178,13-01-2022,10.429
120178,20-01-2022,10.4302
120178,27-01-2022,10.5173
120178,03-02-2022,10.4331
120178,10-02-2022,10.406
120178,17-02-2022,10.2951
120178,24-02-2022,10.3768
120178,03-03-2022,10.3733
120178,10-03-2022,10.3069
120178,17-03-2022,10.3186
120178,24-03-2022,10.2234
120178,31-03-2022,10.1429
120178,07-04-2022,10.0285
120178,14-04-2022,9.9469
120178,21-04-2022,10.0589
120178,28-04-2022,10.0039
120178,05-05-2022,10.0453
120178,12-05-2022,9.9821
120178,19-05-2022,10.0467
120178,26-05-2022,9.9683
120178,02-06-2022,9.9754
120178,09-06-2022,9.9836
120178,16-06-2022,10.1735
120178,23-06-2022,10.2289
120178,30-06-2022,10.1845
120178,07-07-2022,10.2443
120178,14-07-2022,10.4237
120178,21-07-2022,10.292
120178,28-07-2022,10.2267
120178,04-08-2022,10.2114
120178,11-08-2022,10.1814
120178,18-08-2022,10.1584
120178,25-08-2022,10.0565
120178,01-09-2022,10.1734
120178,08-09-2022,10.0617
120178,15-09-2022,10.0496
120178,22-09-2022,10.1377
120178,29-09-2022,10.1393
120178,06-10-2022,10.064
120178,13-10-2022,9.9594
120178,20-10-2022,9.9451
120178,27-10-2022,9.8888
120178,03-11-2022,9.909
120178,10-11-2022,9.8019
120178,17-11-2022,9.8695
120178,24-11-2022,9.8826
120178,01-12-2022,9.9016
120178,08-12-2022,10.0197
120178,15-12-2022,9.9886
120178,22-12-2022,9.9346
120178,29-12-2022,9.895
120178,05-01-2023,9.8837
120178,12-01-2023,9.8805
120178,19-01-2023,9.8188
120178,26-01-2023,9.6638
120178,02-02-2023,9.6243
120178,09-02-2023,9.6559
120178,16-02-2023,9.6703
120178,23-02-2023,9.7669
120178,02-03-2023,9.9236
120178,09-03-2023,9.9879
120178,16-03-2023,10.1023
120178,23-03-2023,10.1683
120178,30-03-2023,10.3115
120178,06-04-2023,10.4683
120178,13-04-2023,10.5522
120178,20-04-2023,10.616
120178,27-04-2023,10.6028
120178,04-05-2023,10.6036
120178,11-05-2023,10.5791
120178,18-05-2023,10.636
120178,25-05-2023,10.5789
120178,01-06-2023,10.567
120178,08-06-2023,10.3721
120178,15-06-2023,10.5192
120178,22-06-2023,10.5049
120178,29-06-2023,10.5474
120178,06-07-2023,10.6746
120178,13-07-2023,10.7045
120178,20-07-2023,10.8325
120178,27-07-2023,10.7292
120178,03-08-2023,10.9393
120178,10-08-2023,11.0388
120178,17-08-2023,11.0617
120178,24-08-2023,11.1922
120178,31-08-2023,11.0921
120178,07-09-2023,11.0709
120178,14-09-2023,11.2032
120178,21-09-2023,11.0404
120178,28-09-2023,11.0943
120178,05-10-2023,11.146
120178,12-10-2023,11.326
120178,19-10-2023,11.1871
120178,26-10-2023,11.3356
120178,02-11-2023,11.2894
120178,09-11-2023,11.2536
120178,16-11-2023,11.1481
120178,23-11-2023,11.0555
120178,30-11-2023,11.0956
120178,07-12-2023,11.0013
120178,14-12-2023,11.0709
120178,21-12-2023,11.0166
120178,28-12-2023,10.9141
120178,04-01-2024,10.8724
120178,11-01-2024,10.906
120178,18-01-2024,10.8862
120178,25-01-2024,10.8935
120178,01-02-2024,10.9585
120178,08-02-2024,11.0578
120178,15-02-2024,11.0348
120178,22-02-2024,10.947
120178,29-02-2024,10.9581
120178,07-03-2024,11.0037
120178,14-03-2024,10.8795
120178,21-03-2024,10.8064
120178,28-03-2024,10.7485
120178,04-04-2024,10.7349
120178,11-04-2024,10.6739
120178,18-04-2024,10.7385
120178,25-04-2024,10.6049
120178,02-05-2024,10.4751
120178,09-05-2024,10.4514
120178,16-05-2024,10.4408
120178,23-05-2024,10.3235
120178,30-05-2024,10.2775
120178,06-06-2024,10.2487
120178,13-06-2024,10.2205
120178,20-06-2024,10.237
120178,27-06-2024,10.187
120178,04-07-2024,10.3115
120178,11-07-2024,10.3559
120178,18-07-2024,10.2931
120178,25-07-2024,10.305
119203,01-01-2015,10.0139
119203,08-01-2015,10.1152
119203,15-01-2015,10.0707
119203,22-01-2015,10.1366
119203,29-01-2015,10.144
119203,05-02-2015,10.2691
119203,12-02-2015,10.3793
119203,19-02-2015,10.3998
119203,26-02-2015,10.3821
119203,05-03-2015,10.4283
119203,12-03-2015,10.4175
119203,19-03-2015,10.5617
119203,26-03-2015,10.5725
119203,02-04-2015,10.5424
119203,09-04-2015,10.5079
119203,16-04-2015,10.4101
119203,23-04-2015,10.4606
119203,30-04-2015,10.3962
119203,07-05-2015,10.4917
119203,14-05-2015,10.3874
119203,21-05-2015,10.4021
119203,28-05-2015,10.502
119203,04-06-2015,10.3253
119203,11-06-2015,10.4962
119203,18-06-2015,10.4647
119203,25-06-2015,10.4807
119203,02-07-2015,10.5328
119203,09-07-2015,10.5982
119203,16-07-2015,10.6256
119203,23-07-2015,10.7147
119203,30-07-2015,10.7635
119203,06-08-2015,10.9194
119203,13-08-2015,10.9694
119203,20-08-2015,11.1462
119203,27-08-2015,11.231
119203,03-09-2015,11.0732
119203,10-09-2015,11.309
119203,17-09-2015,11.2615
119203,24-09-2015,11.4008
119203,01-10-2015,11.4078
119203,08-10-2015,11.5092
119203,15-10-2015,11.4504
119203,22-10-2015,11.5123
119203,29-10-2015,11.4936
119203,05-11-2015,11.6434
119203,12-11-2015,11.6889
119203,19-11-2015,11.7811
119203,26-11-2015,11.5818
119203,03-12-2015,11.5785
119203,10-12-2015,11.6212
119203,17-12-2015,11.6466
119203,24-12-2015,11.7408
119203,31-12-2015,11.7112
119203,07-01-2016,11.7204
119203,14-01-2016,11.8359
119203,21-01-2016,11.6248
119203,28-01-2016,11.6843
119203,04-02-2016,11.6578
119203,11-02-2016,11.5773
119203,18-02-2016,11.6131
119203,25-02-2016,11.7318
119203,03-03-2016,11.834
119203,10-03-2016,11.826
119203,17-03-2016,11.9136
119203,24-03-2016,12.0011
119203,31-03-2016,11.9975
119203,07-04-2016,11.9358
119203,14-04-2016,11.8799
119203,21-04-2016,11.9643
119203,28-04-2016,11.965
119203,05-05-2016,11.8697
119203,12-05-2016,11.7144
119203,19-05-2016,11.797
119203,26-05-2016,11.7502
119203,02-06-2016,11.7859
119203,09-06-2016,11.9075
119203,16-06-2016,11.7876
119203,23-06-2016,11.7881
119203,30-06-2016,11.7767
119203,07-07-2016,11.8172
119203,14-07-2016,11.939
119203,21-07-2016,11.8168
119203,28-07-2016,11.8754
119203,04-08-2016,11.9782
119203,11-08-2016,11.9651
119203,18-08-2016,11.9567
119203,25-08-2016,12.0015
119203,01-09-2016,12.0395
119203,08-09-2016,12.1004
119203,15-09-2016,12.1595
119203,22-09-2016,12.0689
119203,29-09-2016,12.1693
119203,06-10-2016,12.2878
119203,13-10-2016,12.311
119203,20-10-2016,12.1687
119203,27-10-2016,12.1624
119203,03-11-2016,12.1862
119203,10-11-2016,12.0795
119203,17-11-2016,12.0495
119203,24-11-2016,11.9185
119203,01-12-2016,11.9812
119203,08-12-2016,12.0019
119203,15-12-2016,11.8487
119203,22-12-2016,11.8867
119203,29-12-2016,11.8861
119203,05-01-2017,11.94
119203,12-01-2017,11.9073
119203,19-01-2017,11.8357
119203,26-01-2017,11.7675
119203,02-02-2017,11.7215
119203,09-02-2017,11.728
119203,16-02-2017,11.7466
119203,23-02-2017,11.7333
119203,02-03-2017,11.6983
119203,09-03-2017,11.6701
119203,16-03-2017,11.9089
119203,23-03-2017,11.8402
119203,30-03-2017,11.7921
119203,06-04-2017,12.1075
119203,13-04-2017,12.1532
119203,20-04-2017,12.0239
119203,27-04-2017,12.1097
119203,04-05-2017,12.0264
119203,11-05-2017,12.1187
119203,18-05-2017,12.1031
119203,25-05-2017,12.0653
119203,01-06-2017,12.2255
119203,08-06-2017,12.2858
119203,15-06-2017,12.3863
119203,22-06-2017,12.4344
119203,29-06-2017,12.3951
119203,06-07-2017,12.4607
119203,13-07-2017,12.5862
119203,20-07-2017,12.6048
119203,27-07-2017,12.7916
119203,03-08-2017,12.8837
119203,10-08-2017,12.9107
119203,17-08-2017,12.9418
119203,24-08-2017,12.9612
119203,31-08-2017,12.8367
119203,07-09-2017,12.8326
119203,14-09-2017,12.8604
119203,21-09-2017,12.8227
119203,28-09-2017,12.8625
119203,05-10-2017,12.8698
119203,12-10-2017,12.9546
119203,19-10-2017,13.0286
119203,26-10-2017,13.0512
119203,02-11-2017,12.9137
119203,09-11-2017,13.1038
119203,16-11-2017,13.0942
119203,23-11-2017,13.091
119203,30-11-2017,13.0603
119203,07-12-2017,13.0145
119203,14-12-2017,13.1805
119203,21-12-2017,13.3319
119203,28-12-2017,13.3846
119203,04-01-2018,13.3785
119203,11-01-2018,13.4501
119203,18-01-2018,13.4634
119203,25-01-2018,13.4483
119203,01-02-2018,13.4901
119203,08-02-2018,13.4478
119203,15-02-2018,13.4804
119203,22-02-2018,13.5078
119203,01-03-2018,13.5783
119203,08-03-2018,13.5165
119203,15-03-2018,13.5987
119203,22-03-2018,13.5055
119203,29-03-2018,13.4491
119203,05-04-2018,13.3976
119203,12-04-2018,13.288
119203,19-04-2018,13.4013
119203,26-04-2018,13.3028
119203,03-05-2018,13.2337
119203,10-05-2018,13.3719
119203,17-05-2018,13.3162
119203,24-05-2018,13.3015
119203,31-05-2018,13.1991
119203,07-06-2018,13.2924
119203,14-06-2018,13.3877
119203,21-06-2018,13.4722
119203,28-06-2018,13.5355
119203,05-07-2018,13.5489
119203,12-07-2018,13.4975
119203,19-07-2018,13.4149
119203,26-07-2018,13.5587
119203,02-08-2018,13.6471
119203,09-08-2018,13.5769
119203,16-08-2018,13.5866
119203,23-08-2018,13.5594
119203,30-08-2018,13.4425
119203,06-09-2018,13.4669
119203,13-09-2018,13.4276
119203,20-09-2018,13.3306
119203,27-09-2018,13.1782
119203,04-10-2018,13.0186
119203,11-10-2018,12.9851
119203,18-10-2018,12.9815
119203,25-10-2018,12.8958
119203,01-11-2018,12.9681
119203,08-11-2018,12.9665
119203,15-11-2018,13.0315
119203,22-11-2018,13.0176
119203,29-11-2018,12.9409
119203,06-12-2018,12.9579
119203,13-12-2018,12.8322
119203,20-12-2018,12.8927
119203,27-12-2018,12.8012
119203,03-01-2019,12.9003
119203,10-01-2019,12.8706
119203,17-01-2019,12.9851
119203,24-01-2019,12.8737
119203,31-01-2019,12.809
119203,07-02-2019,12.8532
119203,14-02-2019,12.9787
119203,21-02-2019,13.1569
119203,28-02-2019,13.1665
119203,07-03-2019,13.3654
119203,14-03-2019,13.3397
119203,21-03-2019,13.4623
119203,28-03-2019,13.3663
119203,04-04-2019,13.4165
119203,11-04-2019,13.1706
119203,18-04-2019,13.0577
119203,25-04-2019,13.1116
119203,02-05-2019,12.9792
119203,09-05-2019,13.0287
119203,16-05-2019,13.1284
119203,23-05-2019,13.081
119203,30-05-2019,12.9849
119203,06-06-2019,12.9408
119203,13-06-2019,12.846
119203,20-06-2019,12.8407
119203,27-06-2019,12.8563
119203,04-07-2019,12.83
119203,11-07-2019,13.007
119203,18-07-2019,12.9373
119203,25-07-2019,13.0865
119203,01-08-2019,12.9828
119203,08-08-2019,12.9955
119203,15-08-2019,13.1237
119203,22-08-2019,13.2477
119203,29-08-2019,13.2085
119203,05-09-2019,13.2724
119203,12-09-2019,13.3225
119203,19-09-2019,13.2702
119203,26-09-2019,13.3409
119203,03-10-2019,13.5451
119203,10-10-2019,13.6016
119203,17-10-2019,13.6687
119203,24-10-2019,13.7476
119203,31-10-2019,13.5924
119203,07-11-2019,13.6479
119203,14-11-2019,13.5424
119203,21-11-2019,13.4839
119203,28-11-2019,13.7225
119203,05-12-2019,13.7002
119203,12-12-2019,13.6245
119203,19-12-2019,13.7556
119203,26-12-2019,13.6568
119203,02-01-2020,13.6134
119203,09-01-2020,13.7549
119203,16-01-2020,13.7651
119203,23-01-2020,13.5986
119203,30-01-2020,13.6632
119203,06-02-2020,13.6254
119203,13-02-2020,13.7987
119203,20-02-2020,13.7373
119203,27-02-2020,13.8583
119203,05-03-2020,14.0607
119203,12-03-2020,13.9706
119203,19-03-2020,13.9546
119203,26-03-2020,14.0036
119203,02-04-2020,13.9131
119203,09-04-2020,13.9488
119203,16-04-2020,13.9293
119203,23-04-2020,13.9075
119203,30-04-2020,13.9185
119203,07-05-2020,13.932
119203,14-05-2020,13.9559
119203,21-05-2020,13.8946
119203,28-05-2020,13.8384
119203,04-06-2020,13.8308
119203,11-06-2020,13.8314
119203,18-06-2020,13.7884
119203,25-06-2020,13.8296
119203,02-07-2020,13.6344
119203,09-07-2020,13.5602
119203,16-07-2020,13.5352
119203,23-07-2020,13.4479
119203,30-07-2020,13.6286
119203,06-08-2020,13.6361
119203,13-08-2020,13.6608
119203,20-08-2020,13.6135
119203,27-08-2020,13.6172
119203,03-09-2020,13.4903
119203,10-09-2020,13.4774
119203,17-09-2020,13.3817
119203,24-09-2020,13.3574
119203,01-10-2020,13.0892
119203,08-10-2020,12.9763
119203,15-10-2020,13.1334
119203,22-10-2020,13.2259
119203,29-10-2020,13.3708
119203,05-11-2020,13.5246
119203,12-11-2020,13.6028
119203,19-11-2020,13.559
119203,26-11-2020,13.4519
119203,03-12-2020,13.5807
119203,10-12-2020,13.5931
119203,17-12-2020,13.8698
119203,24-12-2020,13.8348
119203,31-12-2020,14.0587
119203,07-01-2021,14.0467
119203,14-01-2021,14.2024
119203,21-01-2021,14.4009
119203,28-01-2021,14.2888
119203,04-02-2021,14.2391
119203,11-02-2021,14.1271
119203,18-02-2021,13.9938
119203,25-02-2021,14.074
119203,04-03-2021,14.0575
119203,11-03-2021,14.069
119203,18-03-2021,14.1373
119203,25-03-2021,13.9329
119203,01-04-2021,14.0819
119203,08-04-2021,14.0482
119203,15-04-2021,14.1136
119203,22-04-2021,14.1893
119203,29-04-2021,14.3506
119203,06-05-2021,14.3443
119203,13-05-2021,14.1064
119203,20-05-2021,14.1185
119203,27-05-2021,14.1468
119203,03-06-2021,14.0354
119203,10-06-2021,14.0576
119203,17-06-2021,14.0226
119203,24-06-2021,13.8776
119203,01-07-2021,13.9577
119203,08-07-2021,13.9003
119203,15-07-2021,13.8607
119203,22-07-2021,13.8149
119203,29-07-2021,13.957
119203,05-08-2021,13.958
119203,12-08-2021,13.9724
119203,19-08-2021,13.9288
119203,26-08-2021,13.9859
119203,02-09-2021,14.1425
119203,09-09-2021,14.2214
119203,16-09-2021,14.3053
119203,23-09-2021,14.3804
119203,30-09-2021,14.2273
119203,07-10-2021,14.1333
119203,14-10-2021,14.1158
119203,21-10-2021,14.0394
119203,28-10-2021,13.9255
119203,04-11-2021,13.7225
119203,11-11-2021,13.5802
119203,18-11-2021,13.5577
119203,25-11-2021,13.5556
119203,02-12-2021,13.475
119203,09-12-2021,13.4889
119203,16-12-2021,13.4475
119203,23-12-2021,13.5702
119203,30-12-2021,13.5581
119203,06-01-2022,13.6391
119203,13-01-2022,13.6667
119203,20-01-2022,13.5189
119203,27-01-2022,13.5145
119203,03-02-2022,13.3863
119203,10-02-2022,13.3801
119203,17-02-2022,13.3056
119203,24-02-2022,13.3516
119203,03-03-2022,13.2136
119203,10-03-2022,13.2204
119203,17-03-2022,13.2863
119203,24-03-2022,13.388
119203,31-03-2022,13.3115
119203,07-04-2022,13.3188
119203,14-04-2022,13.3437
119203,21-04-2022,13.5142
119203,28-04-2022,13.3595
119203,05-05-2022,13.2674
119203,12-05-2022,13.5704
119203,19-05-2022,13.5462
119203,26-05-2022,13.3467
119203,02-06-2022,13.2898
119203,09-06-2022,13.0007
119203,16-06-2022,13.031
119203,23-06-2022,13.1206
119203,30-06-2022,13.0302
119203,07-07-2022,12.9863
119203,14-07-2022,13.0875
119203,21-07-2022,12.9095
119203,28-07-2022,12.7781
119203,04-08-2022,12.7599
119203,11-08-2022,12.6882
119203,18-08-2022,12.6635
119203,25-08-2022,12.5405
119203,01-09-2022,12.567
119203,08-09-2022,12.5571
119203,15-09-2022,12.6173
119203,22-09-2022,12.6425
119203,29-09-2022,12.6685
119203,06-10-2022,12.527
119203,13-10-2022,12.5814
119203,20-10-2022,12.5531
119203,27-10-2022,12.5414
119203,03-11-2022,12.6516
119203,10-11-2022,12.5838
119203,17-11-2022,12.7249
119203,24-11-2022,12.877
119203,01-12-2022,12.9597
119203,08-12-2022,12.8632
119203,15-12-2022,12.6434
119203,22-12-2022,12.7576
119203,29-12-2022,12.774
119203,05-01-2023,12.703
119203,12-01-2023,12.8273
119203,19-01-2023,12.7441
119203,26-01-2023,12.7059
119203,02-02-2023,12.7643
119203,09-02-2023,12.6557
119203,16-02-2023,12.6497
119203,23-02-2023,12.765
119203,02-03-2023,12.7917
119203,09-03-2023,12.9244
119203,16-03-2023,13.0468
119203,23-03-2023,13.0528
119203,30-03-2023,12.814
119203,06-04-2023,12.7058
119203,13-04-2023,12.7885
119203,20-04-2023,12.635
119203,27-04-2023,12.607
119203,04-05-2023,12.6462
119203,11-05-2023,12.7999
119203,18-05-2023,12.7462
119203,25-05-2023,12.6857
119203,01-06-2023,12.6854
119203,08-06-2023,12.7261
119203,15-06-2023,12.7155
119203,22-06-2023,12.8273
119203,29-06-2023,12.7504
119203,06-07-2023,12.7678
119203,13-07-2023,12.8184
119203,20-07-2023,12.7825
119203,27-07-2023,12.8734
119203,03-08-2023,12.8939
119203,10-08-2023,12.9805
119203,17-08-2023,13.0058
119203,24-08-2023,13.0502
119203,31-08-2023,12.9894
119203,07-09-2023,12.929
119203,14-09-2023,13.0608
119203,21-09-2023,13.1325
119203,28-09-2023,13.0302
119203,05-10-2023,13.0543
119203,12-10-2023,12.8116
119203,19-10-2023,12.7579
119203,26-10-2023,12.8611
119203,02-11-2023,12.8534
119203,09-11-2023,12.8707
119203,16-11-2023,12.5652
119203,23-11-2023,12.5308
119203,30-11-2023,12.5697
119203,07-12-2023,12.6216
119203,14-12-2023,12.7238
119203,21-12-2023,12.7075
119203,28-12-2023,12.6957
119203,04-01-2024,12.5655
119203,11-01-2024,12.5499
119203,18-01-2024,12.4283
119203,25-01-2024,12.2496
119203,01-02-2024,12.1481
119203,08-02-2024,12.2996
119203,15-02-2024,12.2779
119203,22-02-2024,12.3044
119203,29-02-2024,12.2588
119203,07-03-2024,12.0881
119203,14-03-2024,12.1834
119203,21-03-2024,11.9766
119203,28-03-2024,11.9282
119203,04-04-2024,11.9278
119203,11-04-2024,11.9545
119203,18-04-2024,11.8899
119203,25-04-2024,11.7198
119203,02-05-2024,11.6494
119203,09-05-2024,11.5842
119203,16-05-2024,11.5172
119203,23-05-2024,11.6112
119203,30-05-2024,11.5031
119203,06-06-2024,11.5354
119203,13-06-2024,11.5547
119203,20-06-2024,11.6481
119203,27-06-2024,11.6403
119203,04-07-2024,11.7186
119203,11-07-2024,11.7072
119203,18-07-2024,11.7525
119203,25-07-2024,11.6159
118712,01-01-2015,9.7929
118712,08-01-2015,9.8264
118712,15-01-2015,9.8643
118712,22-01-2015,9.9057
118712,29-01-2015,9.8681
118712,05-02-2015,9.9896
118712,12-02-2015,9.9569
118712,19-02-2015,9.9944
118712,26-02-2015,10.0459
118712,05-03-2015,10.1881
118712,12-03-2015,10.1663
118712,19-03-2015,10.1173
118712,26-03-2015,10.0001
118712,02-04-2015,10.1282
118712,09-04-2015,10.1664
118712,16-04-2015,10.2074
118712,23-04-2015,10.4659
118712,30-04-2015,10.4973
118712,07-05-2015,10.3922
118712,14-05-2015,10.3801
118712,21-05-2015,10.3033
118712,28-05-2015,10.2747
118712,04-06-2015,10.2458
118712,11-06-2015,10.2017
118712,18-06-2015,10.0921
118712,25-06-2015,10.2247
118712,02-07-2015,10.2533
118712,09-07-2015,10.2389
118712,16-07-2015,10.305
118712,23-07-2015,10.348
118712,30-07-2015,10.3749
118712,06-08-2015,10.4359
118712,13-08-2015,10.4513
118712,20-08-2015,10.5115
118712,27-08-2015,10.5791
118712,03-09-2015,10.5971
118712,10-09-2015,10.5826
118712,17-09-2015,10.7164
118712,24-09-2015,10.6797
118712,01-10-2015,10.7174
118712,08-10-2015,10.7572
118712,15-10-2015,10.7091
118712,22-10-2015,10.6441
118712,29-10-2015,10.6183
118712,05-11-2015,10.5807
118712,12-11-2015,10.4615
118712,19-11-2015,10.4112
118712,26-11-2015,10.4375
118712,03-12-2015,10.5474
118712,10-12-2015,10.5984
118712,17-12-2015,10.3822
118712,24-12-2015,10.4396
118712,31-12-2015,10.3972
118712,07-01-2016,10.439
118712,14-01-2016,10.442
118712,21-01-2016,10.4301
118712,28-01-2016,10.4257
118712,04-02-2016,10.428
118712,11-02-2016,10.5444
118712,18-02-2016,10.5469
118712,25-02-2016,10.6427
118712,03-03-2016,10.727
118712,10-03-2016,10.7886
118712,17-03-2016,10.6387
118712,24-03-2016,10.738
118712,31-03-2016,10.7029
118712,07-04-2016,10.7685
118712,14-04-2016,10.689
118712,21-04-2016,10.592
118712,28-04-2016,10.7637
118712,05-05-2016,10.6856
118712,12-05-2016,10.7878
118712,19-05-2016,10.8023
118712,26-05-2016,10.7704
118712,02-06-2016,10.7708
118712,09-06-2016,10.663
118712,16-06-2016,10.6661
118712,23-06-2016,10.578
118712,30-06-2016,10.5487
118712,07-07-2016,10.631
118712,14-07-2016,10.6569
118712,21-07-2016,10.5348
118712,28-07-2016,10.6108
118712,04-08-2016,10.6144
118712,11-08-2016,10.5726
118712,18-08-2016,10.64
118712,25-08-2016,10.63
118712,01-09-2016,10.5352
118712,08-09-2016,10.6951
118712,15-09-2016,10.6979
118712,22-09-2016,10.6952
118712,29-09-2016,10.6649
118712,06-10-2016,10.7698
118712,13-10-2016,10.7289
118712,20-10-2016,10.6006
118712,27-10-2016,10.5472
118712,03-11-2016,10.6634
118712,10-11-2016,10.7387
118712,17-11-2016,10.7211
118712,24-11-2016,10.8431
118712,01-12-2016,10.9123
118712,08-12-2016,10.8934
118712,15-12-2016,10.8833
118712,22-12-2016,10.9164
118712,29-12-2016,10.8481
118712,05-01-2017,10.8528
118712,12-01-2017,10.8839
118712,19-01-2017,10.7414
118712,26-01-2017,10.7294
118712,02-02-2017,10.7077
118712,09-02-2017,10.8001
118712,16-02-2017,10.645
118712,23-02-2017,10.6168
118712,02-03-2017,10.5801
118712,09-03-2017,10.6656
118712,16-03-2017,10.6662
118712,23-03-2017,10.8237
118712,30-03-2017,10.8854
118712,06-04-2017,10.854
118712,13-04-2017,10.8791
118712,20-04-2017,10.8527
118712,27-04-2017,10.9316
118712,04-05-2017,10.8195
118712,11-05-2017,10.7525
118712,18-05-2017,10.796
118712,25-05-2017,10.9062
118712,01-06-2017,10.7184
118712,08-06-2017,10.8406
118712,15-06-2017,10.8328
118712,22-06-2017,10.6738
118712,29-06-2017,10.4218
118712,06-07-2017,10.2985
118712,13-07-2017,10.301
118712,20-07-2017,10.2996
118712,27-07-2017,10.3559
118712,03-08-2017,10.3146
118712,10-08-2017,10.2272
118712,17-08-2017,10.1975
118712,24-08-2017,10.2044
118712,31-08-2017,10.2273
118712,07-09-2017,10.1668
118712,14-09-2017,10.2442
118712,21-09-2017,10.1974
118712,28-09-2017,10.1305
118712,05-10-2017,10.0906
118712,12-10-2017,10.1814
118712,19-10-2017,10.1746
118712,26-10-2017,10.1222
118712,02-11-2017,10.2012
118712,09-11-2017,10.3802
118712,16-11-2017,10.4017
118712,23-11-2017,10.5086
118712,30-11-2017,10.5999
118712,07-12-2017,10.5528
118712,14-12-2017,10.5592
118712,21-12-2017,10.4551
118712,28-12-2017,10.4422
118712,04-01-2018,10.394
118712,11-01-2018,10.3647
118712,18-01-2018,10.3066
118712,25-01-2018,10.2871
118712,01-02-2018,10.335
118712,08-02-2018,10.3293
118712,15-02-2018,10.1793
118712,22-02-2018,10.1226
118712,01-03-2018,10.0037
118712,08-03-2018,10.0272
118712,15-03-2018,10.0716
118712,22-03-2018,10.0963
118712,29-03-2018,10.0367
118712,05-04-2018,10.0605
118712,12-04-2018,10.0267
118712,19-04-2018,9.9394
118712,26-04-2018,10.0024
118712,03-05-2018,10.0719
118712,10-05-2018,10.1524
118712,17-05-2018,10.107
118712,24-05-2018,10.2064
118712,31-05-2018,10.1702
118712,07-06-2018,10.2274
118712,14-06-2018,10.1897
118712,21-06-2018,10.1755
118712,28-06-2018,9.9825
118712,05-07-2018,9.9624
118712,12-07-2018,9.9736
118712,19-07-2018,9.9449
118712,26-07-2018,10.0886
118712,02-08-2018,9.9988
118712,09-08-2018,9.9577
118712,16-08-2018,9.8896
118712,23-08-2018,9.849
118712,30-08-2018,9.9342
118712,06-09-2018,10.0556
118712,13-09-2018,10.0033
118712,20-09-2018,9.9494
118712,27-09-2018,9.8613
118712,04-10-2018,9.9683
118712,11-10-2018,10.0617
118712,18-10-2018,10.0572
118712,25-10-2018,9.9489
118712,01-11-2018,9.8489
118712,08-11-2018,9.8662
118712,15-11-2018,9.9135
118712,22-11-2018,9.7537
118712,29-11-2018,9.7325
118712,06-12-2018,9.8624
118712,13-12-2018,9.8492
118712,20-12-2018,9.9705
118712,27-12-2018,10.0262
118712,03-01-2019,9.9433
118712,10-01-2019,9.924
118712,17-01-2019,9.9177
118712,24-01-2019,9.8461
118712,31-01-2019,9.7737
118712,07-02-2019,9.8954
118712,14-02-2019,9.822
118712,21-02-2019,9.9106
118712,28-02-2019,9.88
118712,07-03-2019,9.8819
118712,14-03-2019,9.9303
118712,21-03-2019,9.8867
118712,28-03-2019,9.9356
118712,04-04-2019,9.7769
118712,11-04-2019,9.8152
118712,18-04-2019,9.6253
118712,25-04-2019,9.6117
118712,02-05-2019,9.6812
118712,09-05-2019,9.7333
118712,16-05-2019,9.6361
118712,23-05-2019,9.5497
118712,30-05-2019,9.501
118712,06-06-2019,9.5189
118712,13-06-2019,9.368
118712,20-06-2019,9.3707
118712,27-06-2019,9.3978
118712,04-07-2019,9.3803
118712,11-07-2019,9.4235
118712,18-07-2019,9.4441
118712,25-07-2019,9.407
118712,01-08-2019,9.265
118712,08-08-2019,9.2786
118712,15-08-2019,9.2116
118712,22-08-2019,9.1727
118712,29-08-2019,9.2115
118712,05-09-2019,9.3196
118712,12-09-2019,9.3205
118712,19-09-2019,9.3655
118712,26-09-2019,9.2611
118712,03-10-2019,9.283
118712,10-10-2019,9.2822
118712,17-10-2019,9.3772
118712,24-10-2019,9.3404
118712,31-10-2019,9.3261
118712,07-11-2019,9.4088
118712,14-11-2019,9.4057
118712,21-11-2019,9.326
118712,28-11-2019,9.5201
118712,05-12-2019,9.4418
118712,12-12-2019,9.4406
118712,19-12-2019,9.4706
118712,26-12-2019,9.4947
118712,02-01-2020,9.4841
118712,09-01-2020,9.4738
118712,16-01-2020,9.4598
118712,23-01-2020,9.3791
118712,30-01-2020,9.5442
118712,06-02-2020,9.5313
118712,13-02-2020,9.5806
118712,20-02-2020,9.5588
118712,27-02-2020,9.5355
118712,05-03-2020,9.5045
118712,12-03-2020,9.3905
118712,19-03-2020,9.3822
118712,26-03-2020,9.3554
118712,02-04-2020,9.4468
118712,09-04-2020,9.3601
118712,16-04-2020,9.3207
118712,23-04-2020,9.2574
118712,30-04-2020,9.3679
118712,07-05-2020,9.3065
118712,14-05-2020,9.3521
118712,21-05-2020,9.4284
118712,28-05-2020,9.4212
118712,04-06-2020,9.3212
118712,11-06-2020,9.2232
118712,18-06-2020,9.2903
118712,25-06-2020,9.2004
118712,02-07-2020,9.2329
118712,09-07-2020,9.245
118712,16-07-2020,9.2766
118712,23-07-2020,9.3153
118712,30-07-2020,9.2495
118712,06-08-2020,9.181
118712,13-08-2020,9.2372
118712,20-08-2020,9.1944
118712,27-08-2020,8.9957
118712,03-09-2020,9.046
118712,10-09-2020,8.9747
118712,17-09-2020,9.0118
118712,24-09-2020,9.1158
118712,01-10-2020,9.1207
118712,08-10-2020,9.197
118712,15-10-2020,9.212
118712,22-10-2020,9.3327
118712,29-10-2020,9.2571
118712,05-11-2020,9.2602
118712,12-11-2020,9.3138
118712,19-11-2020,9.3033
118712,26-11-2020,9.3928
118712,03-12-2020,9.3641
118712,10-12-2020,9.5228
118712,17-12-2020,9.6883
118712,24-12-2020,9.714
118712,31-12-2020,9.7609
118712,07-01-2021,9.8578
118712,14-01-2021,9.7682
118712,21-01-2021,9.6695
118712,28-01-2021,9.7706
118712,04-02-2021,9.7959
118712,11-02-2021,9.7821
118712,18-02-2021,9.7869
118712,25-02-2021,9.604
118712,04-03-2021,9.5932
118712,11-03-2021,9.5392
118712,18-03-2021,9.6131
118712,25-03-2021,9.6935
118712,01-04-2021,9.7421
118712,08-04-2021,9.7768
118712,15-04-2021,9.6636
118712,22-04-2021,9.7131
118712,29-04-2021,9.7659
118712,06-05-2021,9.8671
118712,13-05-2021,10.0382
118712,20-05-2021,9.9063
118712,27-05-2021,9.8795
118712,03-06-2021,9.8248
118712,10-06-2021,9.8423
118712,17-06-2021,9.8473
118712,24-06-2021,9.8328
118712,01-07-2021,9.9175
118712,08-07-2021,9.8341
118712,15-07-2021,9.7561
118712,22-07-2021,9.6801
118712,29-07-2021,9.6561
118712,05-08-2021,9.565
118712,12-08-2021,9.5651
118712,19-08-2021,9.5563
118712,26-08-2021,9.5
118712,02-09-2021,9.5702
118712,09-09-2021,9.5695
118712,16-09-2021,9.6546
118712,23-09-2021,9.6434
118712,30-09-2021,9.6454
118712,07-10-2021,9.6059
118712,14-10-2021,9.6092
118712,21-10-2021,9.6678
118712,28-10-2021,9.6398
118712,04-11-2021,9.6837
118712,11-11-2021,9.6246
118712,18-11-2021,9.6869
118712,25-11-2021,9.6458
118712,02-12-2021,9.7154
118712,09-12-2021,9.724
118712,16-12-2021,9.8462
118712,23-12-2021,9.7592
118712,30-12-2021,9.6479
118712,06-01-2022,9.6042
118712,13-01-2022,9.5016
118712,20-01-2022,9.4003
118712,27-01-2022,9.4508
118712,03-02-2022,9.4543
118712,10-02-2022,9.4218
118712,17-02-2022,9.3964
118712,24-02-2022,9.3553
118712,03-03-2022,9.4825
118712,10-03-2022,9.4305
118712,17-03-2022,9.3346
118712,24-03-2022,9.3977
118712,31-03-2022,9.3853
118712,07-04-2022,9.5421
118712,14-04-2022,9.5057
118712,21-04-2022,9.5739
118712,28-04-2022,9.6606
118712,05-05-2022,9.6242
118712,12-05-2022,9.5708
118712,19-05-2022,9.6314
118712,26-05-2022,9.6796
118712,02-06-2022,9.5742
118712,09-06-2022,9.4916
118712,16-06-2022,9.3028
118712,23-06-2022,9.3508
118712,30-06-2022,9.335
118712,07-07-2022,9.3266
118712,14-07-2022,9.2041
118712,21-07-2022,9.127
118712,28-07-2022,9.0957
118712,04-08-2022,9.0504
118712,11-08-2022,9.0626
118712,18-08-2022,9.1085
118712,25-08-2022,9.2775
118712,01-09-2022,9.2798
118712,08-09-2022,9.3663
118712,15-09-2022,9.3078
118712,22-09-2022,9.1868
118712,29-09-2022,9.1646
118712,06-10-2022,9.0511
118712,13-10-2022,9.0558
118712,20-10-2022,9.0029
118712,27-10-2022,8.8658
118712,03-11-2022,8.9924
118712,10-11-2022,8.9574
118712,17-11-2022,8.8436
118712,24-11-2022,8.9107
118712,01-12-2022,8.8623
118712,08-12-2022,8.9431
118712,15-12-2022,8.8942
118712,22-12-2022,8.8593
118712,29-12-2022,8.8873
118712,05-01-2023,8.933
118712,12-01-2023,8.9915
118712,19-01-2023,8.9887
118712,26-01-2023,9.0303
118712,02-02-2023,9.0877
118712,09-02-2023,9.106
118712,16-02-2023,9.0992
118712,23-02-2023,8.9976
118712,02-03-2023,9.0444
118712,09-03-2023,9.051
118712,16-03-2023,9.0247
118712,23-03-2023,9.1206
118712,30-03-2023,9.02
118712,06-04-2023,9.1423
118712,13-04-2023,9.1443
118712,20-04-2023,9.1712
118712,27-04-2023,9.1459
118712,04-05-2023,9.0276
118712,11-05-2023,9.0211
118712,18-05-2023,9.0489
118712,25-05-2023,9.1014
118712,01-06-2023,9.0907
118712,08-06-2023,8.9348
118712,15-06-2023,8.8282
118712,22-06-2023,8.9767
118712,29-06-2023,8.9018
118712,06-07-2023,9.007
118712,13-07-2023,8.9433
118712,20-07-2023,8.9338
118712,27-07-2023,8.9821
118712,03-08-2023,8.9267
118712,10-08-2023,9.044
118712,17-08-2023,9.0531
118712,24-08-2023,9.0901
118712,31-08-2023,9.0743
118712,07-09-2023,9.1257
118712,14-09-2023,9.2446
118712,21-09-2023,9.2386
118712,28-09-2023,9.3702
118712,05-10-2023,9.3281
118712,12-10-2023,9.3888
118712,19-10-2023,9.4293
118712,26-10-2023,9.3525
118712,02-11-2023,9.3722
118712,09-11-2023,9.3765
118712,16-11-2023,9.3163
118712,23-11-2023,9.3467
118712,30-11-2023,9.3613
118712,07-12-2023,9.3597
118712,14-12-2023,9.3583
118712,21-12-2023,9.3553
118712,28-12-2023,9.3315
118712,04-01-2024,9.3457
118712,11-01-2024,9.3013
118712,18-01-2024,9.5027
118712,25-01-2024,9.3993
118712,01-02-2024,9.3591
118712,08-02-2024,9.325
118712,15-02-2024,9.4809
118712,22-02-2024,9.3846
118712,29-02-2024,9.4203
118712,07-03-2024,9.4428
118712,14-03-2024,9.4718
118712,21-03-2024,9.5693
118712,28-03-2024,9.6662
118712,04-04-2024,9.6352
118712,11-04-2024,9.654
118712,18-04-2024,9.5139
118712,25-04-2024,9.5252
118712,02-05-2024,9.4685
118712,09-05-2024,9.4582
118712,16-05-2024,9.3345
118712,23-05-2024,9.3684
118712,30-05-2024,9.245
118712,06-06-2024,9.2597
118712,13-06-2024,9.1725
118712,20-06-2024,9.1139
118712,27-06-2024,9.2017
118712,04-07-2024,9.2487
118712,11-07-2024,9.3374
118712,18-07-2024,9.4576
118712,25-07-2024,9.4029
120333,01-01-2015,10.1239
120333,08-01-2015,10.0093
120333,15-01-2015,10.073
120333,22-01-2015,10.0373
120333,29-01-2015,9.9666
120333,05-02-2015,10.0196
120333,12-02-2015,10.0993
120333,19-02-2015,10.1773
120333,26-02-2015,10.1989
120333,05-03-2015,10.2137
120333,12-03-2015,10.2609
120333,19-03-2015,10.2899
120333,26-03-2015,10.3386
120333,02-04-2015,10.3596
120333,09-04-2015,10.4336
120333,16-04-2015,10.3019
120333,23-04-2015,10.2952
120333,30-04-2015,10.1854
120333,07-05-2015,10.212
120333,14-05-2015,10.3502
120333,21-05-2015,10.3151
120333,28-05-2015,10.3297
120333,04-06-2015,10.3964
120333,11-06-2015,10.2286
120333,18-06-2015,10.1899
120333,25-06-2015,10.2237
120333,02-07-2015,9.9909
120333,09-07-2015,9.9168
120333,16-07-2015,10.0081
120333,23-07-2015,10.0924
120333,30-07-2015,10.1267
120333,06-08-2015,10.2022
120333,13-08-2015,10.2238
120333,20-08-2015,10.2733
120333,27-08-2015,10.2515
120333,03-09-2015,10.2651
120333,10-09-2015,10.2173
120333,17-09-2015,10.3246
120333,24-09-2015,10.4545
120333,01-10-2015,10.574
120333,08-10-2015,10.5438
120333,15-10-2015,10.4675
120333,22-10-2015,10.5786
120333,29-10-2015,10.6289
120333,05-11-2015,10.6611
120333,12-11-2015,10.6113
120333,19-11-2015,10.6517
120333,26-11-2015,10.5635
120333,03-12-2015,10.6213
120333,10-12-2015,10.7427
120333,17-12-2015,10.8872
120333,24-12-2015,10.9532
120333,31-12-2015,10.8365
120333,07-01-2016,10.858
120333,14-01-2016,11.0482
120333,21-01-2016,10.9758
120333,28-01-2016,10.975
120333,04-02-2016,11.1035
120333,11-02-2016,11.1628
120333,18-02-2016,11.3887
120333,25-02-2016,11.3265
120333,03-03-2016,11.2413
120333,10-03-2016,11.3559
120333,17-03-2016,11.2518
120333,24-03-2016,11.2386
120333,31-03-2016,11.2372
120333,07-04-2016,11.3348
120333,14-04-2016,11.3951
120333,21-04-2016,11.4413
120333,28-04-2016,11.409
120333,05-05-2016,11.5245
120333,12-05-2016,11.9003
120333,19-05-2016,11.9708
120333,26-05-2016,11.9852
120333,02-06-2016,11.8655
120333,09-06-2016,11.8098
120333,16-06-2016,11.7943
120333,23-06-2016,11.7486
120333,30-06-2016,11.7518
120333,07-07-2016,11.9236
120333,14-07-2016,12.0474
120333,21-07-2016,12.0369
120333,28-07-2016,11.9253
120333,04-08-2016,12.0577
120333,11-08-2016,12.0578
120333,18-08-2016,11.8961
120333,25-08-2016,11.9686
120333,01-09-2016,12.0716
120333,08-09-2016,11.8422
120333,15-09-2016,11.7688
120333,22-09-2016,11.7631
120333,29-09-2016,11.8369
120333,06-10-2016,11.7928
120333,13-10-2016,11.719
120333,20-10-2016,11.7919
120333,27-10-2016,11.7524
120333,03-11-2016,11.8081
120333,10-11-2016,11.7078
120333,17-11-2016,11.5858
120333,24-11-2016,11.6605
120333,01-12-2016,11.6887
120333,08-12-2016,11.7796
120333,15-12-2016,11.7341
120333,22-12-2016,11.6642
120333,29-12-2016,11.7958
120333,05-01-2017,11.6568
120333,12-01-2017,11.7782
120333,19-01-2017,11.9073
120333,26-01-2017,11.994
120333,02-02-2017,11.9328
120333,09-02-2017,11.8597
120333,16-02-2017,11.8445
120333,23-02-2017,11.7265
120333,02-03-2017,11.641
120333,09-03-2017,11.7057
120333,16-03-2017,11.7712
120333,23-03-2017,11.677
120333,30-03-2017,11.7449
120333,06-04-2017,11.7923
120333,13-04-2017,11.9394
120333,20-04-2017,11.9985
120333,27-04-2017,12.105
120333,04-05-2017,12.156
120333,11-05-2017,12.2562
120333,18-05-2017,12.1349
120333,25-05-2017,12.1279
120333,01-06-2017,12.129
120333,08-06-2017,12.1102
120333,15-06-2017,12.158
120333,22-06-2017,12.2246
120333,29-06-2017,12.2678
120333,06-07-2017,12.2554
120333,13-07-2017,12.1881
120333,20-07-2017,12.3
120333,27-07-2017,12.3393
120333,03-08-2017,12.2437
120333,10-08-2017,12.2296
120333,17-08-2017,12.064
120333,24-08-2017,12.0722
120333,31-08-2017,12.0579
120333,07-09-2017,12.0073
120333,14-09-2017,12.1643
120333,21-09-2017,12.0567
120333,28-09-2017,12.1296
120333,05-10-2017,12.3467
120333,12-10-2017,12.458
120333,19-10-2017,12.4598
120333,26-10-2017,12.3518
120333,02-11-2017,12.2221
120333,09-11-2017,12.1868
120333,16-11-2017,12.1247
120333,23-11-2017,12.0597
120333,30-11-2017,12.0331
120333,07-12-2017,12.028
120333,14-12-2017,12.0796
120333,21-12-2017,11.9648
120333,28-12-2017,11.9042
120333,04-01-2018,11.8938
120333,11-01-2018,11.88
120333,18-01-2018,12.0592
120333,25-01-2018,12.0865
120333,01-02-2018,11.9353
120333,08-02-2018,11.98
120333,15-02-2018,12.0371
120333,22-02-2018,12.0298
120333,01-03-2018,11.9179
120333,08-03-2018,12.0903
120333,15-03-2018,11.9916
120333,22-03-2018,12.0598
120333,29-03-2018,12.0839
120333,05-04-2018,12.1468
120333,12-04-2018,12.3176
120333,19-04-2018,12.3778
120333,26-04-2018,12.3275
120333,03-05-2018,12.4415
120333,10-05-2018,12.3836
120333,17-05-2018,12.4048
120333,24-05-2018,12.2814
120333,31-05-2018,12.1848
120333,07-06-2018,12.1947
120333,14-06-2018,12.2355
120333,21-06-2018,12.0738
120333,28-06-2018,12.1266
120333,05-07-2018,12.052
120333,12-07-2018,12.1802
120333,19-07-2018,12.1508
120333,26-07-2018,12.0464
120333,02-08-2018,12.0585
120333,09-08-2018,11.9749
120333,16-08-2018,12.1013
120333,23-08-2018,12.1062
120333,30-08-2018,12.0963
120333,06-09-2018,12.1585
120333,13-09-2018,12.0656
120333,20-09-2018,11.946
120333,27-09-2018,11.9898
120333,04-10-2018,11.8891
120333,11-10-2018,11.7892
120333,18-10-2018,11.8728
120333,25-10-2018,11.9275
120333,01-11-2018,11.8126
120333,08-11-2018,11.7588
120333,15-11-2018,11.6785
120333,22-11-2018,11.8491
120333,29-11-2018,11.9398
120333,06-12-2018,11.9043
120333,13-12-2018,11.964
120333,20-12-2018,11.839
120333,27-12-2018,11.78
120333,03-01-2019,11.7946
120333,10-01-2019,11.842
120333,17-01-2019,11.8375
120333,24-01-2019,11.8657
120333,31-01-2019,11.8779
120333,07-02-2019,11.8671
120333,14-02-2019,11.8437
120333,21-02-2019,11.8081
120333,28-02-2019,11.8347
120333,07-03-2019,11.8783
120333,14-03-2019,11.9019
120333,21-03-2019,11.7945
120333,28-03-2019,11.7049
120333,04-04-2019,11.747
120333,11-04-2019,11.89
120333,18-04-2019,11.9092
120333,25-04-2019,11.8748
120333,02-05-2019,11.9008
120333,09-05-2019,11.7973
120333,16-05-2019,11.9256
120333,23-05-2019,11.9482
120333,30-05-2019,11.889
120333,06-06-2019,11.8779
120333,13-06-2019,11.8325
120333,20-06-2019,11.9614
120333,27-06-2019,11.9468
120333,04-07-2019,11.9665
120333,11-07-2019,12.0262
120333,18-07-2019,11.9597
120333,25-07-2019,11.983
120333,01-08-2019,12.0141
120333,08-08-2019,11.8696
120333,15-08-2019,11.8983
120333,22-08-2019,11.8987
120333,29-08-2019,11.9159
120333,05-09-2019,11.924
120333,12-09-2019,11.9535
120333,19-09-2019,12.0862
120333,26-09-2019,11.977
120333,03-10-2019,11.949
120333,10-10-2019,12.0175
120333,17-10-2019,12.0685
120333,24-10-2019,12.1177
120333,31-10-2019,12.3895
120333,07-11-2019,12.4553
120333,14-11-2019,12.573
120333,21-11-2019,12.5471
120333,28-11-2019,12.4525
120333,05-12-2019,12.4262
120333,12-12-2019,12.5019
120333,19-12-2019,12.5476
120333,26-12-2019,12.5931
120333,02-01-2020,12.5765
120333,09-01-2020,12.544
120333,16-01-2020,12.5309
120333,23-01-2020,12.6086
120333,30-01-2020,12.6984
120333,06-02-2020,12.6013
120333,13-02-2020,12.6832
120333,20-02-2020,12.6222
120333,27-02-2020,12.6746
120333,05-03-2020,12.6602
120333,12-03-2020,12.8239
120333,19-03-2020,12.7861
120333,26-03-2020,12.8095
120333,02-04-2020,12.8768
120333,09-04-2020,12.7919
120333,16-04-2020,12.7896
120333,23-04-2020,12.7674
120333,30-04-2020,12.72
120333,07-05-2020,12.6804
120333,14-05-2020,12.7982
120333,21-05-2020,12.7421
120333,28-05-2020,12.8049
120333,04-06-2020,12.8423
120333,11-06-2020,12.7039
120333,18-06-2020,12.7617
120333,25-06-2020,12.6225
120333,02-07-2020,12.691
120333,09-07-2020,12.6446
120333,16-07-2020,12.6505
120333,23-07-2020,12.5245
120333,30-07-2020,12.5418
120333,06-08-2020,12.6398
120333,13-08-2020,12.5633
120333,20-08-2020,12.5073
120333,27-08-2020,12.5578
120333,03-09-2020,12.611
120333,10-09-2020,12.3705
120333,17-09-2020,12.5749
120333,24-09-2020,12.6331
120333,01-10-2020,12.7086
120333,08-10-2020,12.699
120333,15-10-2020,12.5156
120333,22-10-2020,12.5882
120333,29-10-2020,12.5363
120333,05-11-2020,12.5959
120333,12-11-2020,12.5789
120333,19-11-2020,12.6079
120333,26-11-2020,12.5347
120333,03-12-2020,12.6264
120333,10-12-2020,12.5114
120333,17-12-2020,12.7412
120333,24-12-2020,12.9744
120333,31-12-2020,13.1491
120333,07-01-2021,13.2885
120333,14-01-2021,13.2848
120333,21-01-2021,13.4141
120333,28-01-2021,13.4092
120333,04-02-2021,13.2479
120333,11-02-2021,13.4125
120333,18-02-2021,13.539
120333,25-02-2021,13.541
120333,04-03-2021,13.4137
120333,11-03-2021,13.3561
120333,18-03-2021,13.1669
120333,25-03-2021,13.2717
120333,01-04-2021,13.1068
120333,08-04-2021,13.1421
120333,15-04-2021,13.0587
120333,22-04-2021,12.9148
120333,29-04-2021,12.9446
120333,06-05-2021,12.9153
120333,13-05-2021,13.007
120333,20-05-2021,12.8803
120333,27-05-2021,12.8074
120333,03-06-2021,12.5679
120333,10-06-2021,12.3533
120333,17-06-2021,12.536
120333,24-06-2021,12.75
120333,01-07-2021,12.7645
120333,08-07-2021,12.6855
120333,15-07-2021,12.6603
120333,22-07-2021,12.7538
120333,29-07-2021,12.7064
120333,05-08-2021,12.7357
120333,12-08-2021,12.7395
120333,19-08-2021,12.6866
120333,26-08-2021,12.6383
120333,02-09-2021,12.673
120333,09-09-2021,12.579
120333,16-09-2021,12.6295
120333,23-09-2021,12.5869
120333,30-09-2021,12.6048
120333,07-10-2021,12.7494
120333,14-10-2021,12.7373
120333,21-10-2021,12.8361
120333,28-10-2021,12.6572
120333,04-11-2021,12.6147
120333,11-11-2021,12.6225
120333,18-11-2021,12.8218
120333,25-11-2021,12.6259
120333,02-12-2021,12.6212
120333,09-12-2021,12.7733
120333,16-12-2021,12.6982
120333,23-12-2021,12.6817
120333,30-12-2021,12.7204
120333,06-01-2022,12.7443
120333,13-01-2022,12.909
120333,20-01-2022,12.9605
120333,27-01-2022,13.1033
120333,03-02-2022,13.0708
120333,10-02-2022,12.9986
120333,17-02-2022,12.9804
120333,24-02-2022,12.8652
120333,03-03-2022,12.9201
120333,10-03-2022,12.8854
120333,17-03-2022,12.8213
120333,24-03-2022,12.8776
120333,31-03-2022,12.7649
120333,07-04-2022,12.8487
120333,14-04-2022,12.8046
120333,21-04-2022,12.9285
120333,28-04-2022,12.8931
120333,05-05-2022,12.9634
120333,12-05-2022,12.9872
120333,19-05-2022,13.0697
120333,26-05-2022,13.0864
120333,02-06-2022,12.9175
120333,09-06-2022,13.0269
120333,16-06-2022,13.023
120333,23-06-2022,13.1105
120333,30-06-2022,13.1881
120333,07-07-2022,13.1118
120333,14-07-2022,13.0211
120333,21-07-2022,13.0945
120333,28-07-2022,13.068
120333,04-08-2022,13.1711
120333,11-08-2022,13.1576
120333,18-08-2022,13.2706
120333,25-08-2022,13.3209
120333,01-09-2022,13.3569
120333,08-09-2022,13.3223
120333,15-09-2022,13.3524
120333,22-09-2022,13.4851
120333,29-09-2022,13.4847
120333,06-10-2022,13.5474
120333,13-10-2022,13.5578
120333,20-10-2022,13.5767
120333,27-10-2022,13.7694
120333,03-11-2022,13.9072
120333,10-11-2022,13.9216
120333,17-11-2022,13.9511
120333,24-11-2022,13.8783
120333,01-12-2022,13.8647
120333,08-12-2022,13.9046
120333,15-12-2022,14.0047
120333,22-12-2022,14.0943
120333,29-12-2022,13.9748
120333,05-01-2023,14.0897
120333,12-01-2023,14.0853
120333,19-01-2023,13.9797
120333,26-01-2023,14.1348
120333,02-02-2023,14.3059
120333,09-02-2023,14.3418
120333,16-02-2023,14.4288
120333,23-02-2023,14.5232
120333,02-03-2023,14.6912
120333,09-03-2023,14.7826
120333,16-03-2023,14.6315
120333,23-03-2023,14.8726
120333,30-03-2023,15.0054
120333,06-04-2023,14.9502
120333,13-04-2023,14.833
120333,20-04-2023,14.8989
120333,27-04-2023,14.8717
120333,04-05-2023,14.9169
120333,11-05-2023,15.0116
120333,18-05-2023,14.9495
120333,25-05-2023,14.822
120333,01-06-2023,14.8737
120333,08-06-2023,14.8162
120333,15-06-2023,14.8394
120333,22-06-2023,14.6859
120333,29-06-2023,14.6621
120333,06-07-2023,14.7519
120333,13-07-2023,14.8293
120333,20-07-2023,14.7417
120333,27-07-2023,14.6098
120333,03-08-2023,14.6175
120333,10-08-2023,14.689
120333,17-08-2023,14.7424
120333,24-08-2023,14.6879
120333,31-08-2023,14.7288
120333,07-09-2023,14.9117
120333,14-09-2023,14.9422
120333,21-09-2023,14.7529
120333,28-09-2023,14.7828
120333,05-10-2023,15.0304
120333,12-10-2023,14.8816
120333,19-10-2023,14.8911
120333,26-10-2023,14.8701
120333,02-11-2023,14.8875
120333,09-11-2023,14.9166
120333,16-11-2023,15.0586
120333,23-11-2023,15.0748
120333,30-11-2023,15.2349
120333,07-12-2023,15.2266
120333,14-12-2023,15.1901
120333,21-12-2023,15.1148
120333,28-12-2023,14.9012
120333,04-01-2024,14.94
120333,11-01-2024,15.1915
120333,18-01-2024,15.2532
120333,25-01-2024,15.3431
120333,01-02-2024,15.2986
120333,08-02-2024,15.2748
120333,15-02-2024,15.4012
120333,22-02-2024,15.6549
120333,29-02-2024,15.8475
120333,07-03-2024,15.9559
120333,14-03-2024,15.9668
120333,21-03-2024,15.9999
120333,28-03-2024,15.9099
120333,04-04-2024,15.7319
120333,11-04-2024,15.5964
120333,18-04-2024,15.6089
120333,25-04-2024,15.5787
120333,02-05-2024,15.4018
120333,09-05-2024,15.4033
120333,16-05-2024,15.3702
120333,23-05-2024,15.2322
120333,30-05-2024,15.1932
120333,06-06-2024,15.1602
120333,13-06-2024,15.0915
120333,20-06-2024,15.2094
120333,27-06-2024,14.984
120333,04-07-2024,14.7519
120333,11-07-2024,14.7582
120333,18-07-2024,14.7755
120333,25-07-2024,14.8291
119644,01-01-2015,9.9609
119644,08-01-2015,9.8917
119644,15-01-2015,9.8951
119644,22-01-2015,9.8641
119644,29-01-2015,9.9904
119644,05-02-2015,9.9685
119644,12-02-2015,9.9683
119644,19-02-2015,10.1697
119644,26-02-2015,10.1579
119644,05-03-2015,10.2071
119644,12-03-2015,10.264
119644,19-03-2015,10.3282
119644,26-03-2015,10.3562
119644,02-04-2015,10.3764
119644,09-04-2015,10.3889
119644,16-04-2015,10.3452
119644,23-04-2015,10.3763
119644,30-04-2015,10.5488
119644,07-05-2015,10.6552
119644,14-05-2015,10.6854
119644,21-05-2015,10.7628
119644,28-05-2015,10.6923
119644,04-06-2015,10.6743
119644,11-06-2015,10.7595
119644,18-06-2015,10.8918
119644,25-06-2015,10.829
119644,02-07-2015,10.7914
119644,09-07-2015,10.984
119644,16-07-2015,10.9969
119644,23-07-2015,11.1617
119644,30-07-2015,11.1846
119644,06-08-2015,11.2111
119644,13-08-2015,11.1882
119644,20-08-2015,11.2771
119644,27-08-2015,11.4041
119644,03-09-2015,11.3142
119644,10-09-2015,11.2868
119644,17-09-2015,11.374
119644,24-09-2015,11.3667
119644,01-10-2015,11.3264
119644,08-10-2015,11.4224
119644,15-10-2015,11.5278
119644,22-10-2015,11.491
119644,29-10-2015,11.5151
119644,05-11-2015,11.4084
119644,12-11-2015,11.3312
119644,19-11-2015,11.347
119644,26-11-2015,11.3544
119644,03-12-2015,11.2711
119644,10-12-2015,11.2111
119644,17-12-2015,11.12
119644,24-12-2015,11.1649
119644,31-12-2015,10.9937
119644,07-01-2016,10.9091
119644,14-01-2016,10.7509
119644,21-01-2016,10.7912
119644,28-01-2016,10.6399
119644,04-02-2016,10.6469
119644,11-02-2016,10.7908
119644,18-02-2016,10.9395
119644,25-02-2016,10.7859
119644,03-03-2016,10.8159
119644,10-03-2016,10.7347
119644,17-03-2016,10.6365
119644,24-03-2016,10.6311
119644,31-03-2016,10.7398
119644,07-04-2016,10.7956
119644,14-04-2016,10.7382
119644,21-04-2016,10.8031
119644,28-04-2016,10.6135
119644,05-05-2016,10.5538
119644,12-05-2016,10.4884
119644,19-05-2016,10.4992
119644,26-05-2016,10.4864
119644,02-06-2016,10.4787
119644,09-06-2016,10.4682
119644,16-06-2016,10.4743
119644,23-06-2016,10.5238
119644,30-06-2016,10.5405
119644,07-07-2016,10.5208
119644,14-07-2016,10.5588
119644,21-07-2016,10.6328
119644,28-07-2016,10.5898
119644,04-08-2016,10.589
119644,11-08-2016,10.6916
119644,18-08-2016,10.6016
119644,25-08-2016,10.7589
119644,01-09-2016,10.6479
119644,08-09-2016,10.6228
119644,15-09-2016,10.5463
119644,22-09-2016,10.7351
119644,29-09-2016,10.6962
119644,06-10-2016,10.6576
119644,13-10-2016,10.6302
119644,20-10-2016,10.6426
119644,27-10-2016,10.6189
119644,03-11-2016,10.6119
119644,10-11-2016,10.3165
119644,17-11-2016,10.3253
119644,24-11-2016,10.3309
119644,01-12-2016,10.4209
119644,08-12-2016,10.5342
119644,15-12-2016,10.5226
119644,22-12-2016,10.5955
119644,29-12-2016,10.5064
119644,05-01-2017,10.5751
119644,12-01-2017,10.5309
119644,19-01-2017,10.4353
119644,26-01-2017,10.424
119644,02-02-2017,10.5449
119644,09-02-2017,10.5644
119644,16-02-2017,10.6951
119644,23-02-2017,10.6353
119644,02-03-2017,10.7287
119644,09-03-2017,10.6771
119644,16-03-2017,10.7006
119644,23-03-2017,10.7234
119644,30-03-2017,10.7844
119644,06-04-2017,10.8104
119644,13-04-2017,10.7508
119644,20-04-2017,10.8308
119644,27-04-2017,10.9852
119644,04-05-2017,10.9383
119644,11-05-2017,10.782
119644,18-05-2017,10.8294
119644,25-05-2017,10.8051
119644,01-06-2017,10.7981
119644,08-06-2017,10.8504
119644,15-06-2017,10.8151
119644,22-06-2017,10.7962
119644,29-06-2017,10.7919
119644,06-07-2017,10.9231
119644,13-07-2017,10.9301
119644,20-07-2017,10.8264
119644,27-07-2017,10.7272
119644,03-08-2017,10.7434
119644,10-08-2017,10.6506
119644,17-08-2017,10.5218
119644,24-08-2017,10.5795
119644,31-08-2017,10.6416
119644,07-09-2017,10.6146
119644,14-09-2017,10.6437
119644,21-09-2017,10.664
119644,28-09-2017,10.7197
119644,05-10-2017,10.7758
119644,12-10-2017,10.5555
119644,19-10-2017,10.5394
119644,26-10-2017,10.5873
119644,02-11-2017,10.5568
119644,09-11-2017,10.564
119644,16-11-2017,10.6317
119644,23-11-2017,10.6428
119644,30-11-2017,10.7755
119644,07-12-2017,10.877
119644,14-12-2017,10.871
119644,21-12-2017,10.8581
119644,28-12-2017,10.6149
119644,04-01-2018,10.5914
119644,11-01-2018,10.481
119644,18-01-2018,10.5037
119644,25-01-2018,10.5207
119644,01-02-2018,10.5835
119644,08-02-2018,10.706
119644,15-02-2018,10.708
119644,22-02-2018,10.9077
119644,01-03-2018,10.9323
119644,08-03-2018,10.8221
119644,15-03-2018,10.7778
119644,22-03-2018,10.7499
119644,29-03-2018,10.8052
119644,05-04-2018,10.7276
119644,12-04-2018,10.7063
119644,19-04-2018,10.6968
119644,26-04-2018,10.6627
119644,03-05-2018,10.7362
119644,10-05-2018,10.7956
119644,17-05-2018,10.9007
119644,24-05-2018,10.8762
119644,31-05-2018,10.9851
119644,07-06-2018,10.8697
119644,14-06-2018,10.7533
119644,21-06-2018,10.6532
119644,28-06-2018,10.6582
119644,05-07-2018,10.765
119644,12-07-2018,10.7174
119644,19-07-2018,10.6809
119644,26-07-2018,10.6667
119644,02-08-2018,10.7198
119644,09-08-2018,10.6832
119644,16-08-2018,10.6418
119644,23-08-2018,10.5316
119644,30-08-2018,10.4876
119644,06-09-2018,10.5906
119644,13-09-2018,10.6025
119644,20-09-2018,10.544
119644,27-09-2018,10.6525
119644,04-10-2018,10.6069
119644,11-10-2018,10.7316
119644,18-10-2018,10.8564
119644,25-10-2018,10.8656
119644,01-11-2018,10.7397
119644,08-11-2018,10.9407
119644,15-11-2018,10.979
119644,22-11-2018,10.9549
119644,29-11-2018,11.0431
119644,06-12-2018,11.1096
119644,13-12-2018,11.2305
119644,20-12-2018,11.1755
119644,27-12-2018,11.2085
119644,03-01-2019,11.1066
119644,10-01-2019,11.1703
119644,17-01-2019,11.1727
119644,24-01-2019,11.2023
119644,31-01-2019,11.1936
119644,07-02-2019,11.1756
119644,14-02-2019,11.1025
119644,21-02-2019,11.1771
119644,28-02-2019,11.3148
119644,07-03-2019,11.2689
119644,14-03-2019,11.3233
119644,21-03-2019,11.367
119644,28-03-2019,11.3723
119644,04-04-2019,11.238
119644,11-04-2019,11.1254
119644,18-04-2019,11.0604
119644,25-04-2019,10.8755
119644,02-05-2019,11.0024
119644,09-05-2019,11.0392
119644,16-05-2019,11.0409
119644,23-05-2019,10.8519
119644,30-05-2019,10.6979
119644,06-06-2019,10.702
119644,13-06-2019,10.875
119644,20-06-2019,10.8185
119644,27-06-2019,10.8976
119644,04-07-2019,10.8601
119644,11-07-2019,10.8693
119644,18-07-2019,10.9792
119644,25-07-2019,10.9532
119644,01-08-2019,10.8972
119644,08-08-2019,11.0251
119644,15-08-2019,11.0336
119644,22-08-2019,11.1343
119644,29-08-2019,11.0777
119644,05-09-2019,11.2068
119644,12-09-2019,11.2358
119644,19-09-2019,11.2794
119644,26-09-2019,11.2958
119644,03-10-2019,11.2546
119644,10-10-2019,11.259
119644,17-10-2019,11.2236
119644,24-10-2019,11.3143
119644,31-10-2019,11.3004
119644,07-11-2019,11.1696
119644,14-11-2019,11.024
119644,21-11-2019,10.8762
119644,28-11-2019,10.9343
119644,05-12-2019,10.8379
119644,12-12-2019,10.8683
119644,19-12-2019,10.8845
119644,26-12-2019,10.8832
119644,02-01-2020,10.9258
119644,09-01-2020,10.944
119644,16-01-2020,10.7111
119644,23-01-2020,10.6876
119644,30-01-2020,10.7283
119644,06-02-2020,10.8733
119644,13-02-2020,11.0244
119644,20-02-2020,10.9086
119644,27-02-2020,10.8824
119644,05-03-2020,10.7504
119644,12-03-2020,10.8854
119644,19-03-2020,10.978
119644,26-03-2020,11.0132
119644,02-04-2020,11.0322
119644,09-04-2020,11.1585
119644,16-04-2020,11.2711
119644,23-04-2020,11.38
119644,30-04-2020,11.4261
119644,07-05-2020,11.3988
119644,14-05-2020,11.4733
119644,21-05-2020,11.5528
119644,28-05-2020,11.5398
119644,04-06-2020,11.512
119644,11-06-2020,11.621
119644,18-06-2020,11.7803
119644,25-06-2020,11.7144
119644,02-07-2020,11.6944
119644,09-07-2020,11.7319
119644,16-07-2020,11.7823
119644,23-07-2020,11.7378
119644,30-07-2020,11.9193
119644,06-08-2020,11.9643
119644,13-08-2020,12.02
119644,20-08-2020,12.1939
119644,27-08-2020,12.155
119644,03-09-2020,12.1513
119644,10-09-2020,12.0343
119644,17-09-2020,12.0225
119644,24-09-2020,11.8841
119644,01-10-2020,11.96
119644,08-10-2020,12.0049
119644,15-10-2020,11.9831
119644,22-10-2020,11.9783
119644,29-10-2020,12.056
119644,05-11-2020,11.9513
119644,12-11-2020,11.9756
119644,19-11-2020,12.0474
119644,26-11-2020,11.8805
119644,03-12-2020,11.9503
119644,10-12-2020,11.7951
119644,17-12-2020,11.7887
119644,24-12-2020,11.6837
119644,31-12-2020,11.8221
119644,07-01-2021,11.7174
119644,14-01-2021,11.5674
119644,21-01-2021,11.5844
119644,28-01-2021,11.5507
119644,04-02-2021,11.4163
119644,11-02-2021,11.4689
119644,18-02-2021,11.2907
119644,25-02-2021,11.2016
119644,04-03-2021,11.1546
119644,11-03-2021,11.2306
119644,18-03-2021,11.3515
119644,25-03-2021,11.4562
119644,01-04-2021,11.4467
119644,08-04-2021,11.229
119644,15-04-2021,11.2686
119644,22-04-2021,11.4057
119644,29-04-2021,11.5229
119644,06-05-2021,11.5701
119644,13-05-2021,11.4647
119644,20-05-2021,11.4211
119644,27-05-2021,11.6023
119644,03-06-2021,11.4755
119644,10-06-2021,11.3747
119644,17-06-2021,11.465
119644,24-06-2021,11.43
119644,01-07-2021,11.3266
119644,08-07-2021,11.4695
119644,15-07-2021,11.5164
119644,22-07-2021,11.4859
119644,29-07-2021,11.3852
119644,05-08-2021,11.5762
119644,12-08-2021,11.5786
119644,19-08-2021,11.7126
119644,26-08-2021,11.8011
119644,02-09-2021,11.7566
119644,09-09-2021,11.7131
119644,16-09-2021,11.8533
119644,23-09-2021,11.9967
119644,30-09-2021,11.8214
119644,07-10-2021,11.8781
119644,14-10-2021,11.8713
119644,21-10-2021,11.7779
119644,28-10-2021,11.8073
119644,04-11-2021,11.6845
119644,11-11-2021,11.6456
119644,18-11-2021,11.5759
119644,25-11-2021,11.5342
119644,02-12-2021,11.5323
119644,09-12-2021,11.4432
119644,16-12-2021,11.5918
119644,23-12-2021,11.6421
119644,30-12-2021,11.8139
119644,06-01-2022,11.8035
119644,13-01-2022,11.7564
119644,20-01-2022,11.9265
119644,27-01-2022,11.8761
119644,03-02-2022,11.864
119644,10-02-2022,11.937
119644,17-02-2022,11.8236
119644,24-02-2022,11.8956
119644,03-03-2022,11.9559
119644,10-03-2022,12.0821
119644,17-03-2022,12.1729
119644,24-03-2022,12.3044
119644,31-03-2022,12.2985
119644,07-04-2022,12.2185
119644,14-04-2022,12.4296
119644,21-04-2022,12.2828
119644,28-04-2022,12.1475
119644,05-05-2022,12.2073
119644,12-05-2022,12.3709
119644,19-05-2022,12.3946
119644,26-05-2022,12.4987
119644,02-06-2022,12.3041
119644,09-06-2022,12.2598
119644,16-06-2022,12.081
119644,23-06-2022,12.1612
119644,30-06-2022,12.0155
119644,07-07-2022,11.8975
119644,14-07-2022,11.9512
119644,21-07-2022,12.0575
119644,28-07-2022,12.047
119644,04-08-2022,12.1068
119644,11-08-2022,12.1637
119644,18-08-2022,12.1476
119644,25-08-2022,12.0461
119644,01-09-2022,12.1053
119644,08-09-2022,12.1695
119644,15-09-2022,12.2615
119644,22-09-2022,12.297
119644,29-09-2022,12.1869
119644,06-10-2022,12.2591
119644,13-10-2022,12.2639
119644,20-10-2022,12.2214
119644,27-10-2022,12.1975
119644,03-11-2022,12.135
119644,10-11-2022,12.2262
119644,17-11-2022,12.0924
119644,24-11-2022,12.0011
119644,01-12-2022,11.9743
119644,08-12-2022,12.1337
119644,15-12-2022,12.2409
119644,22-12-2022,12.0851
119644,29-12-2022,12.2206
119644,05-01-2023,12.3574
119644,12-01-2023,12.2463
119644,19-01-2023,12.0042
119644,26-01-2023,12.002
119644,02-02-2023,12.1146
119644,09-02-2023,12.2737
119644,16-02-2023,12.1931
119644,23-02-2023,12.3688
119644,02-03-2023,12.1533
119644,09-03-2023,12.1224
119644,16-03-2023,12.0868
119644,23-03-2023,12.2031
119644,30-03-2023,12.3347
119644,06-04-2023,12.4338
119644,13-04-2023,12.3044
119644,20-04-2023,12.3942
119644,27-04-2023,12.4497
119644,04-05-2023,12.2882
119644,11-05-2023,12.0899
119644,18-05-2023,12.1951
119644,25-05-2023,12.1825
119644,01-06-2023,12.0621
119644,08-06-2023,12.0468
119644,15-06-2023,12.0867
119644,22-06-2023,12.0835
119644,29-06-2023,11.9383
119644,06-07-2023,12.1232
119644,13-07-2023,12.2254
119644,20-07-2023,12.1975
119644,27-07-2023,12.1736
119644,03-08-2023,12.2135
119644,10-08-2023,12.108
119644,17-08-2023,12.1441
119644,24-08-2023,12.0197
119644,31-08-2023,12.0177
119644,07-09-2023,11.9102
119644,14-09-2023,11.8084
119644,21-09-2023,11.9686
119644,28-09-2023,11.979
119644,05-10-2023,12.0037
119644,12-10-2023,11.8154
119644,19-10-2023,11.7637
119644,26-10-2023,11.8118
119644,02-11-2023,11.8348
119644,09-11-2023,11.6356
119644,16-11-2023,11.6596
119644,23-11-2023,11.6984
119644,30-11-2023,11.8232
119644,07-12-2023,11.766
119644,14-12-2023,11.5597
119644,21-12-2023,11.4721
119644,28-12-2023,11.376
119644,04-01-2024,11.4476
119644,11-01-2024,11.2034
119644,18-01-2024,11.1677
119644,25-01-2024,11.2995
119644,01-02-2024,11.3047
119644,08-02-2024,11.3903
119644,15-02-2024,11.2452
119644,22-02-2024,11.1056
119644,29-02-2024,11.2378
119644,07-03-2024,11.2514
119644,14-03-2024,11.2651
119644,21-03-2024,11.1689
119644,28-03-2024,11.1824
119644,04-04-2024,11.0843
119644,11-04-2024,11.194
119644,18-04-2024,11.4428
119644,25-04-2024,11.4916
119644,02-05-2024,11.4379
119644,09-05-2024,11.2106
119644,16-05-2024,11.064
119644,23-05-2024,11.2061
119644,30-05-2024,11.1183
119644,06-06-2024,11.0897
119644,13-06-2024,11.1523
119644,20-06-2024,11.289
119644,27-06-2024,11.2755
119644,04-07-2024,11.2435
119644,11-07-2024,11.2545
119644,18-07-2024,11.2025
119644,25-07-2024,11.1555
118890,01-01-2015,10.037
118890,08-01-2015,10.0558
118890,15-01-2015,10.2313
118890,22-01-2015,10.2714
118890,29-01-2015,10.3701
118890,05-02-2015,10.2853
118890,12-02-2015,10.3327
118890,19-02-2015,10.277
118890,26-02-2015,10.3137
118890,05-03-2015,10.3746
118890,12-03-2015,10.3829
118890,19-03-2015,10.587
118890,26-03-2015,10.7122
118890,02-04-2015,10.8173
118890,09-04-2015,10.8878
118890,16-04-2015,11.0458
118890,23-04-2015,10.9232
118890,30-04-2015,11.0473
118890,07-05-2015,10.9641
118890,14-05-2015,10.919
118890,21-05-2015,10.9724
118890,28-05-2015,11.0851
118890,04-06-2015,10.9872
118890,11-06-2015,10.9465
118890,18-06-2015,10.9594
118890,25-06-2015,10.9475
118890,02-07-2015,11.0267
118890,09-07-2015,11.3342
118890,16-07-2015,11.3767
118890,23-07-2015,11.3144
118890,30-07-2015,11.2015
118890,06-08-2015,11.1769
118890,13-08-2015,11.0973
118890,20-08-2015,11.1432
118890,27-08-2015,11.188
118890,03-09-2015,11.151
118890,10-09-2015,11.3325
118890,17-09-2015,11.2704
118890,24-09-2015,11.2641
118890,01-10-2015,11.3262
118890,08-10-2015,11.4116
118890,15-10-2015,11.5328
118890,22-10-2015,11.5769
118890,29-10-2015,11.6789
118890,05-11-2015,11.6214
118890,12-11-2015,11.7114
118890,19-11-2015,11.8009
118890,26-11-2015,11.9484
118890,03-12-2015,11.7937
118890,10-12-2015,11.7128
118890,17-12-2015,11.7947
118890,24-12-2015,11.5492
118890,31-12-2015,11.5993
118890,07-01-2016,11.7023
118890,14-01-2016,11.653
118890,21-01-2016,11.6175
118890,28-01-2016,11.5224
118890,04-02-2016,11.4789
118890,11-02-2016,11.4383
118890,18-02-2016,11.3803
118890,25-02-2016,11.3177
118890,03-03-2016,11.2977
118890,10-03-2016,11.2767
118890,17-03-2016,11.4502
118890,24-03-2016,11.4187
118890,31-03-2016,11.4547
118890,07-04-2016,11.4064
118890,14-04-2016,11.3572
118890,21-04-2016,11.2069
118890,28-04-2016,11.0705
118890,05-05-2016,10.968
118890,12-05-2016,10.9885
118890,19-05-2016,11.0875
118890,26-05-2016,10.9335
118890,02-06-2016,10.8898
118890,09-06-2016,10.7751
118890,16-06-2016,10.7566
118890,23-06-2016,10.8535
118890,30-06-2016,10.819
118890,07-07-2016,10.8193
118890,14-07-2016,10.9495
118890,21-07-2016,10.994
118890,28-07-2016,10.9316
118890,04-08-2016,10.9498
118890,11-08-2016,10.8817
118890,18-08-2016,10.9227
118890,25-08-2016,10.9721
118890,01-09-2016,10.8565
118890,08-09-2016,10.876
118890,15-09-2016,10.8702
118890,22-09-2016,10.9219
118890,29-09-2016,10.9989
118890,06-10-2016,11.0453
118890,13-10-2016,11.0229
118890,20-10-2016,11.1096
118890,27-10-2016,11.0365
118890,03-11-2016,10.9243
118890,10-11-2016,10.6494
118890,17-11-2016,10.6477
118890,24-11-2016,10.582
118890,01-12-2016,10.6199
118890,08-12-2016,10.4567
118890,15-12-2016,10.4067
118890,22-12-2016,10.45
118890,29-12-2016,10.3681
118890,05-01-2017,10.4062
118890,12-01-2017,10.364
118890,19-01-2017,10.3654
118890,26-01-2017,10.4189
118890,02-02-2017,10.5025
118890,09-02-2017,10.5145
118890,16-02-2017,10.4502
118890,23-02-2017,10.4161
118890,02-03-2017,10.4733
118890,09-03-2017,10.392
118890,16-03-2017,10.3813
118890,23-03-2017,10.3534
118890,30-03-2017,10.349
118890,06-04-2017,10.2696
118890,13-04-2017,10.1215
118890,20-04-2017,10.1677
118890,27-04-2017,10.2502
118890,04-05-2017,10.1074
118890,11-05-2017,10.1412
118890,18-05-2017,10.2332
118890,25-05-2017,10.2861
118890,01-06-2017,10.2559
118890,08-06-2017,10.1826
118890,15-06-2017,10.1932
118890,22-06-2017,10.2175
118890,29-06-2017,10.2295
118890,06-07-2017,10.2188
118890,13-07-2017,10.1344
118890,20-07-2017,10.1727
118890,27-07-2017,10.2151
118890,03-08-2017,10.2356
118890,10-08-2017,10.2488
118890,17-08-2017,10.3906
118890,24-08-2017,10.3428
118890,31-08-2017,10.453
118890,07-09-2017,10.3958
118890,14-09-2017,10.4922
118890,21-09-2017,10.5999
118890,28-09-2017,10.5793
118890,05-10-2017,10.7241
118890,12-10-2017,10.7686
118890,19-10-2017,10.6973
118890,26-10-2017,10.6696
118890,02-11-2017,10.7706
118890,09-11-2017,10.8544
118890,16-11-2017,10.7669
118890,23-11-2017,10.7592
118890,30-11-2017,10.781
118890,07-12-2017,10.7415
118890,14-12-2017,10.9484
118890,21-12-2017,10.9733
118890,28-12-2017,10.9722
118890,04-01-2018,11.0812
118890,11-01-2018,11.0532
118890,18-01-2018,11.1467
118890,25-01-2018,11.0025
118890,01-02-2018,10.9669
118890,08-02-2018,11.0634
118890,15-02-2018,11.2068
118890,22-02-2018,11.1419
118890,01-03-2018,11.0671
118890,08-03-2018,11.1217
118890,15-03-2018,11.0707
118890,22-03-2018,11.0514
118890,29-03-2018,11.1333
118890,05-04-2018,11.0893
118890,12-04-2018,10.9194
118890,19-04-2018,10.8101
118890,26-04-2018,10.8153
118890,03-05-2018,10.6583
118890,10-05-2018,10.6373
118890,17-05-2018,10.5231
118890,24-05-2018,10.6653
118890,31-05-2018,10.8543
118890,07-06-2018,10.7668
118890,14-06-2018,10.7932
118890,21-06-2018,10.7146
118890,28-06-2018,10.6924
118890,05-07-2018,10.8509
118890,12-07-2018,10.8147
118890,19-07-2018,10.7943
118890,26-07-2018,10.7172
118890,02-08-2018,10.8198
118890,09-08-2018,10.5417
118890,16-08-2018,10.5085
118890,23-08-2018,10.5089
118890,30-08-2018,10.4575
118890,06-09-2018,10.5339
118890,13-09-2018,10.6395
118890,20-09-2018,10.5235
118890,27-09-2018,10.704
118890,04-10-2018,10.5864
118890,11-10-2018,10.6998
118890,18-10-2018,10.7169
118890,25-10-2018,10.678
118890,01-11-2018,10.6473
118890,08-11-2018,10.6487
118890,15-11-2018,10.6707
118890,22-11-2018,10.5964
118890,29-11-2018,10.5808
118890,06-12-2018,10.5198
118890,13-12-2018,10.4218
118890,20-12-2018,10.3578
118890,27-12-2018,10.2666
118890,03-01-2019,10.2362
118890,10-01-2019,10.2757
118890,17-01-2019,10.2898
118890,24-01-2019,10.4564
118890,31-01-2019,10.2757
118890,07-02-2019,10.3184
118890,14-02-2019,10.323
118890,21-02-2019,10.3945
118890,28-02-2019,10.4583
118890,07-03-2019,10.4487
118890,14-03-2019,10.4673
118890,21-03-2019,10.4091
118890,28-03-2019,10.4644
118890,04-04-2019,10.3113
118890,11-04-2019,10.3795
118890,18-04-2019,10.3817
118890,25-04-2019,10.3454
118890,02-05-2019,10.3303
118890,09-05-2019,10.3213
118890,16-05-2019,10.4326
118890,23-05-2019,10.7066
118890,30-05-2019,10.8154
118890,06-06-2019,10.7708
118890,13-06-2019,10.8294
118890,20-06-2019,10.892
118890,27-06-2019,10.8158
118890,04-07-2019,10.711
118890,11-07-2019,10.7099
118890,18-07-2019,10.7833
118890,25-07-2019,10.6486
118890,01-08-2019,10.5915
118890,08-08-2019,10.6442
118890,15-08-2019,10.652
118890,22-08-2019,10.777
118890,29-08-2019,10.6596
118890,05-09-2019,10.8645
118890,12-09-2019,10.7351
118890,19-09-2019,10.5652
118890,26-09-2019,10.5644
118890,03-10-2019,10.4727
118890,10-10-2019,10.4737
118890,17-10-2019,10.4717
118890,24-10-2019,10.4595
118890,31-10-2019,10.3932
118890,07-11-2019,10.4333
118890,14-11-2019,10.411
118890,21-11-2019,10.5071
118890,28-11-2019,10.4961
118890,05-12-2019,10.4193
118890,12-12-2019,10.2828
118890,19-12-2019,10.2728
118890,26-12-2019,10.1726
118890,02-01-2020,10.0668
118890,09-01-2020,10.1133
118890,16-01-2020,9.9735
118890,23-01-2020,10.0902
118890,30-01-2020,10.1071
118890,06-02-2020,10.1076
118890,13-02-2020,10.028
118890,20-02-2020,10.0933
118890,27-02-2020,10.0971
118890,05-03-2020,10.0457
118890,12-03-2020,10.0658
118890,19-03-2020,9.9343
118890,26-03-2020,9.8083
118890,02-04-2020,9.7243
118890,09-04-2020,9.7554
118890,16-04-2020,9.7591
118890,23-04-2020,9.8449
118890,30-04-2020,9.7764
118890,07-05-2020,9.8252
118890,14-05-2020,9.8202
118890,21-05-2020,9.75
118890,28-05-2020,9.784
118890,04-06-2020,9.7827
118890,11-06-2020,9.7374
118890,18-06-2020,9.7446
118890,25-06-2020,9.7384
118890,02-07-2020,9.7303
118890,09-07-2020,9.7021
118890,16-07-2020,9.6047
118890,23-07-2020,9.6143
118890,30-07-2020,9.5564
118890,06-08-2020,9.4822
118890,13-08-2020,9.4677
118890,20-08-2020,9.5271
118890,27-08-2020,9.5451
118890,03-09-2020,9.5083
118890,10-09-2020,9.4687
118890,17-09-2020,9.5206
118890,24-09-2020,9.3419
118890,01-10-2020,9.4052
118890,08-10-2020,9.268
118890,15-10-2020,9.1667
118890,22-10-2020,9.1327
118890,29-10-2020,9.2949
118890,05-11-2020,9.4233
118890,12-11-2020,9.4804
118890,19-11-2020,9.5112
118890,26-11-2020,9.3733
118890,03-12-2020,9.3888
118890,10-12-2020,9.3513
118890,17-12-2020,9.2939
118890,24-12-2020,9.3092
118890,31-12-2020,9.2778
118890,07-01-2021,9.346
118890,14-01-2021,9.205
118890,21-01-2021,9.2142
118890,28-01-2021,9.1531
118890,04-02-2021,9.1268
118890,11-02-2021,9.1527
118890,18-02-2021,9.0745
118890,25-02-2021,9.0901
118890,04-03-2021,9.0783
118890,11-03-2021,9.0339
118890,18-03-2021,9.0035
118890,25-03-2021,8.996
118890,01-04-2021,8.9444
118890,08-04-2021,8.9484
118890,15-04-2021,8.9321
118890,22-04-2021,8.892
118890,29-04-2021,9.0086
118890,06-05-2021,9.0422
118890,13-05-2021,9.0181
118890,20-05-2021,9.0322
118890,27-05-2021,8.9617
118890,03-06-2021,8.9339
118890,10-06-2021,8.9146
118890,17-06-2021,8.8293
118890,24-06-2021,8.8602
118890,01-07-2021,8.8279
118890,08-07-2021,8.8063
118890,15-07-2021,8.7698
118890,22-07-2021,8.9809
118890,29-07-2021,8.9368
118890,05-08-2021,8.7925
118890,12-08-2021,8.6835
118890,19-08-2021,8.7397
118890,26-08-2021,8.8367
118890,02-09-2021,8.792
118890,09-09-2021,8.8855
118890,16-09-2021,8.9417
118890,23-09-2021,8.9318
118890,30-09-2021,8.9167
118890,07-10-2021,8.9332
118890,14-10-2021,8.9995
118890,21-10-2021,9.0317
118890,28-10-2021,8.9864
118890,04-11-2021,8.9775
118890,11-11-2021,9.1233
118890,18-11-2021,9.1453
118890,25-11-2021,9.2126
118890,02-12-2021,9.2561
118890,09-12-2021,9.28
118890,16-12-2021,9.2918
118890,23-12-2021,9.3622
118890,30-12-2021,9.4198
118890,06-01-2022,9.4434
118890,13-01-2022,9.3948
118890,20-01-2022,9.4275
118890,27-01-2022,9.4263
118890,03-02-2022,9.4068
118890,10-02-2022,9.6121
118890,17-02-2022,9.4976
118890,24-02-2022,9.5743
118890,03-03-2022,9.512
118890,10-03-2022,9.5258
118890,17-03-2022,9.7254
118890,24-03-2022,9.6544
118890,31-03-2022,9.6023
118890,07-04-2022,9.6048
118890,14-04-2022,9.5436
118890,21-04-2022,9.6149
118890,28-04-2022,9.5776
118890,05-05-2022,9.6315
118890,12-05-2022,9.533
118890,19-05-2022,9.399
118890,26-05-2022,9.3855
118890,02-06-2022,9.2715
118890,09-06-2022,9.3878
118890,16-06-2022,9.2767
118890,23-06-2022,9.2034
118890,30-06-2022,9.2375
118890,07-07-2022,9.1979
118890,14-07-2022,9.0899
118890,21-07-2022,9.2418
118890,28-07-2022,9.1715
118890,04-08-2022,9.1607
118890,11-08-2022,9.1491
118890,18-08-2022,9.2047
118890,25-08-2022,9.2425
118890,01-09-2022,9.185
118890,08-09-2022,9.1648
118890,15-09-2022,9.1518
118890,22-09-2022,9.2103
118890,29-09-2022,9.1279
118890,06-10-2022,9.2789
118890,13-10-2022,9.2263
118890,20-10-2022,9.2293
118890,27-10-2022,9.1473
118890,03-11-2022,9.056
118890,10-11-2022,8.9963
118890,17-11-2022,8.93
118890,24-11-2022,8.904
118890,01-12-2022,8.8378
118890,08-12-2022,8.8905
118890,15-12-2022,8.8384
118890,22-12-2022,8.7787
118890,29-12-2022,8.7547
118890,05-01-2023,8.8277
118890,12-01-2023,8.8464
118890,19-01-2023,8.8429
118890,26-01-2023,8.745
118890,02-02-2023,8.6686
118890,09-02-2023,8.5834
118890,16-02-2023,8.6766
118890,23-02-2023,8.7169
118890,02-03-2023,8.6603
118890,09-03-2023,8.6246
118890,16-03-2023,8.5712
118890,23-03-2023,8.5138
118890,30-03-2023,8.5486
118890,06-04-2023,8.5324
118890,13-04-2023,8.6778
118890,20-04-2023,8.7681
118890,27-04-2023,8.8635
118890,04-05-2023,8.9146
118890,11-05-2023,8.888
118890,18-05-2023,8.9341
118890,25-05-2023,8.9127
118890,01-06-2023,9.0325
118890,08-06-2023,9.0654
118890,15-06-2023,9.088
118890,22-06-2023,9.1009
118890,29-06-2023,9.2312
118890,06-07-2023,9.129
118890,13-07-2023,9.267
118890,20-07-2023,9.2569
118890,27-07-2023,9.1564
118890,03-08-2023,9.105
118890,10-08-2023,8.9884
118890,17-08-2023,9.039
118890,24-08-2023,8.9675
118890,31-08-2023,8.9832
118890,07-09-2023,9.0683
118890,14-09-2023,9.0232
118890,21-09-2023,9.0074
118890,28-09-2023,8.9171
118890,05-10-2023,8.893
118890,12-10-2023,9.0797
118890,19-10-2023,9.1398
118890,26-10-2023,9.1241
118890,02-11-2023,9.0831
118890,09-11-2023,9.0836
118890,16-11-2023,9.0967
118890,23-11-2023,9.0699
118890,30-11-2023,9.112
118890,07-12-2023,9.0461
118890,14-12-2023,8.9804
118890,21-12-2023,9.0106
118890,28-12-2023,8.9299
118890,04-01-2024,8.9856
118890,11-01-2024,8.9881
118890,18-01-2024,8.8603
118890,25-01-2024,8.8716
118890,01-02-2024,8.7555
118890,08-02-2024,8.8076
118890,15-02-2024,8.7936
118890,22-02-2024,8.9274
118890,29-02-2024,9.0074
118890,07-03-2024,8.9346
118890,14-03-2024,8.7937
118890,21-03-2024,8.7441
118890,28-03-2024,8.6622
118890,04-04-2024,8.7922
118890,11-04-2024,8.795
118890,18-04-2024,8.8642
118890,25-04-2024,8.8475
118890,02-05-2024,8.8383
118890,09-05-2024,8.8396
118890,16-05-2024,8.9213
118890,23-05-2024,8.9472
118890,30-05-2024,8.8751
118890,06-06-2024,8.9938
118890,13-06-2024,8.9763
118890,20-06-2024,8.9472
118890,27-06-2024,8.7483
118890,04-07-2024,8.7962
118890,11-07-2024,8.8068
118890,18-07-2024,8.8174
118890,25-07-2024,8.7925
120712,01-01-2015,9.958
120712,08-01-2015,9.9325
120712,15-01-2015,9.9733
120712,22-01-2015,10.0283
120712,29-01-2015,10.0138
120712,05-02-2015,10.0938
120712,12-02-2015,10.0914
120712,19-02-2015,10.0548
120712,26-02-2015,10.0748
120712,05-03-2015,9.9692
120712,12-03-2015,9.9918
120712,19-03-2015,9.8725
120712,26-03-2015,9.7953
120712,02-04-2015,9.641
120712,09-04-2015,9.6314
120712,16-04-2015,9.7592
120712,23-04-2015,9.754
120712,30-04-2015,9.8081
120712,07-05-2015,9.9966
120712,14-05-2015,10.0329
120712,21-05-2015,9.9755
120712,28-05-2015,9.9294
120712,04-06-2015,9.9334
120712,11-06-2015,9.8871
120712,18-06-2015,9.8469
120712,25-06-2015,9.9285
120712,02-07-2015,10.014
120712,09-07-2015,9.886
120712,16-07-2015,9.8253
120712,23-07-2015,9.7927
120712,30-07-2015,9.8436
120712,06-08-2015,9.9375
120712,13-08-2015,10.1563
120712,20-08-2015,10.1226
120712,27-08-2015,10.0929
120712,03-09-2015,10.1445
120712,10-09-2015,10.0932
120712,17-09-2015,10.0858
120712,24-09-2015,10.0564
120712,01-10-2015,9.8495
120712,08-10-2015,9.8632
120712,15-10-2015,9.8527
120712,22-10-2015,9.9568
120712,29-10-2015,9.9613
120712,05-11-2015,9.8653
120712,12-11-2015,9.8488
120712,19-11-2015,9.688
120712,26-11-2015,9.598
120712,03-12-2015,9.6507
120712,10-12-2015,9.6354
120712,17-12-2015,9.7104
120712,24-12-2015,9.5615
120712,31-12-2015,9.5468
120712,07-01-2016,9.5143
120712,14-01-2016,9.5908
120712,21-01-2016,9.6463
120712,28-01-2016,9.6997
120712,04-02-2016,9.8232
120712,11-02-2016,9.7982
120712,18-02-2016,9.9068
120712,25-02-2016,9.828
120712,03-03-2016,9.7469
120712,10-03-2016,9.8095
120712,17-03-2016,9.6954
120712,24-03-2016,9.7437
120712,31-03-2016,9.7555
120712,07-04-2016,9.843
120712,14-04-2016,9.8423
120712,21-04-2016,9.8506
120712,28-04-2016,9.8947
120712,05-05-2016,9.8462
120712,12-05-2016,9.7945
120712,19-05-2016,9.8356
120712,26-05-2016,9.8372
120712,02-06-2016,9.8091
120712,09-06-2016,9.8065
120712,16-06-2016,9.9356
120712,23-06-2016,9.9043
120712,30-06-2016,9.8709
120712,07-07-2016,9.74
120712,14-07-2016,9.7406
120712,21-07-2016,9.7957
120712,28-07-2016,9.8651
120712,04-08-2016,9.8776
120712,11-08-2016,9.9571
120712,18-08-2016,10.0193
120712,25-08-2016,10.1125
120712,01-09-2016,10.1962
120712,08-09-2016,10.3284
120712,15-09-2016,10.3185
120712,22-09-2016,10.213
120712,29-09-2016,10.2714
120712,06-10-2016,10.3396
120712,13-10-2016,10.4736
120712,20-10-2016,10.5852
120712,27-10-2016,10.7541
120712,03-11-2016,10.8118
120712,10-11-2016,10.8359
120712,17-11-2016,10.7202
120712,24-11-2016,10.7509
120712,01-12-2016,10.7076
120712,08-12-2016,10.73
120712,15-12-2016,10.739
120712,22-12-2016,10.7838
120712,29-12-2016,10.7798
120712,05-01-2017,10.8647
120712,12-01-2017,10.6324
120712,19-01-2017,10.6528
120712,26-01-2017,10.7595
120712,02-02-2017,10.9248
120712,09-02-2017,10.9931
120712,16-02-2017,11.1457
120712,23-02-2017,11.1652
120712,02-03-2017,11.1699
120712,09-03-2017,11.2217
120712,16-03-2017,11.2259
120712,23-03-2017,11.1602
120712,30-03-2017,11.1186
120712,06-04-2017,11.0241
120712,13-04-2017,11.0751
120712,20-04-2017,11.0806
120712,27-04-2017,11.0531
120712,04-05-2017,11.0074
120712,11-05-2017,11.0563
120712,18-05-2017,11.1297
120712,25-05-2017,11.0335
120712,01-06-2017,10.9243
120712,08-06-2017,11.0121
120712,15-06-2017,10.8953
120712,22-06-2017,10.9474
120712,29-06-2017,11.0934
120712,06-07-2017,11.2415
120712,13-07-2017,11.3124
120712,20-07-2017,11.381
120712,27-07-2017,11.5906
120712,03-08-2017,11.3788
120712,10-08-2017,11.3411
120712,17-08-2017,11.4226
120712,24-08-2017,11.3964
120712,31-08-2017,11.514
120712,07-09-2017,11.5149
120712,14-09-2017,11.5317
120712,21-09-2017,11.5109
120712,28-09-2017,11.4674
120712,05-10-2017,11.4218
120712,12-10-2017,11.4512
120712,19-10-2017,11.3848
120712,26-10-2017,11.4762
120712,02-11-2017,11.5407
120712,09-11-2017,11.6469
120712,16-11-2017,11.5463
120712,23-11-2017,11.394
120712,30-11-2017,11.3981
120712,07-12-2017,11.667
120712,14-12-2017,11.7899
120712,21-12-2017,11.7423
120712,28-12-2017,11.7869
120712,04-01-2018,11.8602
120712,11-01-2018,11.7351
120712,18-01-2018,11.8684
120712,25-01-2018,11.8572
120712,01-02-2018,11.8534
120712,08-02-2018,11.8604
120712,15-02-2018,11.9737
120712,22-02-2018,11.9062
120712,01-03-2018,11.7483
120712,08-03-2018,11.7834
120712,15-03-2018,11.5955
120712,22-03-2018,11.5722
120712,29-03-2018,11.6867
120712,05-04-2018,11.7455
120712,12-04-2018,11.8481
120712,19-04-2018,11.9117
120712,26-04-2018,12.1461
120712,03-05-2018,12.0938
120712,10-05-2018,12.1372
120712,17-05-2018,12.0995
120712,24-05-2018,12.1969
120712,31-05-2018,12.1958
120712,07-06-2018,12.3684
120712,14-06-2018,12.3208
120712,21-06-2018,12.4644
120712,28-06-2018,12.5286
120712,05-07-2018,12.5303
120712,12-07-2018,12.5897
120712,19-07-2018,12.6211
120712,26-07-2018,12.6621
120712,02-08-2018,12.6462
120712,09-08-2018,12.5802
120712,16-08-2018,12.5516
120712,23-08-2018,12.3876
120712,30-08-2018,12.476
120712,06-09-2018,12.3577
120712,13-09-2018,12.3411
120712,20-09-2018,12.41
120712,27-09-2018,12.4983
120712,04-10-2018,12.3259
120712,11-10-2018,12.3217
120712,18-10-2018,12.372
120712,25-10-2018,12.3821
120712,01-11-2018,12.5202
120712,08-11-2018,12.4429
120712,15-11-2018,12.2439
120712,22-11-2018,12.3282
120712,29-11-2018,12.2801
120712,06-12-2018,12.1123
120712,13-12-2018,12.1018
120712,20-12-2018,12.2257
120712,27-12-2018,12.1071
120712,03-01-2019,12.3382
120712,10-01-2019,12.2604
120712,17-01-2019,12.2738
120712,24-01-2019,12.159
120712,31-01-2019,12.1679
120712,07-02-2019,12.1598
120712,14-02-2019,12.0198
120712,21-02-2019,12.2963
120712,28-02-2019,12.2525
120712,07-03-2019,12.2089
120712,14-03-2019,12.3085
120712,21-03-2019,12.492
120712,28-03-2019,12.6096
120712,04-04-2019,12.4935
120712,11-04-2019,12.5198
120712,18-04-2019,12.3364
120712,25-04-2019,12.4303
120712,02-05-2019,12.2727
120712,09-05-2019,12.1988
120712,16-05-2019,12.2033
120712,23-05-2019,12.2516
120712,30-05-2019,12.231
120712,06-06-2019,12.3845
120712,13-06-2019,12.4611
120712,20-06-2019,12.5304
120712,27-06-2019,12.4121
120712,04-07-2019,12.5859
120712,11-07-2019,12.51
120712,18-07-2019,12.6889
120712,25-07-2019,12.8993
120712,01-08-2019,12.9573
120712,08-08-2019,13.0695
120712,15-08-2019,12.7524
120712,22-08-2019,12.7376
120712,29-08-2019,12.855
120712,05-09-2019,12.9552
120712,12-09-2019,12.834
120712,19-09-2019,12.809
120712,26-09-2019,12.5542
120712,03-10-2019,12.6007
120712,10-10-2019,12.4159
120712,17-10-2019,12.5331
120712,24-10-2019,12.6567
120712,31-10-2019,12.6138
120712,07-11-2019,12.6714
120712,14-11-2019,12.6545
120712,21-11-2019,12.684
120712,28-11-2019,12.5727
120712,05-12-2019,12.6403
120712,12-12-2019,12.4794
120712,19-12-2019,12.3017
120712,26-12-2019,12.2946
120712,02-01-2020,12.2788
120712,09-01-2020,12.3104
120712,16-01-2020,12.2514
120712,23-01-2020,12.4411
120712,30-01-2020,12.4621
120712,06-02-2020,12.4903
120712,13-02-2020,12.515
120712,20-02-2020,12.6204
120712,27-02-2020,12.6836
120712,05-03-2020,12.7335
120712,12-03-2020,12.8136
120712,19-03-2020,12.6317
120712,26-03-2020,12.4562
120712,02-04-2020,12.4536
120712,09-04-2020,12.4389
120712,16-04-2020,12.5015
120712,23-04-2020,12.5085
120712,30-04-2020,12.5718
120712,07-05-2020,12.4515
120712,14-05-2020,12.4554
120712,21-05-2020,12.3268
120712,28-05-2020,12.3699
120712,04-06-2020,12.1889
120712,11-06-2020,12.2278
120712,18-06-2020,12.089
120712,25-06-2020,12.0567
120712,02-07-2020,12.1479
120712,09-07-2020,12.1748
120712,16-07-2020,12.0194
120712,23-07-2020,11.9595
120712,30-07-2020,11.8207
120712,06-08-2020,11.6651
120712,13-08-2020,11.6808
120712,20-08-2020,11.7378
120712,27-08-2020,11.7839
120712,03-09-2020,11.8454
120712,10-09-2020,11.849
120712,17-09-2020,11.8278
120712,24-09-2020,11.731
120712,01-10-2020,11.6944
120712,08-10-2020,11.5755
120712,15-10-2020,11.5019
120712,22-10-2020,11.5146
120712,29-10-2020,11.5084
120712,05-11-2020,11.7952
120712,12-11-2020,11.6729
120712,19-11-2020,11.6659
120712,26-11-2020,11.5377
120712,03-12-2020,11.5065
120712,10-12-2020,11.4791
120712,17-12-2020,11.5613
120712,24-12-2020,11.5244
120712,31-12-2020,11.5113
120712,07-01-2021,11.4763
120712,14-01-2021,11.3523
120712,21-01-2021,11.2976
120712,28-01-2021,11.2676
120712,04-02-2021,11.2787
120712,11-02-2021,11.3337
120712,18-02-2021,11.317
120712,25-02-2021,11.2986
120712,04-03-2021,11.1476
120712,11-03-2021,11.2002
120712,18-03-2021,11.1423
120712,25-03-2021,11.2134
120712,01-04-2021,11.336
120712,08-04-2021,11.3235
120712,15-04-2021,11.2353
120712,22-04-2021,11.2383
120712,29-04-2021,11.2741
120712,06-05-2021,11.2502
120712,13-05-2021,11.2039
120712,20-05-2021,11.2589
120712,27-05-2021,11.3082
120712,03-06-2021,11.2814
120712,10-06-2021,11.1367
120712,17-06-2021,11.1818
120712,24-06-2021,11.1176
120712,01-07-2021,11.1411
120712,08-07-2021,11.1591
120712,15-07-2021,10.9949
120712,22-07-2021,11.0064
120712,29-07-2021,11.0561
120712,05-08-2021,11.1169
120712,12-08-2021,11.1318
120712,19-08-2021,10.9602
120712,26-08-2021,11.0765
120712,02-09-2021,11.1174
120712,09-09-2021,11.0148
120712,16-09-2021,10.9498
120712,23-09-2021,10.9744
120712,30-09-2021,11.0385
120712,07-10-2021,10.9998
120712,14-10-2021,11.0769
120712,21-10-2021,10.9224
120712,28-10-2021,10.8357
120712,04-11-2021,10.6611
120712,11-11-2021,10.5888
120712,18-11-2021,10.7208
120712,25-11-2021,10.9016
120712,02-12-2021,10.9264
120712,09-12-2021,10.875
120712,16-12-2021,10.86
120712,23-12-2021,10.9055
120712,30-12-2021,10.7735
120712,06-01-2022,10.7285
120712,13-01-2022,10.8559
120712,20-01-2022,10.7694
120712,27-01-2022,10.7092
120712,03-02-2022,10.7146
120712,10-02-2022,10.7432
120712,17-02-2022,10.6938
120712,24-02-2022,10.7046
120712,03-03-2022,10.761
120712,10-03-2022,10.9341
120712,17-03-2022,10.9275
120712,24-03-2022,10.9282
120712,31-03-2022,11.0661
120712,07-04-2022,11.0219
120712,14-04-2022,10.9096
120712,21-04-2022,10.9358
120712,28-04-2022,11.0343
120712,05-05-2022,11.0706
120712,12-05-2022,11.0664
120712,19-05-2022,10.9426
120712,26-05-2022,10.9419
120712,02-06-2022,11.0542
120712,09-06-2022,10.9495
120712,16-06-2022,10.9324
120712,23-06-2022,10.9029
120712,30-06-2022,10.8464
120712,07-07-2022,10.8723
120712,14-07-2022,10.9152
120712,21-07-2022,10.9573
120712,28-07-2022,10.8761
120712,04-08-2022,10.7372
120712,11-08-2022,10.7641
120712,18-08-2022,10.7248
120712,25-08-2022,10.8868
120712,01-09-2022,11.0553
120712,08-09-2022,11.2358
120712,15-09-2022,11.1558
120712,22-09-2022,11.2111
120712,29-09-2022,11.2937
120712,06-10-2022,11.3667
120712,13-10-2022,11.339
120712,20-10-2022,11.4596
120712,27-10-2022,11.4642
120712,03-11-2022,11.4806
120712,10-11-2022,11.3439
120712,17-11-2022,11.407
120712,24-11-2022,11.3878
120712,01-12-2022,11.4346
120712,08-12-2022,11.4607
120712,15-12-2022,11.4819
120712,22-12-2022,11.4823
120712,29-12-2022,11.5591
120712,05-01-2023,11.5454
120712,12-01-2023,11.4156
120712,19-01-2023,11.4721
120712,26-01-2023,11.4025
120712,02-02-2023,11.2862
120712,09-02-2023,11.1984
120712,16-02-2023,11.2283
120712,23-02-2023,11.2241
120712,02-03-2023,11.0371
120712,09-03-2023,11.0076
120712,16-03-2023,11.115
120712,23-03-2023,11.0793
120712,30-03-2023,11.0691
120712,06-04-2023,11.1659
120712,13-04-2023,11.2414
120712,20-04-2023,11.3378
120712,27-04-2023,11.0908
120712,04-05-2023,11.2491
120712,11-05-2023,11.3109
120712,18-05-2023,11.5381
120712,25-05-2023,11.4705
120712,01-06-2023,11.3133
120712,08-06-2023,11.3185
120712,15-06-2023,11.2981
120712,22-06-2023,11.3617
120712,29-06-2023,11.4639
120712,06-07-2023,11.4605
120712,13-07-2023,11.443
120712,20-07-2023,11.4954
120712,27-07-2023,11.4765
120712,03-08-2023,11.4498
120712,10-08-2023,11.5494
120712,17-08-2023,11.6704
120712,24-08-2023,11.7763
120712,31-08-2023,11.7652
120712,07-09-2023,11.5685
120712,14-09-2023,11.5594
120712,21-09-2023,11.4939
120712,28-09-2023,11.4866
120712,05-10-2023,11.4295
120712,12-10-2023,11.4322
120712,19-10-2023,11.3417
120712,26-10-2023,11.23
120712,02-11-2023,11.3444
120712,09-11-2023,11.2609
120712,16-11-2023,11.2655
120712,23-11-2023,11.356
120712,30-11-2023,11.4436
120712,07-12-2023,11.5209
120712,14-12-2023,11.5535
120712,21-12-2023,11.625
120712,28-12-2023,11.7573
120712,04-01-2024,11.802
120712,11-01-2024,11.6333
120712,18-01-2024,11.5887
120712,25-01-2024,11.6579
120712,01-02-2024,11.6041
120712,08-02-2024,11.7592
120712,15-02-2024,11.7579
120712,22-02-2024,11.7706
120712,29-02-2024,11.8813
120712,07-03-2024,11.8686
120712,14-03-2024,11.8901
120712,21-03-2024,11.9804
120712,28-03-2024,11.8441
120712,04-04-2024,11.8218
120712,11-04-2024,11.9049
120712,18-04-2024,11.9159
120712,25-04-2024,12.0606
120712,02-05-2024,11.9134
120712,09-05-2024,11.7571
120712,16-05-2024,11.8342
120712,23-05-2024,11.9209
120712,30-05-2024,11.9072
120712,06-06-2024,11.9501
120712,13-06-2024,12.0261
120712,20-06-2024,11.9526
120712,27-06-2024,11.8898
120712,04-07-2024,11.9126
120712,11-07-2024,12.0036
120712,18-07-2024,11.8964
120712,25-07-2024,11.8823
